/*
Navicat MySQL Data Transfer

Source Server         : 1804
Source Server Version : 50630
Source Host           : 100.100.10.91:3306
Source Database       : 1804

Target Server Type    : MYSQL
Target Server Version : 50630
File Encoding         : 65001

Date: 2018-09-19 09:25:13
*/

SET FOREIGN_KEY_CHECKS=0;

-- ----------------------------
-- Table structure for estore_ad
-- ----------------------------
DROP TABLE IF EXISTS `estore_ad`;
CREATE TABLE `estore_ad` (
  `id` bigint(20) NOT NULL AUTO_INCREMENT,
  `link_path` varchar(256) DEFAULT NULL COMMENT '链接跳转路径',
  `create_time` datetime DEFAULT NULL COMMENT '创建时间',
  `last_update_time` timestamp NOT NULL DEFAULT CURRENT_TIMESTAMP ON UPDATE CURRENT_TIMESTAMP COMMENT '最后更新时间',
  PRIMARY KEY (`id`)
) ENGINE=InnoDB AUTO_INCREMENT=14 DEFAULT CHARSET=utf8 COMMENT='广告位表';

-- ----------------------------
-- Records of estore_ad
-- ----------------------------
INSERT INTO `estore_ad` VALUES ('13', null, '2018-08-16 18:20:26', '2018-08-17 16:06:20');

-- ----------------------------
-- Table structure for estore_admin
-- ----------------------------
DROP TABLE IF EXISTS `estore_admin`;
CREATE TABLE `estore_admin` (
  `id` bigint(20) NOT NULL AUTO_INCREMENT,
  `unionid` varchar(64) DEFAULT NULL COMMENT '多平台用户唯一标识',
  `wx_open_id` varchar(64) DEFAULT NULL COMMENT '微信openid',
  `user_id` bigint(20) DEFAULT NULL COMMENT '用户id',
  `nickname` varchar(64) DEFAULT NULL COMMENT '昵称',
  `store_id` bigint(20) DEFAULT '0' COMMENT '商户id(默认0,未绑定商户管理员)',
  `create_time` datetime DEFAULT NULL COMMENT '创建时间',
  `last_update_time` timestamp NOT NULL DEFAULT CURRENT_TIMESTAMP ON UPDATE CURRENT_TIMESTAMP COMMENT '最后更新时间',
  PRIMARY KEY (`id`)
) ENGINE=InnoDB AUTO_INCREMENT=142 DEFAULT CHARSET=utf8 COMMENT='b端管理员表';

-- ----------------------------
-- Records of estore_admin
-- ----------------------------
INSERT INTO `estore_admin` VALUES ('138', null, 'oaFqA4lLHcaHQxSLHU0M5Z0F9Dys', '231', '雨花', '1', '2018-09-03 15:50:45', '2018-09-03 15:51:52');
INSERT INTO `estore_admin` VALUES ('139', null, 'oaFqA4nMAj0M-AVGw7yKoUcNkAYs', '232', '崔小崔', '1', '2018-09-03 17:52:55', '2018-09-03 17:53:52');
INSERT INTO `estore_admin` VALUES ('140', null, 'oaFqA4i0DpP0AQx4yqfxdnU1q_8g', '233', '蒋春明', '1', '2018-09-04 11:27:15', '2018-09-04 11:31:36');
INSERT INTO `estore_admin` VALUES ('141', null, 'oaFqA4nMAj0M-AVGw7yKoUcNkAYs', '236', '崔小崔', '1', '2018-09-18 09:36:23', '2018-09-18 10:59:39');

-- ----------------------------
-- Table structure for estore_card
-- ----------------------------
DROP TABLE IF EXISTS `estore_card`;
CREATE TABLE `estore_card` (
  `id` bigint(20) NOT NULL AUTO_INCREMENT,
  `card_type_id` bigint(20) DEFAULT NULL COMMENT '卡片种类',
  `number` varchar(32) DEFAULT NULL COMMENT '卡号',
  `user_customer_id` bigint(20) DEFAULT NULL COMMENT '用户id',
  `create_time` datetime DEFAULT NULL COMMENT '创建时间',
  `last_update_time` timestamp NOT NULL DEFAULT CURRENT_TIMESTAMP ON UPDATE CURRENT_TIMESTAMP COMMENT '最后更新时间',
  PRIMARY KEY (`id`)
) ENGINE=InnoDB AUTO_INCREMENT=67 DEFAULT CHARSET=utf8 COMMENT='卡片表';

-- ----------------------------
-- Records of estore_card
-- ----------------------------
INSERT INTO `estore_card` VALUES ('1', '1', '11111123', '1', '2018-06-13 18:46:37', '2018-06-25 16:29:35');
INSERT INTO `estore_card` VALUES ('2', '3', '111111', '4', '2018-06-13 18:46:37', '2018-06-25 11:41:54');
INSERT INTO `estore_card` VALUES ('3', '1', '0000', '35', '2018-06-13 18:46:37', '2018-07-03 17:11:17');
INSERT INTO `estore_card` VALUES ('4', '2', '1111111111', '40', '2018-06-13 18:46:37', '2018-06-22 16:06:49');
INSERT INTO `estore_card` VALUES ('30', '3', '152965642635400391', '70', '2018-06-22 16:33:46', '2018-06-22 16:33:44');
INSERT INTO `estore_card` VALUES ('31', '1', '152965901530900551', '71', '2018-06-22 17:16:55', '2018-06-29 16:08:27');
INSERT INTO `estore_card` VALUES ('32', '3', '152965905035100014', '72', '2018-06-22 17:17:30', '2018-06-22 17:17:28');
INSERT INTO `estore_card` VALUES ('33', '3', '152989166795900062', '73', '2018-06-25 09:54:28', '2018-06-25 09:54:24');
INSERT INTO `estore_card` VALUES ('34', '3', '152989240987400721', '74', '2018-06-25 10:06:50', '2018-06-25 10:06:46');
INSERT INTO `estore_card` VALUES ('35', '3', '152989364721300687', '75', '2018-06-25 10:27:27', '2018-06-25 10:27:24');
INSERT INTO `estore_card` VALUES ('36', '3', '152989375460700745', '76', '2018-06-25 10:29:15', '2018-06-25 10:29:11');
INSERT INTO `estore_card` VALUES ('37', '3', '152998389603000883', '77', '2018-06-26 11:31:36', '2018-06-26 11:31:35');
INSERT INTO `estore_card` VALUES ('38', '3', '152999647361800450', '78', '2018-06-26 15:01:14', '2018-06-26 15:01:12');
INSERT INTO `estore_card` VALUES ('39', '3', '153006626779000247', '84', '2018-06-27 10:24:28', '2018-06-27 10:24:26');
INSERT INTO `estore_card` VALUES ('40', '3', '153008056451900456', '85', '2018-06-27 14:22:44', '2018-06-27 14:22:43');
INSERT INTO `estore_card` VALUES ('41', '3', '153009307039000293', '86', '2018-06-27 17:51:10', '2018-06-27 17:51:08');
INSERT INTO `estore_card` VALUES ('42', '3', '153014918194400340', '87', '2018-06-28 09:26:22', '2018-06-28 09:26:20');
INSERT INTO `estore_card` VALUES ('43', '3', '153015153307200569', '88', '2018-06-28 10:05:33', '2018-06-28 10:05:31');
INSERT INTO `estore_card` VALUES ('44', '2', '153017736566700608', '89', '2018-06-28 17:16:06', '2018-07-04 14:15:57');
INSERT INTO `estore_card` VALUES ('45', '3', '153024166515800770', '90', '2018-06-29 11:07:45', '2018-06-29 11:07:47');
INSERT INTO `estore_card` VALUES ('46', '3', '153024285589700587', '91', '2018-06-29 11:27:36', '2018-06-29 11:27:37');
INSERT INTO `estore_card` VALUES ('47', '3', '153024300210400309', '92', '2018-06-29 11:30:02', '2018-06-29 11:30:04');
INSERT INTO `estore_card` VALUES ('48', '1', '153025179633500096', '93', '2018-06-29 13:56:36', '2018-06-29 16:06:52');
INSERT INTO `estore_card` VALUES ('49', '51', '1530252655680006944', '94', '2018-06-29 14:10:56', '2018-07-03 15:13:47');
INSERT INTO `estore_card` VALUES ('50', '3', '153060566683500037', '95', '2018-07-03 16:14:27', '2018-07-03 16:14:26');
INSERT INTO `estore_card` VALUES ('51', '3', '153060573089100985', '96', '2018-07-03 16:15:31', '2018-07-03 16:15:30');
INSERT INTO `estore_card` VALUES ('52', '3', '153060663435900707', '97', '2018-07-03 16:30:34', '2018-07-03 16:30:34');
INSERT INTO `estore_card` VALUES ('53', '51', '153060984824800812', '98', '2018-07-03 17:24:08', '2018-07-03 17:24:08');
INSERT INTO `estore_card` VALUES ('54', '3', '153076897590500573', '99', '2018-07-05 13:36:16', '2018-07-05 13:36:15');
INSERT INTO `estore_card` VALUES ('55', '3', '153076910067200313', '100', '2018-07-05 13:38:21', '2018-07-05 13:38:23');
INSERT INTO `estore_card` VALUES ('56', '3', '153083965824800296', '101', '2018-07-06 09:14:18', '2018-07-06 09:14:17');
INSERT INTO `estore_card` VALUES ('57', '3', '153086205126000712', '102', '2018-07-06 15:27:31', '2018-07-06 15:27:30');
INSERT INTO `estore_card` VALUES ('58', '3', '153086330760500068', '103', '2018-07-06 15:48:28', '2018-07-06 15:48:26');
INSERT INTO `estore_card` VALUES ('59', '3', '153088051634100337', '104', '2018-07-06 20:35:16', '2018-07-06 20:35:14');
INSERT INTO `estore_card` VALUES ('60', '3', '153088142897500033', '105', '2018-07-06 20:50:29', '2018-07-06 20:50:27');
INSERT INTO `estore_card` VALUES ('61', '3', '153088270033800353', '106', '2018-07-06 21:11:40', '2018-07-06 21:11:38');
INSERT INTO `estore_card` VALUES ('62', '3', '153089046283700170', '107', '2018-07-06 23:21:03', '2018-07-06 23:21:01');
INSERT INTO `estore_card` VALUES ('63', '3', '153474865254700621', '108', '2018-08-20 15:04:12', '2018-08-20 15:04:11');
INSERT INTO `estore_card` VALUES ('64', '3', '153604139050400565', '109', '2018-09-04 14:09:50', '2018-09-04 14:09:50');
INSERT INTO `estore_card` VALUES ('65', '3', '153621138969700333', '110', '2018-09-06 13:23:10', '2018-09-06 13:23:08');
INSERT INTO `estore_card` VALUES ('66', '3', '153723655882900248', '111', '2018-09-18 10:09:19', '2018-09-18 10:09:16');

-- ----------------------------
-- Table structure for estore_card_type
-- ----------------------------
DROP TABLE IF EXISTS `estore_card_type`;
CREATE TABLE `estore_card_type` (
  `id` bigint(20) NOT NULL AUTO_INCREMENT,
  `level` int(2) DEFAULT NULL COMMENT '卡片等级',
  `store_id` bigint(20) DEFAULT NULL COMMENT '商户id',
  `name` varchar(255) DEFAULT NULL COMMENT '卡片名称',
  `card_describe` varchar(512) DEFAULT NULL COMMENT '卡片描述',
  `create_time` datetime DEFAULT NULL COMMENT '创建时间',
  `last_update_time` timestamp NOT NULL DEFAULT CURRENT_TIMESTAMP ON UPDATE CURRENT_TIMESTAMP COMMENT '最后更新时间',
  PRIMARY KEY (`id`)
) ENGINE=InnoDB AUTO_INCREMENT=67 DEFAULT CHARSET=utf8 COMMENT='卡片类型表';

-- ----------------------------
-- Records of estore_card_type
-- ----------------------------
INSERT INTO `estore_card_type` VALUES ('1', '3', '1', '金', '1：持卡可以享受会员的尊贵服务，消费时请主动出示此卡；\n2：此卡为储值/积分卡，请妥善保管，若有遗失请及时到本店挂失补办；\n3：此卡一经办理非店方原因，不找零、不提现、不退换；\n4：此卡为实名制会员卡，仅限本人使用不可转借他人。呃呃呃呃呃呃呃呃呃呃呃呃呃呃呃呃呃呃呃1：持卡可以的', '2018-06-12 14:43:01', '2018-06-28 17:57:52');
INSERT INTO `estore_card_type` VALUES ('2', '2', '1', '银', '1', '2018-06-12 14:43:01', '2018-07-04 14:16:48');
INSERT INTO `estore_card_type` VALUES ('3', '1', '1', '铜', '1：持卡可以享受会员的尊贵服务，消费时请主动出示此卡；\n2：此卡为储值/积分卡，请妥善保管，若有遗失请及时到本店挂失补办；\n3：此卡一经办理非店方原因，不找零、不提现、不退换；\n4：此卡为实名制会员卡，仅限本人使用不可转借他人。', '2018-06-12 14:43:01', '2018-06-29 15:52:31');
INSERT INTO `estore_card_type` VALUES ('4', '3', '12', '金', '1：持卡可以享受会员的尊贵服务，消费时请主动出示此卡。@EMAYDESC@2：此卡为储值/积分卡，请妥善保管，若有遗失请及时到本店挂失补办。@EMAYDESC@3：此卡一经办理非店方原因，不找零、不提现、不退换。@EMAYDESC@4：此卡为实名制会员卡，仅限本人使用不可转借他人。@EMAYDESC@5：详细的会员卡使用规则见店内详细的会员制度公告及官网。@EMAYDESC@6：此卡的最终解释权归本店所有。@EMAYDESC@7：本卡有效期请以合约为准，从开卡日期起计算。@EMAYDESC@8：此卡在本公司旗下所有连锁店内可以通用。', '2018-06-12 15:16:58', '2018-06-12 15:16:57');
INSERT INTO `estore_card_type` VALUES ('5', '2', '12', '银', '1：持卡可以享受会员的尊贵服务，消费时请主动出示此卡。@EMAYDESC@2：此卡为储值/积分卡，请妥善保管，若有遗失请及时到本店挂失补办。@EMAYDESC@3：此卡一经办理非店方原因，不找零、不提现、不退换。@EMAYDESC@4：此卡为实名制会员卡，仅限本人使用不可转借他人。@EMAYDESC@5：详细的会员卡使用规则见店内详细的会员制度公告及官网。@EMAYDESC@6：此卡的最终解释权归本店所有。@EMAYDESC@7：本卡有效期请以合约为准，从开卡日期起计算。@EMAYDESC@8：此卡在本公司旗下所有连锁店↵内可以通用。', '2018-06-12 15:16:58', '2018-06-19 11:35:17');
INSERT INTO `estore_card_type` VALUES ('6', '1', '12', '铜', '1：持卡可以享受会员的尊贵服务，消费时请主动出示此卡。@EMAYDESC@2：此卡为储值/积分卡，请妥善保管，若有遗失请及时到本店挂失补办。@EMAYDESC@3：此卡一经办理非店方原因，不找零、不提现、不退换。@EMAYDESC@4：此卡为实名制会员卡，仅限本人使用不可转借他人。@EMAYDESC@5：详细的会员卡使用规则见店内详细的会员制度公告及官网。@EMAYDESC@6：此卡的最终解释权归本店所有。@EMAYDESC@7：本卡有效期请以合约为准，从开卡日期起计算。@EMAYDESC@8：此卡在本公司旗下所有连锁店内可以通用。', '2018-06-12 15:16:58', '2018-06-12 15:16:57');
INSERT INTO `estore_card_type` VALUES ('7', '3', '13', '金', '1：持卡可以享受会员的尊贵服务，消费时请主动出示此卡。@EMAYDESC@2：此卡为储值/积分卡，请妥善保管，若有遗失请及时到本店挂失补办。@EMAYDESC@3：此卡一经办理非店方原因，不找零、不提现、不退换。@EMAYDESC@4：此卡为实名制会员卡，仅限本人使用不可转借他人。@EMAYDESC@5：详细的会员卡使用规则见店内详细的会员制度公告及官网。@EMAYDESC@6：此卡的最终解释权归本店所有。@EMAYDESC@7：本卡有效期请以合约为准，从开卡日期起计算。@EMAYDESC@8：此卡在本公司旗下所有连锁店内可以通用。', '2018-06-12 15:31:16', '2018-06-12 15:31:15');
INSERT INTO `estore_card_type` VALUES ('8', '2', '13', '银', '1：持卡可以享受会员的尊贵服务，消费时请主动出示此卡。@EMAYDESC@2：此卡为储值/积分卡，请妥善保管，若有遗失请及时到本店挂失补办。@EMAYDESC@3：此卡一经办理非店方原因，不找零、不提现、不退换。@EMAYDESC@4：此卡为实名制会员卡，仅限本人使用不可转借他人。@EMAYDESC@5：详细的会员卡使用规则见店内详细的会员制度公告及官网。@EMAYDESC@6：此卡的最终解释权归本店所有。@EMAYDESC@7：本卡有效期请以合约为准，从开卡日期起计算。@EMAYDESC@8：此卡在本公司旗下所有连锁店内可以通用。', '2018-06-12 15:31:16', '2018-06-12 15:31:15');
INSERT INTO `estore_card_type` VALUES ('9', '1', '13', '铜', '1：持卡可以享受会员的尊贵服务，消费时请主动出示此卡。@EMAYDESC@2：此卡为储值/积分卡，请妥善保管，若有遗失请及时到本店挂失补办。@EMAYDESC@3：此卡一经办理非店方原因，不找零、不提现、不退换。@EMAYDESC@4：此卡为实名制会员卡，仅限本人使用不可转借他人。@EMAYDESC@5：详细的会员卡使用规则见店内详细的会员制度公告及官网。@EMAYDESC@6：此卡的最终解释权归本店所有。@EMAYDESC@7：本卡有效期请以合约为准，从开卡日期起计算。@EMAYDESC@8：此卡在本公司旗下所有连锁店内可以通用。', '2018-06-12 15:31:16', '2018-06-12 15:31:15');
INSERT INTO `estore_card_type` VALUES ('10', '3', '14', '金', '1：持卡可以享受会员的尊贵服务，消费时请主动出示此卡。@EMAYDESC@2：此卡为储值/积分卡，请妥善保管，若有遗失请及时到本店挂失补办。@EMAYDESC@3：此卡一经办理非店方原因，不找零、不提现、不退换。@EMAYDESC@4：此卡为实名制会员卡，仅限本人使用不可转借他人。@EMAYDESC@5：详细的会员卡使用规则见店内详细的会员制度公告及官网。@EMAYDESC@6：此卡的最终解释权归本店所有。@EMAYDESC@7：本卡有效期请以合约为准，从开卡日期起计算。@EMAYDESC@8：此卡在本公司旗下所有连锁店内可以通用。', '2018-06-12 15:31:54', '2018-06-12 15:31:53');
INSERT INTO `estore_card_type` VALUES ('11', '2', '14', '银', '1、持卡可以享受会员的尊贵服务，消费时请主动出示此卡。\n2、此卡为储值/积分卡，请妥善保管，若有遗失请及时到本店挂失补办。1222222', '2018-06-12 15:31:54', '2018-06-13 15:23:28');
INSERT INTO `estore_card_type` VALUES ('12', '1', '14', '铜', '1：持卡可以享受会员的尊贵服务，消费时请主动出示此卡。@EMAYDESC@2：此卡为储值/积分卡，请妥善保管，若有遗失请及时到本店挂失补办。@EMAYDESC@3：此卡一经办理非店方原因，不找零、不提现、不退换。@EMAYDESC@4：此卡为实名制会员卡，仅限本人使用不可转借他人。@EMAYDESC@5：详细的会员卡使用规则见店内详细的会员制度公告及官网。@EMAYDESC@6：此卡的最终解释权归本店所有。@EMAYDESC@7：本卡有效期请以合约为准，从开卡日期起计算。@EMAYDESC@8：此卡在本公司旗下所有连锁店内可以通用。', '2018-06-12 15:31:54', '2018-06-12 15:31:53');
INSERT INTO `estore_card_type` VALUES ('13', '3', '15', '金', '1：持卡可以享受会员的尊贵服务，消费时请主动出示此卡。@EMAYDESC@2：此卡为储值/积分卡，请妥善保管，若有遗失请及时到本店挂失补办。@EMAYDESC@3：此卡一经办理非店方原因，不找零、不提现、不退换。@EMAYDESC@4：此卡为实名制会员卡，仅限本人使用不可转借他人。@EMAYDESC@5：详细的会员卡使用规则见店内详细的会员制度公告及官网。@EMAYDESC@6：此卡的最终解释权归本店所有。@EMAYDESC@7：本卡有效期请以合约为准，从开卡日期起计算。@EMAYDESC@8：此卡在本公司旗下所有连锁店内可以通用。', '2018-06-12 15:32:20', '2018-06-12 15:32:18');
INSERT INTO `estore_card_type` VALUES ('14', '2', '15', '银', '1：持卡可以享受会员的尊贵服务，消费时请主动出示此卡。@EMAYDESC@2：此卡为储值/积分卡，请妥善保管，若有遗失请及时到本店挂失补办。@EMAYDESC@3：此卡一经办理非店方原因，不找零、不提现、不退换。@EMAYDESC@4：此卡为实名制会员卡，仅限本人使用不可转借他人。@EMAYDESC@5：详细的会员卡使用规则见店内详细的会员制度公告及官网。@EMAYDESC@6：此卡的最终解释权归本店所有。@EMAYDESC@7：本卡有效期请以合约为准，从开卡日期起计算。@EMAYDESC@8：此卡在本公司旗下所有连锁店内可以通用。', '2018-06-12 15:32:20', '2018-06-12 15:32:18');
INSERT INTO `estore_card_type` VALUES ('15', '1', '15', '铜', '1：持卡可以享受会员的尊贵服务，消费时请主动出示此卡。@EMAYDESC@2：此卡为储值/积分卡，请妥善保管，若有遗失请及时到本店挂失补办。@EMAYDESC@3：此卡一经办理非店方原因，不找零、不提现、不退换。@EMAYDESC@4：此卡为实名制会员卡，仅限本人使用不可转借他人。@EMAYDESC@5：详细的会员卡使用规则见店内详细的会员制度公告及官网。@EMAYDESC@6：此卡的最终解释权归本店所有。@EMAYDESC@7：本卡有效期请以合约为准，从开卡日期起计算。@EMAYDESC@8：此卡在本公司旗下所有连锁店内可以通用。', '2018-06-12 15:32:20', '2018-06-12 15:32:18');
INSERT INTO `estore_card_type` VALUES ('16', '3', '16', '金', '1：持卡可以享受会员的尊贵服务，消费时请主动出示此卡。@EMAYDESC@2：此卡为储值/积分卡，请妥善保管，若有遗失请及时到本店挂失补办。@EMAYDESC@3：此卡一经办理非店方原因，不找零、不提现、不退换。@EMAYDESC@4：此卡为实名制会员卡，仅限本人使用不可转借他人。@EMAYDESC@5：详细的会员卡使用规则见店内详细的会员制度公告及官网。@EMAYDESC@6：此卡的最终解释权归本店所有。@EMAYDESC@7：本卡有效期请以合约为准，从开卡日期起计算。@EMAYDESC@8：此卡在本公司旗下所有连锁店内可以通用。', '2018-06-12 15:35:21', '2018-06-12 15:35:19');
INSERT INTO `estore_card_type` VALUES ('17', '2', '16', '银', '1：持卡可以享受会员的尊贵服务，消费时请主动出示此卡。@EMAYDESC@2：此卡为储值/积分卡，请妥善保管，若有遗失请及时到本店挂失补办。@EMAYDESC@3：此卡一经办理非店方原因，不找零、不提现、不退换。@EMAYDESC@4：此卡为实名制会员卡，仅限本人使用不可转借他人。@EMAYDESC@5：详细的会员卡使用规则见店内详细的会员制度公告及官网。@EMAYDESC@6：此卡的最终解释权归本店所有。@EMAYDESC@7：本卡有效期请以合约为准，从开卡日期起计算。@EMAYDESC@8：此卡在本公司旗下所有连锁店内可以通用。', '2018-06-12 15:35:21', '2018-06-12 15:35:19');
INSERT INTO `estore_card_type` VALUES ('18', '1', '16', '铜', '1：持卡可以享受会员的尊贵服务，消费时请主动出示此卡。@EMAYDESC@2：此卡为储值/积分卡，请妥善保管，若有遗失请及时到本店挂失补办。@EMAYDESC@3：此卡一经办理非店方原因，不找零、不提现、不退换。@EMAYDESC@4：此卡为实名制会员卡，仅限本人使用不可转借他人。@EMAYDESC@5：详细的会员卡使用规则见店内详细的会员制度公告及官网。@EMAYDESC@6：此卡的最终解释权归本店所有。@EMAYDESC@7：本卡有效期请以合约为准，从开卡日期起计算。@EMAYDESC@8：此卡在本公司旗下所有连锁店内可以通用。', '2018-06-12 15:35:21', '2018-06-12 15:35:19');
INSERT INTO `estore_card_type` VALUES ('19', '3', '17', '金', '1、持卡可以享受会员的尊贵服务，消费时请主动出示此卡。\n2、此卡为储值/积分卡，请妥善保管，若有遗失请及时到本店挂失补办。', '2018-06-12 15:37:35', '2018-06-14 12:08:50');
INSERT INTO `estore_card_type` VALUES ('20', '2', '17', '银', '1：持卡可以享受会员的尊贵服务，消费时请主动出示此卡。@EMAYDESC@2：此卡为储值/积分卡，请妥善保管，若有遗失请及时到本店挂失补办。@EMAYDESC@3：此卡一经办理非店方原因，不找零、不提现、不退换。@EMAYDESC@4：此卡为实名制会员卡，仅限本人使用不可转借他人。@EMAYDESC@5：详细的会员卡使用规则见店内详细的会员制度公告及官网。@EMAYDESC@6：此卡的最终解释权归本店所有。@EMAYDESC@7：本卡有效期请以合约为准，从开卡日期起计算。@EMAYDESC@8：此卡在本公司旗下所有连锁店内可以通用。', '2018-06-12 15:37:35', '2018-06-12 15:37:32');
INSERT INTO `estore_card_type` VALUES ('21', '1', '17', '铜', '1：持卡可以享受会员的尊贵服务，消费时请主动出示此卡。@EMAYDESC@2：此卡为储值/积分卡，请妥善保管，若有遗失请及时到本店挂失补办。@EMAYDESC@3：此卡一经办理非店方原因，不找零、不提现、不退换。@EMAYDESC@4：此卡为实名制会员卡，仅限本人使用不可转借他人。@EMAYDESC@5：详细的会员卡使用规则见店内详细的会员制度公告及官网。@EMAYDESC@6：此卡的最终解释权归本店所有。@EMAYDESC@7：本卡有效期请以合约为准，从开卡日期起计算。@EMAYDESC@8：此卡在本公司旗下所有连锁店内可以通用。', '2018-06-12 15:37:35', '2018-06-12 15:37:32');
INSERT INTO `estore_card_type` VALUES ('22', '3', '18', '的顶顶顶', '顶顶顶顶顶顶', '2018-06-13 10:27:27', '2018-06-19 14:58:22');
INSERT INTO `estore_card_type` VALUES ('23', '2', '18', '银方法', '1：持卡可以享受会员的尊贵服务，消费时请主动出示此卡。@EMAYDESC@2：此卡为储值/积分卡，请妥善保管，若有遗失请及时到本店挂失补办。@EMAYDESC@3：此卡一经办理非店方原因，不找零、不提现、不退换。@EMAYDESC@4：此卡为实名制会员卡，仅限本人使用不可转借他人。@EMAYDESC@5：详细的会员卡使用规则见店内详细的会员制度公告及官网。@EMAYDESC@6：此卡的最终解释权归本店所有。@EMAYDESC@7：本卡有效期请以合约为准，从开卡日期起计算。@EMAYDESC@8：此卡在本公司旗下所有连锁店内可以通用。', '2018-06-13 10:27:27', '2018-06-19 14:11:04');
INSERT INTO `estore_card_type` VALUES ('24', '1', '18', '铜淡定', '1：持卡可以享受会员的尊贵服务，消费时请主动出示此卡。@EMAYDESC@2：此卡为储值/积分卡，请妥善保管，若有遗失请及时到本店挂失补办。@EMAYDESC@3：此卡一经办理非店方原因，不找零、不提现、不退换。@EMAYDESC@4：此卡为实名制会员卡，仅限本人使用不可转借他人。@EMAYDESC@5：详细的会员卡使用规则见店内详细的会员制度公告及官网。@EMAYDESC@6：此卡的最终解释权归本店所有。@EMAYDESC@7：本卡有效期请以合约为准，从开卡日期起计算。@EMAYDESC@8：此卡在本公司旗下所有连锁店内可以通用。', '2018-06-13 10:27:27', '2018-06-19 14:58:56');
INSERT INTO `estore_card_type` VALUES ('25', '3', '19', '金', '1：持卡可以享受会员的尊贵服务，消费时请主动出示此卡。@EMAYDESC@2：此卡为储值/积分卡，请妥善保管，若有遗失请及时到本店挂失补办。@EMAYDESC@3：此卡一经办理非店方原因，不找零、不提现、不退换。@EMAYDESC@4：此卡为实名制会员卡，仅限本人使用不可转借他人。@EMAYDESC@5：详细的会员卡使用规则见店内详细的会员制度公告及官网。@EMAYDESC@6：此卡的最终解释权归本店所有。@EMAYDESC@7：本卡有效期请以合约为准，从开卡日期起计算。@EMAYDESC@8：此卡在本公司旗下所有连锁店内可以通用。', '2018-06-13 15:34:54', '2018-06-13 15:34:52');
INSERT INTO `estore_card_type` VALUES ('26', '2', '19', '银', '1：持卡可以享受会员的尊贵服务，消费时请主动出示此卡。@EMAYDESC@2：此卡为储值/积分卡，请妥善保管，若有遗失请及时到本店挂失补办。@EMAYDESC@3：此卡一经办理非店方原因，不找零、不提现、不退换。@EMAYDESC@4：此卡为实名制会员卡，仅限本人使用不可转借他人。@EMAYDESC@5：详细的会员卡使用规则见店内详细的会员制度公告及官网。@EMAYDESC@6：此卡的最终解释权归本店所有。@EMAYDESC@7：本卡有效期请以合约为准，从开卡日期起计算。@EMAYDESC@8：此卡在本公司旗下所有连锁店内可以通用。', '2018-06-13 15:34:54', '2018-06-13 15:34:52');
INSERT INTO `estore_card_type` VALUES ('27', '1', '19', '铜', '1：持卡可以享受会员的尊贵服务，消费时请主动出示此卡。@EMAYDESC@2：此卡为储值/积分卡，请妥善保管，若有遗失请及时到本店挂失补办。@EMAYDESC@3：此卡一经办理非店方原因，不找零、不提现、不退换。@EMAYDESC@4：此卡为实名制会员卡，仅限本人使用不可转借他人。@EMAYDESC@5：详细的会员卡使用规则见店内详细的会员制度公告及官网。@EMAYDESC@6：此卡的最终解释权归本店所有。@EMAYDESC@7：本卡有效期请以合约为准，从开卡日期起计算。@EMAYDESC@8：此卡在本公司旗下所有连锁店内可以通用。', '2018-06-13 15:34:54', '2018-06-13 15:34:52');
INSERT INTO `estore_card_type` VALUES ('28', '3', '20', '金', '1：持卡可以享受会员的尊贵服务，消费时请主动出示此卡。@EMAYDESC@2：此卡为储值/积分卡，请妥善保管，若有遗失请及时到本店挂失补办。@EMAYDESC@3：此卡一经办理非店方原因，不找零、不提现、不退换。@EMAYDESC@4：此卡为实名制会员卡，仅限本人使用不可转借他人。@EMAYDESC@5：详细的会员卡使用规则见店内详细的会员制度公告及官网。@EMAYDESC@6：此卡的最终解释权归本店所有。@EMAYDESC@7：本卡有效期请以合约为准，从开卡日期起计算。@EMAYDESC@8：此卡在本公司旗下所有连锁店内可以通用。', '2018-06-13 15:40:14', '2018-06-13 15:40:12');
INSERT INTO `estore_card_type` VALUES ('29', '2', '20', '银', '1：持卡可以享受会员的尊贵服务，消费时请主动出示此卡。@EMAYDESC@2：此卡为储值/积分卡，请妥善保管，若有遗失请及时到本店挂失补办。@EMAYDESC@3：此卡一经办理非店方原因，不找零、不提现、不退换。@EMAYDESC@4：此卡为实名制会员卡，仅限本人使用不可转借他人。@EMAYDESC@5：详细的会员卡使用规则见店内详细的会员制度公告及官网。@EMAYDESC@6：此卡的最终解释权归本店所有。@EMAYDESC@7：本卡有效期请以合约为准，从开卡日期起计算。@EMAYDESC@8：此卡在本公司旗下所有连锁店内可以通用。', '2018-06-13 15:40:14', '2018-06-13 15:40:12');
INSERT INTO `estore_card_type` VALUES ('30', '1', '20', '铜', '1：持卡可以享受会员的尊贵服务，消费时请主动出示此卡。@EMAYDESC@2：此卡为储值/积分卡，请妥善保管，若有遗失请及时到本店挂失补办。@EMAYDESC@3：此卡一经办理非店方原因，不找零、不提现、不退换。@EMAYDESC@4：此卡为实名制会员卡，仅限本人使用不可转借他人。@EMAYDESC@5：详细的会员卡使用规则见店内详细的会员制度公告及官网。@EMAYDESC@6：此卡的最终解释权归本店所有。@EMAYDESC@7：本卡有效期请以合约为准，从开卡日期起计算。@EMAYDESC@8：此卡在本公司旗下所有连锁店内可以通用。', '2018-06-13 15:40:14', '2018-06-13 15:40:12');
INSERT INTO `estore_card_type` VALUES ('31', '3', '21', '金', '1：持卡可以享受会员的尊贵服务，消费时请主动出示此卡。@EMAYDESC@2：此卡为储值/积分卡，请妥善保管，若有遗失请及时到本店挂失补办。@EMAYDESC@3：此卡一经办理非店方原因，不找零、不提现、不退换。@EMAYDESC@4：此卡为实名制会员卡，仅限本人使用不可转借他人。@EMAYDESC@5：详细的会员卡使用规则见店内详细的会员制度公告及官网。@EMAYDESC@6：此卡的最终解释权归本店所有。@EMAYDESC@7：本卡有效期请以合约为准，从开卡日期起计算。@EMAYDESC@8：此卡在本公司旗下所有连锁店内可以通用。', '2018-06-20 16:20:27', '2018-06-20 16:20:26');
INSERT INTO `estore_card_type` VALUES ('32', '2', '21', '银', '1：持卡可以享受会员的尊贵服务，消费时请主动出示此卡。@EMAYDESC@2：此卡为储值/积分卡，请妥善保管，若有遗失请及时到本店挂失补办。@EMAYDESC@3：此卡一经办理非店方原因，不找零、不提现、不退换。@EMAYDESC@4：此卡为实名制会员卡，仅限本人使用不可转借他人。@EMAYDESC@5：详细的会员卡使用规则见店内详细的会员制度公告及官网。@EMAYDESC@6：此卡的最终解释权归本店所有。@EMAYDESC@7：本卡有效期请以合约为准，从开卡日期起计算。@EMAYDESC@8：此卡在本公司旗下所有连锁店内可以通用。', '2018-06-20 16:20:27', '2018-06-20 16:20:26');
INSERT INTO `estore_card_type` VALUES ('33', '1', '21', '铜', '1：持卡可以享受会员的尊贵服务，消费时请主动出示此卡。@EMAYDESC@2：此卡为储值/积分卡，请妥善保管，若有遗失请及时到本店挂失补办。@EMAYDESC@3：此卡一经办理非店方原因，不找零、不提现、不退换。@EMAYDESC@4：此卡为实名制会员卡，仅限本人使用不可转借他人。@EMAYDESC@5：详细的会员卡使用规则见店内详细的会员制度公告及官网。@EMAYDESC@6：此卡的最终解释权归本店所有。@EMAYDESC@7：本卡有效期请以合约为准，从开卡日期起计算。@EMAYDESC@8：此卡在本公司旗下所有连锁店内可以通用。', '2018-06-20 16:20:27', '2018-06-20 16:20:26');
INSERT INTO `estore_card_type` VALUES ('34', '3', '22', '金', '1：持卡可以享受会员的尊贵服务，消费时请主动出示此卡。@EMAYDESC@2：此卡为储值/积分卡，请妥善保管，若有遗失请及时到本店挂失补办。@EMAYDESC@3：此卡一经办理非店方原因，不找零、不提现、不退换。@EMAYDESC@4：此卡为实名制会员卡，仅限本人使用不可转借他人。@EMAYDESC@5：详细的会员卡使用规则见店内详细的会员制度公告及官网。@EMAYDESC@6：此卡的最终解释权归本店所有。@EMAYDESC@7：本卡有效期请以合约为准，从开卡日期起计算。@EMAYDESC@8：此卡在本公司旗下所有连锁店内可以通用。', '2018-06-20 16:40:57', '2018-06-20 16:40:55');
INSERT INTO `estore_card_type` VALUES ('35', '2', '22', '银', '1：持卡可以享受会员的尊贵服务，消费时请主动出示此卡。@EMAYDESC@2：此卡为储值/积分卡，请妥善保管，若有遗失请及时到本店挂失补办。@EMAYDESC@3：此卡一经办理非店方原因，不找零、不提现、不退换。@EMAYDESC@4：此卡为实名制会员卡，仅限本人使用不可转借他人。@EMAYDESC@5：详细的会员卡使用规则见店内详细的会员制度公告及官网。@EMAYDESC@6：此卡的最终解释权归本店所有。@EMAYDESC@7：本卡有效期请以合约为准，从开卡日期起计算。@EMAYDESC@8：此卡在本公司旗下所有连锁店内可以通用。', '2018-06-20 16:40:57', '2018-06-20 16:40:55');
INSERT INTO `estore_card_type` VALUES ('36', '1', '22', '铜', '1：持卡可以享受会员的尊贵服务，消费时请主动出示此卡。@EMAYDESC@2：此卡为储值/积分卡，请妥善保管，若有遗失请及时到本店挂失补办。@EMAYDESC@3：此卡一经办理非店方原因，不找零、不提现、不退换。@EMAYDESC@4：此卡为实名制会员卡，仅限本人使用不可转借他人。@EMAYDESC@5：详细的会员卡使用规则见店内详细的会员制度公告及官网。@EMAYDESC@6：此卡的最终解释权归本店所有。@EMAYDESC@7：本卡有效期请以合约为准，从开卡日期起计算。@EMAYDESC@8：此卡在本公司旗下所有连锁店内可以通用。', '2018-06-20 16:40:57', '2018-06-20 16:40:55');
INSERT INTO `estore_card_type` VALUES ('37', '3', '23', '金', '1：持卡可以享受会员的尊贵服务，消费时请主动出示此卡。@EMAYDESC@2：此卡为储值/积分卡，请妥善保管，若有遗失请及时到本店挂失补办。@EMAYDESC@3：此卡一经办理非店方原因，不找零、不提现、不退换。@EMAYDESC@4：此卡为实名制会员卡，仅限本人使用不可转借他人。@EMAYDESC@5：详细的会员卡使用规则见店内详细的会员制度公告及官网。@EMAYDESC@6：此卡的最终解释权归本店所有。@EMAYDESC@7：本卡有效期请以合约为准，从开卡日期起计算。@EMAYDESC@8：此卡在本公司旗下所有连锁店内可以通用。', '2018-06-20 16:42:05', '2018-06-20 16:42:03');
INSERT INTO `estore_card_type` VALUES ('38', '2', '23', '银', '1：持卡可以享受会员的尊贵服务，消费时请主动出示此卡。@EMAYDESC@2：此卡为储值/积分卡，请妥善保管，若有遗失请及时到本店挂失补办。@EMAYDESC@3：此卡一经办理非店方原因，不找零、不提现、不退换。@EMAYDESC@4：此卡为实名制会员卡，仅限本人使用不可转借他人。@EMAYDESC@5：详细的会员卡使用规则见店内详细的会员制度公告及官网。@EMAYDESC@6：此卡的最终解释权归本店所有。@EMAYDESC@7：本卡有效期请以合约为准，从开卡日期起计算。@EMAYDESC@8：此卡在本公司旗下所有连锁店内可以通用。', '2018-06-20 16:42:05', '2018-06-20 16:42:03');
INSERT INTO `estore_card_type` VALUES ('39', '1', '23', '铜', '1：持卡可以享受会员的尊贵服务，消费时请主动出示此卡。@EMAYDESC@2：此卡为储值/积分卡，请妥善保管，若有遗失请及时到本店挂失补办。@EMAYDESC@3：此卡一经办理非店方原因，不找零、不提现、不退换。@EMAYDESC@4：此卡为实名制会员卡，仅限本人使用不可转借他人。@EMAYDESC@5：详细的会员卡使用规则见店内详细的会员制度公告及官网。@EMAYDESC@6：此卡的最终解释权归本店所有。@EMAYDESC@7：本卡有效期请以合约为准，从开卡日期起计算。@EMAYDESC@8：此卡在本公司旗下所有连锁店内可以通用。', '2018-06-20 16:42:05', '2018-06-20 16:42:03');
INSERT INTO `estore_card_type` VALUES ('40', '3', '24', '金', '1：持卡可以享受会员的尊贵服务，消费时请主动出示此卡；\n2：此卡为储值/积分卡，请妥善保管，若有遗失请及时到本店挂失补办；\n3：此卡一经办理非店方原因，不找零、不提现、不退换；\n4：此卡为实名制会员卡，仅限本人使用不可转借他人。', '2018-06-22 17:04:42', '2018-06-22 17:04:41');
INSERT INTO `estore_card_type` VALUES ('41', '2', '24', '银', '1：持卡可以享受会员的尊贵服务，消费时请主动出示此卡；\n2：此卡为储值/积分卡，请妥善保管，若有遗失请及时到本店挂失补办；\n3：此卡一经办理非店方原因，不找零、不提现、不退换；\n4：此卡为实名制会员卡，仅限本人使用不可转借他人。', '2018-06-22 17:04:42', '2018-06-22 17:04:41');
INSERT INTO `estore_card_type` VALUES ('42', '1', '24', '铜', '1：持卡可以享受会员的尊贵服务，消费时请主动出示此卡；\n2：此卡为储值/积分卡，请妥善保管，若有遗失请及时到本店挂失补办；\n3：此卡一经办理非店方原因，不找零、不提现、不退换；\n4：此卡为实名制会员卡，仅限本人使用不可转借他人。', '2018-06-22 17:04:42', '2018-06-22 17:04:41');
INSERT INTO `estore_card_type` VALUES ('43', '3', '25', '金', '1：持卡可以享受会员的尊贵服务，消费时请主动出示此卡；\n2：此卡为储值/积分卡，请妥善保管，若有遗失请及时到本店挂失补办；\n3：此卡一经办理非店方原因，不找零、不提现、不退换；\n4：此卡为实名制会员卡，仅限本人使用不可转借他人。', '2018-06-22 17:05:22', '2018-06-22 17:05:22');
INSERT INTO `estore_card_type` VALUES ('44', '2', '25', '银', '1：持卡可以享受会员的尊贵服务，消费时请主动出示此卡；\n2：此卡为储值/积分卡，请妥善保管，若有遗失请及时到本店挂失补办；\n3：此卡一经办理非店方原因，不找零、不提现、不退换；\n4：此卡为实名制会员卡，仅限本人使用不可转借他人。', '2018-06-22 17:05:22', '2018-06-22 17:05:22');
INSERT INTO `estore_card_type` VALUES ('45', '1', '25', '铜', '1：持卡可以享受会员的尊贵服务，消费时请主动出示此卡；\n2：此卡为储值/积分卡，请妥善保管，若有遗失请及时到本店挂失补办；\n3：此卡一经办理非店方原因，不找零、不提现、不退换；\n4：此卡为实名制会员卡，仅限本人使用不可转借他人。', '2018-06-22 17:05:22', '2018-06-22 17:05:22');
INSERT INTO `estore_card_type` VALUES ('46', '3', '26', '金', '1：持卡可以享受会员的尊贵服务，消费时请主动出示此卡；\n2：此卡为储值/积分卡，请妥善保管，若有遗失请及时到本店挂失补办；\n3：此卡一经办理非店方原因，不找零、不提现、不退换；\n4：此卡为实名制会员卡，仅限本人使用不可转借他人。', '2018-06-26 15:40:54', '2018-06-26 15:40:53');
INSERT INTO `estore_card_type` VALUES ('47', '2', '26', '银', '1：持卡可以享受会员的尊贵服务，消费时请主动出示此卡；\n2：此卡为储值/积分卡，请妥善保管，若有遗失请及时到本店挂失补办；\n3：此卡一经办理非店方原因，不找零、不提现、不退换；\n4：此卡为实名制会员卡，仅限本人使用不可转借他人。', '2018-06-26 15:40:54', '2018-06-26 15:40:53');
INSERT INTO `estore_card_type` VALUES ('48', '1', '26', '铜', '1：持卡可以享受会员的尊贵服务，消费时请主动出示此卡；\n2：此卡为储值/积分卡，请妥善保管，若有遗失请及时到本店挂失补办；\n3：此卡一经办理非店方原因，不找零、不提现、不退换；\n4：此卡为实名制会员卡，仅限本人使用不可转借他人。', '2018-06-26 15:40:54', '2018-06-26 15:40:53');
INSERT INTO `estore_card_type` VALUES ('49', '3', '27', '铜', '1：持卡可以享受会员的尊贵服务，消费时请主动出示此卡；\n2：此卡为储值/积分卡，请妥善保管，若有遗失请及时到本店挂失补办；\n3：此卡一经办理非店方原因，不找零、不提现、不退换；\n4：此卡为实名制会员卡，仅限本人使用不可转借他人。', '2018-06-27 09:51:31', '2018-06-29 17:16:53');
INSERT INTO `estore_card_type` VALUES ('50', '2', '27', '铜', '1：持卡可以享受会员的尊贵服务，消费时请主动出示此卡；\n2：此卡为储值/积分卡，请妥善保管，若有遗失请及时到本店挂失补办；\n3：此卡一经办理非店方原因，不找零、不提现、不退换；\n4：此卡为实名制会员卡，仅限本人使用不可转借他人。', '2018-06-27 09:51:31', '2018-06-29 17:16:43');
INSERT INTO `estore_card_type` VALUES ('51', '1', '27', '铜', '1：持卡可以享受会员的尊贵服务，消费时请主动出示此卡；\n2：此卡为储值/积分卡，请妥善保管，若有遗失请及时到本店挂失补办；\n3：此卡一经办理非店方原因，不找零、不提现、不退换；\n4：此卡为实名制会员卡，仅限本人使用不可转借他人。', '2018-06-27 09:51:31', '2018-06-27 09:51:33');
INSERT INTO `estore_card_type` VALUES ('52', '3', '28', '金', '1：持卡可以享受会员的尊贵服务，消费时请主动出示此卡；\n2：此卡为储值/积分卡，请妥善保管，若有遗失请及时到本店挂失补办；\n3：此卡一经办理非店方原因，不找零、不提现、不退换；\n4：此卡为实名制会员卡，仅限本人使用不可转借他人。', '2018-07-02 10:09:14', '2018-07-02 10:09:11');
INSERT INTO `estore_card_type` VALUES ('53', '2', '28', '银', '1：持卡可以享受会员的尊贵服务，消费时请主动出示此卡；\n2：此卡为储值/积分卡，请妥善保管，若有遗失请及时到本店挂失补办；\n3：此卡一经办理非店方原因，不找零、不提现、不退换；\n4：此卡为实名制会员卡，仅限本人使用不可转借他人。', '2018-07-02 10:09:14', '2018-07-02 10:09:11');
INSERT INTO `estore_card_type` VALUES ('54', '1', '28', '铜', '1：持卡可以享受会员的尊贵服务，消费时请主动出示此卡；\n2：此卡为储值/积分卡，请妥善保管，若有遗失请及时到本店挂失补办；\n3：此卡一经办理非店方原因，不找零、不提现、不退换；\n4：此卡为实名制会员卡，仅限本人使用不可转借他人。', '2018-07-02 10:09:14', '2018-07-02 10:09:11');
INSERT INTO `estore_card_type` VALUES ('55', '3', '29', '金', '1：持卡可以享受会员的尊贵服务，消费时请主动出示此卡；\n2：此卡为储值/积分卡，请妥善保管，若有遗失请及时到本店挂失补办；\n3：此卡一经办理非店方原因，不找零、不提现、不退换；\n4：此卡为实名制会员卡，仅限本人使用不可转借他人。', '2018-07-02 10:10:55', '2018-07-02 10:10:52');
INSERT INTO `estore_card_type` VALUES ('56', '2', '29', '银', '1：持卡可以享受会员的尊贵服务，消费时请主动出示此卡；\n2：此卡为储值/积分卡，请妥善保管，若有遗失请及时到本店挂失补办；\n3：此卡一经办理非店方原因，不找零、不提现、不退换；\n4：此卡为实名制会员卡，仅限本人使用不可转借他人。', '2018-07-02 10:10:55', '2018-07-02 10:10:52');
INSERT INTO `estore_card_type` VALUES ('57', '1', '29', '铜', '1：持卡可以享受会员的尊贵服务，消费时请主动出示此卡；\n2：此卡为储值/积分卡，请妥善保管，若有遗失请及时到本店挂失补办；\n3：此卡一经办理非店方原因，不找零、不提现、不退换；\n4：此卡为实名制会员卡，仅限本人使用不可转借他人。', '2018-07-02 10:10:55', '2018-07-02 10:10:52');
INSERT INTO `estore_card_type` VALUES ('58', '3', '30', '金', '1：持卡可以享受会员的尊贵服务，消费时请主动出示此卡；\n2：此卡为储值/积分卡，请妥善保管，若有遗失请及时到本店挂失补办；\n3：此卡一经办理非店方原因，不找零、不提现、不退换；\n4：此卡为实名制会员卡，仅限本人使用不可转借他人。', '2018-07-02 16:16:32', '2018-07-02 16:16:31');
INSERT INTO `estore_card_type` VALUES ('59', '2', '30', '银', '1：持卡可以享受会员的尊贵服务，消费时请主动出示此卡；\n2：此卡为储值/积分卡，请妥善保管，若有遗失请及时到本店挂失补办；\n3：此卡一经办理非店方原因，不找零、不提现、不退换；\n4：此卡为实名制会员卡，仅限本人使用不可转借他人。', '2018-07-02 16:16:32', '2018-07-02 16:16:31');
INSERT INTO `estore_card_type` VALUES ('60', '1', '30', '铜', '1：持卡可以享受会员的尊贵服务，消费时请主动出示此卡；\n2：此卡为储值/积分卡，请妥善保管，若有遗失请及时到本店挂失补办；\n3：此卡一经办理非店方原因，不找零、不提现、不退换；\n4：此卡为实名制会员卡，仅限本人使用不可转借他人。', '2018-07-02 16:16:32', '2018-07-02 16:16:31');
INSERT INTO `estore_card_type` VALUES ('61', '3', '31', '金', '1：持卡可以享受会员的尊贵服务，消费时请主动出示此卡；\n2：此卡为储值/积分卡，请妥善保管，若有遗失请及时到本店挂失补办；\n3：此卡一经办理非店方原因，不找零、不提现、不退换；\n4：此卡为实名制会员卡，仅限本人使用不可转借他人。', '2018-09-17 15:49:38', '2018-09-17 15:49:36');
INSERT INTO `estore_card_type` VALUES ('62', '2', '31', '银', '1：持卡可以享受会员的尊贵服务，消费时请主动出示此卡；\n2：此卡为储值/积分卡，请妥善保管，若有遗失请及时到本店挂失补办；\n3：此卡一经办理非店方原因，不找零、不提现、不退换；\n4：此卡为实名制会员卡，仅限本人使用不可转借他人。', '2018-09-17 15:49:38', '2018-09-17 15:49:36');
INSERT INTO `estore_card_type` VALUES ('63', '1', '31', '铜', '1：持卡可以享受会员的尊贵服务，消费时请主动出示此卡；\n2：此卡为储值/积分卡，请妥善保管，若有遗失请及时到本店挂失补办；\n3：此卡一经办理非店方原因，不找零、不提现、不退换；\n4：此卡为实名制会员卡，仅限本人使用不可转借他人。', '2018-09-17 15:49:38', '2018-09-17 15:49:36');
INSERT INTO `estore_card_type` VALUES ('64', '3', '32', '金', '1：持卡可以享受会员的尊贵服务，消费时请主动出示此卡；\n2：此卡为储值/积分卡，请妥善保管，若有遗失请及时到本店挂失补办；\n3：此卡一经办理非店方原因，不找零、不提现、不退换；\n4：此卡为实名制会员卡，仅限本人使用不可转借他人。', '2018-09-17 15:57:13', '2018-09-17 15:57:11');
INSERT INTO `estore_card_type` VALUES ('65', '2', '32', '银', '1：持卡可以享受会员的尊贵服务，消费时请主动出示此卡；\n2：此卡为储值/积分卡，请妥善保管，若有遗失请及时到本店挂失补办；\n3：此卡一经办理非店方原因，不找零、不提现、不退换；\n4：此卡为实名制会员卡，仅限本人使用不可转借他人。', '2018-09-17 15:57:13', '2018-09-17 15:57:11');
INSERT INTO `estore_card_type` VALUES ('66', '1', '32', '铜', '1：持卡可以享受会员的尊贵服务，消费时请主动出示此卡；\n2：此卡为储值/积分卡，请妥善保管，若有遗失请及时到本店挂失补办；\n3：此卡一经办理非店方原因，不找零、不提现、不退换；\n4：此卡为实名制会员卡，仅限本人使用不可转借他人。', '2018-09-17 15:57:13', '2018-09-17 15:57:11');

-- ----------------------------
-- Table structure for estore_customer
-- ----------------------------
DROP TABLE IF EXISTS `estore_customer`;
CREATE TABLE `estore_customer` (
  `id` bigint(20) NOT NULL AUTO_INCREMENT,
  `unionid` varchar(64) DEFAULT NULL COMMENT '多平台用户唯一标识',
  `wx_open_id` varchar(64) DEFAULT NULL COMMENT '微信openid',
  `user_id` bigint(20) DEFAULT NULL COMMENT '用户id',
  `nickname` varchar(64) DEFAULT NULL COMMENT '昵称',
  `store_id` bigint(20) DEFAULT NULL COMMENT '商户id',
  `balance` decimal(13,2) DEFAULT '0.00' COMMENT '余额',
  `score` decimal(13,0) DEFAULT '0' COMMENT '积分',
  `create_time` datetime DEFAULT NULL COMMENT '创建时间',
  `last_update_time` timestamp NOT NULL DEFAULT CURRENT_TIMESTAMP ON UPDATE CURRENT_TIMESTAMP COMMENT '最后更新时间',
  PRIMARY KEY (`id`)
) ENGINE=InnoDB AUTO_INCREMENT=112 DEFAULT CHARSET=utf8 COMMENT='c端用户表';

-- ----------------------------
-- Records of estore_customer
-- ----------------------------
INSERT INTO `estore_customer` VALUES ('109', null, 'ovGz64tQAaUQYxTH2vjyg5MhxgXA', '233', '蒋春明', '1', '0.00', '0', '2018-09-04 14:09:50', '2018-09-04 14:10:09');
INSERT INTO `estore_customer` VALUES ('110', null, 'ovGz64rZP6izuu2jWD3WH9RJcqIY', '235', '雨花', '1', '0.00', '0', '2018-09-06 13:23:10', '2018-09-06 13:23:08');
INSERT INTO `estore_customer` VALUES ('111', null, 'ovGz64qRNl9tTDlsr-6b4y4SZO4g', '237', '崔小崔', '1', '0.00', '0', '2018-09-18 10:09:19', '2018-09-18 10:09:16');

-- ----------------------------
-- Table structure for estore_customer_balance_record
-- ----------------------------
DROP TABLE IF EXISTS `estore_customer_balance_record`;
CREATE TABLE `estore_customer_balance_record` (
  `id` bigint(20) NOT NULL AUTO_INCREMENT,
  `type` int(2) DEFAULT NULL COMMENT '变更类型',
  `before_balance` decimal(13,2) DEFAULT NULL COMMENT '变更前余额',
  `after_balance` decimal(13,2) DEFAULT NULL COMMENT '变更后余额',
  `change_balance` decimal(13,2) DEFAULT NULL COMMENT '变更余额',
  `operator_admin_id` bigint(11) DEFAULT NULL COMMENT '操作人b端Id',
  `user_customer_id` bigint(11) DEFAULT NULL COMMENT '客户c端Id',
  `store_id` bigint(11) DEFAULT NULL COMMENT '商户Id',
  `create_time` datetime DEFAULT NULL COMMENT '创建时间',
  `last_update_time` timestamp NOT NULL DEFAULT CURRENT_TIMESTAMP ON UPDATE CURRENT_TIMESTAMP COMMENT '最后更新时间',
  PRIMARY KEY (`id`)
) ENGINE=InnoDB AUTO_INCREMENT=98 DEFAULT CHARSET=utf8 COMMENT='客户账户流水表';

-- ----------------------------
-- Records of estore_customer_balance_record
-- ----------------------------
INSERT INTO `estore_customer_balance_record` VALUES ('1', '2', '1.67', '250.00', '150.00', '20', '1', '1', '2018-06-14 14:56:59', '2018-06-21 15:36:54');
INSERT INTO `estore_customer_balance_record` VALUES ('2', '2', '2.67', '400.00', '150.00', '20', '1', '1', '2018-06-14 14:58:01', '2018-06-21 15:36:56');
INSERT INTO `estore_customer_balance_record` VALUES ('3', '2', '2.33', '700.00', '300.00', '20', '1', '1', '2018-06-14 14:58:31', '2018-06-21 15:36:58');
INSERT INTO `estore_customer_balance_record` VALUES ('4', '2', '3.33', '1000.00', '300.00', '20', '1', '1', '2018-06-14 14:58:43', '2018-06-21 15:37:00');
INSERT INTO `estore_customer_balance_record` VALUES ('5', '2', '4.33', '1300.00', '300.00', '20', '1', '1', '2018-06-14 14:59:50', '2018-06-21 15:37:02');
INSERT INTO `estore_customer_balance_record` VALUES ('6', '1', '-5.50', '1100.00', '200.00', '20', '1', '1', '2018-06-14 15:14:36', '2018-06-25 09:33:44');
INSERT INTO `estore_customer_balance_record` VALUES ('7', '2', '23.00', '1150.00', '50.00', '20', '1', '1', '2018-06-14 15:15:19', '2018-06-21 15:37:09');
INSERT INTO `estore_customer_balance_record` VALUES ('8', '2', '24.00', '1200.00', '50.00', '20', '2', '1', '2018-06-14 15:15:48', '2018-06-20 09:30:16');
INSERT INTO `estore_customer_balance_record` VALUES ('9', '2', '13.00', '1300.00', '100.00', '20', '2', '1', '2018-06-14 15:17:04', '2018-06-20 09:30:16');
INSERT INTO `estore_customer_balance_record` VALUES ('10', '2', '7.50', '1500.00', '200.00', '20', '2', '1', '2018-06-14 15:17:07', '2018-06-20 09:30:17');
INSERT INTO `estore_customer_balance_record` VALUES ('11', '2', '16.00', '1600.00', '100.00', '20', '2', '1', '2018-06-14 15:17:11', '2018-06-20 09:30:18');
INSERT INTO `estore_customer_balance_record` VALUES ('12', '2', '33.00', '1650.00', '50.00', '20', '2', '1', '2018-06-14 15:17:53', '2018-06-20 09:30:19');
INSERT INTO `estore_customer_balance_record` VALUES ('13', '2', '34.00', '1700.00', '50.00', '20', '2', '1', '2018-06-14 15:18:55', '2018-06-20 09:30:19');
INSERT INTO `estore_customer_balance_record` VALUES ('14', '2', '35.00', '1750.00', '50.00', '20', '2', '1', '2018-06-14 15:20:00', '2018-06-20 09:30:20');
INSERT INTO `estore_customer_balance_record` VALUES ('15', '2', '36.00', '1800.00', '50.00', '20', '2', '1', '2018-06-14 15:20:30', '2018-06-20 09:30:21');
INSERT INTO `estore_customer_balance_record` VALUES ('16', '2', '37.00', '1850.00', '50.00', '20', '2', '1', '2018-06-14 15:20:33', '2018-06-20 09:30:22');
INSERT INTO `estore_customer_balance_record` VALUES ('17', '2', '38.00', '1900.00', '50.00', '20', '2', '1', '2018-06-14 15:20:35', '2018-06-20 09:30:23');
INSERT INTO `estore_customer_balance_record` VALUES ('18', '2', '39.00', '1950.00', '50.00', '20', '2', '18', '2018-06-14 15:21:26', '2018-06-14 15:21:23');
INSERT INTO `estore_customer_balance_record` VALUES ('19', '1', '-38.00', '1900.00', '50.00', '20', '2', '18', '2018-06-14 15:21:28', '2018-06-25 09:33:44');
INSERT INTO `estore_customer_balance_record` VALUES ('20', '2', '39.00', '1950.00', '50.00', '20', '2', '18', '2018-06-14 15:36:38', '2018-06-14 15:36:35');
INSERT INTO `estore_customer_balance_record` VALUES ('21', '1', '-38.00', '1900.00', '50.00', '20', '2', '18', '2018-06-14 15:36:41', '2018-06-25 09:33:44');
INSERT INTO `estore_customer_balance_record` VALUES ('22', '1', '-37.00', '1850.00', '50.00', '20', '2', '18', '2018-06-14 15:39:02', '2018-06-25 09:33:44');
INSERT INTO `estore_customer_balance_record` VALUES ('23', '2', '1850.00', '1850.00', '0.00', '20', '2', '18', '2018-06-14 16:16:30', '2018-06-14 16:16:27');
INSERT INTO `estore_customer_balance_record` VALUES ('24', '2', '1850.00', '1850.00', '0.00', '20', '2', '18', '2018-06-14 16:16:40', '2018-06-14 16:16:37');
INSERT INTO `estore_customer_balance_record` VALUES ('25', '2', '1850.00', '1850.00', '0.00', '20', '2', '18', '2018-06-14 16:16:42', '2018-06-14 16:16:39');
INSERT INTO `estore_customer_balance_record` VALUES ('26', '2', '1850.00', '1850.00', '0.00', '20', '2', '18', '2018-06-14 16:16:44', '2018-06-14 16:16:41');
INSERT INTO `estore_customer_balance_record` VALUES ('27', '2', '1850.00', '1850.00', '0.00', '20', '2', '18', '2018-06-14 16:16:46', '2018-06-14 16:16:43');
INSERT INTO `estore_customer_balance_record` VALUES ('28', '2', '1850.00', '1850.00', '0.00', '20', '2', '18', '2018-06-14 16:16:48', '2018-06-14 16:16:44');
INSERT INTO `estore_customer_balance_record` VALUES ('29', '2', '1850.00', '1850.00', '0.00', '20', '2', '18', '2018-06-14 16:16:50', '2018-06-14 16:16:47');
INSERT INTO `estore_customer_balance_record` VALUES ('30', '2', '1850.00', '1850.00', '0.00', '20', '2', '18', '2018-06-14 16:16:56', '2018-06-14 16:16:52');
INSERT INTO `estore_customer_balance_record` VALUES ('31', '2', '1850.00', '1850.00', '0.00', '20', '2', '18', '2018-06-14 16:16:57', '2018-06-14 16:16:54');
INSERT INTO `estore_customer_balance_record` VALUES ('32', '1', '1850.00', '1800.00', '50.00', '20', '2', '18', '2018-06-14 16:19:00', '2018-06-25 09:33:44');
INSERT INTO `estore_customer_balance_record` VALUES ('33', '1', '1800.00', '1790.00', '10.00', '20', '2', '18', '2018-06-14 16:19:05', '2018-06-25 09:33:44');
INSERT INTO `estore_customer_balance_record` VALUES ('34', '2', '1790.00', '1790.00', '0.00', '20', '2', '18', '2018-06-14 16:19:11', '2018-06-14 16:19:08');
INSERT INTO `estore_customer_balance_record` VALUES ('35', '2', '1790.00', '1790.00', '0.00', '20', '2', '18', '2018-06-14 16:21:37', '2018-06-14 16:21:34');
INSERT INTO `estore_customer_balance_record` VALUES ('36', '2', '1790.00', '1790.00', '0.00', '20', '2', '18', '2018-06-14 16:21:43', '2018-06-14 16:21:40');
INSERT INTO `estore_customer_balance_record` VALUES ('37', '2', '1790.00', '1790.00', '0.00', '20', '2', '18', '2018-06-14 16:21:51', '2018-06-14 16:21:48');
INSERT INTO `estore_customer_balance_record` VALUES ('38', '2', '1790.00', '1790.00', '0.00', '20', '2', '18', '2018-06-14 16:22:11', '2018-06-14 16:22:08');
INSERT INTO `estore_customer_balance_record` VALUES ('39', '2', '1790.00', '1790.00', '0.00', '20', '2', '18', '2018-06-14 16:22:20', '2018-06-14 16:22:16');
INSERT INTO `estore_customer_balance_record` VALUES ('40', '2', '1790.00', '1790.00', '0.00', '20', '2', '18', '2018-06-14 16:22:23', '2018-06-14 16:22:20');
INSERT INTO `estore_customer_balance_record` VALUES ('41', '2', '1790.00', '1790.00', '0.00', '20', '2', '18', '2018-06-14 16:22:25', '2018-06-14 16:22:22');
INSERT INTO `estore_customer_balance_record` VALUES ('42', '1', '1790.00', '1590.00', '200.00', '20', '2', '18', '2018-06-14 16:22:28', '2018-06-25 09:33:44');
INSERT INTO `estore_customer_balance_record` VALUES ('43', '1', '1590.00', '1390.00', '200.00', '20', '2', '18', '2018-06-14 16:22:31', '2018-06-25 09:33:44');
INSERT INTO `estore_customer_balance_record` VALUES ('44', '2', '1390.00', '1390.00', '0.00', '20', '2', '18', '2018-06-14 16:22:34', '2018-06-14 16:22:31');
INSERT INTO `estore_customer_balance_record` VALUES ('45', '2', '1390.00', '1390.00', '0.00', '20', '2', '18', '2018-06-14 16:22:36', '2018-06-14 16:22:33');
INSERT INTO `estore_customer_balance_record` VALUES ('46', '2', '1390.00', '1390.00', '0.00', '20', '2', '18', '2018-06-14 16:23:24', '2018-06-14 16:23:21');
INSERT INTO `estore_customer_balance_record` VALUES ('47', '2', '1390.00', '1390.00', '0.00', '20', '2', '18', '2018-06-14 16:23:27', '2018-06-14 16:23:24');
INSERT INTO `estore_customer_balance_record` VALUES ('48', '2', '1390.00', '1390.00', '0.00', '20', '2', '18', '2018-06-14 16:32:35', '2018-06-14 16:32:32');
INSERT INTO `estore_customer_balance_record` VALUES ('49', '2', '1390.00', '1400.00', '10.00', '20', '2', '18', '2018-06-14 16:34:24', '2018-06-14 16:34:21');
INSERT INTO `estore_customer_balance_record` VALUES ('50', '1', '1400.00', '1350.00', '50.00', '20', '2', '18', '2018-06-14 17:19:45', '2018-06-25 09:33:44');
INSERT INTO `estore_customer_balance_record` VALUES ('51', '1', '1350.00', '1340.00', '10.00', '20', '2', '18', '2018-06-14 17:20:00', '2018-06-25 09:33:44');
INSERT INTO `estore_customer_balance_record` VALUES ('52', '1', '1340.00', '1290.00', '50.00', '20', '2', '18', '2018-06-14 17:20:13', '2018-06-25 09:33:44');
INSERT INTO `estore_customer_balance_record` VALUES ('53', '1', '1290.00', '1280.00', '10.00', '20', '2', '18', '2018-06-14 17:20:17', '2018-06-25 09:33:44');
INSERT INTO `estore_customer_balance_record` VALUES ('54', '1', '1280.00', '1270.00', '10.00', '20', '2', '18', '2018-06-14 17:20:32', '2018-06-25 09:33:44');
INSERT INTO `estore_customer_balance_record` VALUES ('55', '1', '1270.00', '1259.78', '10.22', '20', '2', '18', '2018-06-14 17:23:44', '2018-06-25 09:33:44');
INSERT INTO `estore_customer_balance_record` VALUES ('56', '1', '1259.78', '1249.78', '10.00', '20', '2', '18', '2018-06-14 17:27:03', '2018-06-25 09:33:44');
INSERT INTO `estore_customer_balance_record` VALUES ('57', '1', '1249.78', '1199.78', '50.00', '20', '2', '18', '2018-06-14 17:27:06', '2018-06-25 09:33:44');
INSERT INTO `estore_customer_balance_record` VALUES ('58', '1', '1199.78', '1149.78', '50.00', '20', '2', '18', '2018-06-14 17:27:08', '2018-06-25 09:33:44');
INSERT INTO `estore_customer_balance_record` VALUES ('59', '2', '1149.78', '1199.78', '50.00', '19', '2', '18', '2018-06-15 10:38:04', '2018-06-15 10:38:04');
INSERT INTO `estore_customer_balance_record` VALUES ('60', '2', '1199.78', '1209.78', '10.00', '19', '2', '18', '2018-06-15 10:38:08', '2018-06-15 10:38:07');
INSERT INTO `estore_customer_balance_record` VALUES ('61', '2', '1209.78', '1259.78', '50.00', '20', '2', '18', '2018-06-15 11:02:40', '2018-06-15 11:02:39');
INSERT INTO `estore_customer_balance_record` VALUES ('62', '2', '1259.78', '1309.78', '50.00', '20', '2', '18', '2018-06-15 11:02:57', '2018-06-15 11:02:56');
INSERT INTO `estore_customer_balance_record` VALUES ('63', '2', '1309.78', '1359.78', '50.00', '20', '2', '18', '2018-06-15 11:03:00', '2018-06-15 11:02:59');
INSERT INTO `estore_customer_balance_record` VALUES ('64', '2', '1359.78', '1409.78', '50.00', '20', '2', '18', '2018-06-15 11:03:02', '2018-06-15 11:03:01');
INSERT INTO `estore_customer_balance_record` VALUES ('65', '2', '1409.78', '1459.78', '50.00', '20', '2', '18', '2018-06-15 11:03:04', '2018-06-15 11:03:03');
INSERT INTO `estore_customer_balance_record` VALUES ('66', '1', '1459.78', '1509.78', '50.00', '20', '2', '18', '2018-06-15 11:28:07', '2018-06-15 11:28:06');
INSERT INTO `estore_customer_balance_record` VALUES ('67', '1', '1509.78', '1559.78', '50.00', '20', '2', '18', '2018-06-15 11:28:09', '2018-06-15 11:28:08');
INSERT INTO `estore_customer_balance_record` VALUES ('68', '1', '1559.78', '1509.78', '50.00', '20', '2', '18', '2018-06-15 11:28:11', '2018-06-25 09:33:44');
INSERT INTO `estore_customer_balance_record` VALUES ('69', '1', '1509.78', '1459.78', '50.00', '20', '2', '18', '2018-06-15 11:28:14', '2018-06-25 09:33:44');
INSERT INTO `estore_customer_balance_record` VALUES ('70', '1', '100.00', '150.00', '50.00', '20', '1', '1', '2018-06-15 19:53:44', '2018-06-15 19:53:43');
INSERT INTO `estore_customer_balance_record` VALUES ('71', '1', '100.00', '150.00', '50.00', '19', '4', '1', '2018-06-19 10:03:30', '2018-06-19 10:03:29');
INSERT INTO `estore_customer_balance_record` VALUES ('72', '1', '150.00', '140.00', '10.00', '19', '4', '1', '2018-06-19 10:03:34', '2018-06-25 09:33:44');
INSERT INTO `estore_customer_balance_record` VALUES ('73', '1', '0.00', '50.00', '50.00', '52', '47', '1', '2018-06-21 15:28:24', '2018-06-21 15:28:22');
INSERT INTO `estore_customer_balance_record` VALUES ('74', '1', '50.00', '100.00', '50.00', '63', '47', '1', '2018-06-22 09:37:57', '2018-06-22 09:37:55');
INSERT INTO `estore_customer_balance_record` VALUES ('75', '1', '150.00', '160.00', '10.00', '67', '1', '1', '2018-06-22 15:06:17', '2018-06-22 15:06:17');
INSERT INTO `estore_customer_balance_record` VALUES ('76', '1', '160.00', '170.00', '10.00', '67', '1', '1', '2018-06-22 15:06:53', '2018-06-22 15:06:53');
INSERT INTO `estore_customer_balance_record` VALUES ('77', '2', '170.00', '120.00', '50.00', '13', '1', '1', '2018-06-25 14:58:45', '2018-06-25 15:04:59');
INSERT INTO `estore_customer_balance_record` VALUES ('78', '2', '120.00', '110.00', '10.00', '13', '1', '1', '2018-06-25 15:00:27', '2018-06-25 15:05:07');
INSERT INTO `estore_customer_balance_record` VALUES ('79', '1', '110.00', '211.00', '101.00', '67', '1', '1', '2018-06-25 16:28:59', '2018-06-25 16:29:00');
INSERT INTO `estore_customer_balance_record` VALUES ('80', '2', '211.00', '0.00', '211.00', '67', '1', '1', '2018-06-25 16:29:18', '2018-06-25 16:29:19');
INSERT INTO `estore_customer_balance_record` VALUES ('81', '1', '15.00', '65.00', '50.00', '67', '35', '1', '2018-06-27 14:57:23', '2018-06-27 14:57:21');
INSERT INTO `estore_customer_balance_record` VALUES ('82', '1', '65.00', '165.00', '100.00', '67', '35', '1', '2018-06-27 15:17:11', '2018-06-27 15:17:09');
INSERT INTO `estore_customer_balance_record` VALUES ('83', '1', '165.00', '215.00', '50.00', '67', '35', '1', '2018-06-27 15:17:13', '2018-06-27 15:17:11');
INSERT INTO `estore_customer_balance_record` VALUES ('84', '2', '215.00', '165.00', '50.00', '67', '35', '1', '2018-06-27 15:17:17', '2018-06-27 15:17:15');
INSERT INTO `estore_customer_balance_record` VALUES ('85', '1', '165.00', '175.00', '10.00', '67', '35', '1', '2018-06-27 15:17:19', '2018-06-27 15:17:17');
INSERT INTO `estore_customer_balance_record` VALUES ('86', '2', '175.00', '125.00', '50.00', '67', '35', '1', '2018-06-27 15:17:26', '2018-06-27 15:17:24');
INSERT INTO `estore_customer_balance_record` VALUES ('87', '1', '125.00', '325.00', '200.00', '67', '35', '1', '2018-06-27 15:17:29', '2018-06-27 15:17:27');
INSERT INTO `estore_customer_balance_record` VALUES ('88', '2', '325.00', '275.00', '50.00', '67', '35', '1', '2018-06-27 15:17:32', '2018-06-27 15:17:30');
INSERT INTO `estore_customer_balance_record` VALUES ('89', '1', '275.00', '325.00', '50.00', '67', '35', '1', '2018-06-27 15:17:35', '2018-06-27 15:17:33');
INSERT INTO `estore_customer_balance_record` VALUES ('90', '1', '325.00', '375.00', '50.00', '67', '35', '1', '2018-06-27 15:17:36', '2018-06-27 15:17:34');
INSERT INTO `estore_customer_balance_record` VALUES ('91', '1', '375.00', '425.00', '50.00', '67', '35', '1', '2018-06-27 15:17:38', '2018-06-27 15:17:36');
INSERT INTO `estore_customer_balance_record` VALUES ('92', '1', '425.00', '475.00', '50.00', '67', '35', '1', '2018-06-27 15:17:39', '2018-06-27 15:17:37');
INSERT INTO `estore_customer_balance_record` VALUES ('93', '1', '0.00', '50.00', '50.00', '106', '94', '27', '2018-07-02 10:52:55', '2018-07-02 10:53:03');
INSERT INTO `estore_customer_balance_record` VALUES ('94', '1', '0.00', '50.00', '50.00', '130', '89', '1', '2018-07-04 14:15:13', '2018-07-04 14:15:12');
INSERT INTO `estore_customer_balance_record` VALUES ('95', '2', '50.00', '40.00', '10.00', '130', '89', '1', '2018-07-04 14:15:29', '2018-07-04 14:15:29');
INSERT INTO `estore_customer_balance_record` VALUES ('96', '1', '475.00', '487.00', '12.00', '132', '35', '1', '2018-07-10 14:02:00', '2018-07-10 14:01:56');
INSERT INTO `estore_customer_balance_record` VALUES ('97', '2', '487.00', '475.00', '12.00', '132', '35', '1', '2018-07-10 14:02:16', '2018-07-10 14:02:12');

-- ----------------------------
-- Table structure for estore_customer_score_record
-- ----------------------------
DROP TABLE IF EXISTS `estore_customer_score_record`;
CREATE TABLE `estore_customer_score_record` (
  `id` bigint(20) NOT NULL AUTO_INCREMENT,
  `type` int(2) DEFAULT NULL COMMENT '变更类型',
  `before_score` decimal(13,2) DEFAULT NULL COMMENT '变更前积分',
  `after_score` decimal(13,2) DEFAULT NULL COMMENT '变更后积分',
  `change_score` decimal(13,2) DEFAULT NULL COMMENT '变更积分',
  `operator_admin_id` bigint(11) DEFAULT NULL COMMENT '操作人b端Id',
  `user_customer_id` bigint(11) DEFAULT NULL COMMENT '客户c端Id',
  `store_id` bigint(11) DEFAULT NULL COMMENT '商户Id',
  `create_time` datetime DEFAULT NULL COMMENT '创建时间',
  `last_update_time` timestamp NOT NULL DEFAULT CURRENT_TIMESTAMP ON UPDATE CURRENT_TIMESTAMP COMMENT '最后更新时间',
  PRIMARY KEY (`id`)
) ENGINE=InnoDB AUTO_INCREMENT=59 DEFAULT CHARSET=utf8 COMMENT='客户积分流水表';

-- ----------------------------
-- Records of estore_customer_score_record
-- ----------------------------
INSERT INTO `estore_customer_score_record` VALUES ('1', '1', '28.00', '78.00', '50.00', '20', '1', '1', '2018-06-14 16:04:00', '2018-06-21 15:37:15');
INSERT INTO `estore_customer_score_record` VALUES ('2', '1', '78.00', '128.00', '50.00', '20', '1', '1', '2018-06-14 16:04:03', '2018-06-21 15:37:17');
INSERT INTO `estore_customer_score_record` VALUES ('3', '1', '128.00', '78.00', '50.00', '20', '1', '1', '2018-06-14 16:04:05', '2018-06-25 09:34:08');
INSERT INTO `estore_customer_score_record` VALUES ('4', '1', '78.00', '28.00', '50.00', '20', '1', '1', '2018-06-14 16:04:07', '2018-06-25 09:34:08');
INSERT INTO `estore_customer_score_record` VALUES ('5', '1', '28.00', '78.00', '50.00', '20', '1', '1', '2018-06-14 16:04:36', '2018-06-21 15:37:22');
INSERT INTO `estore_customer_score_record` VALUES ('6', '1', '78.00', '28.00', '50.00', '20', '1', '1', '2018-06-14 16:04:49', '2018-06-25 09:34:08');
INSERT INTO `estore_customer_score_record` VALUES ('7', '1', '28.00', '28.00', '0.00', '20', '1', '1', '2018-06-14 16:19:28', '2018-06-21 15:37:25');
INSERT INTO `estore_customer_score_record` VALUES ('8', '1', '28.00', '18.00', '10.00', '20', '1', '1', '2018-06-14 17:20:41', '2018-06-25 09:34:08');
INSERT INTO `estore_customer_score_record` VALUES ('9', '1', '18.00', '118.00', '100.00', '20', '1', '1', '2018-06-14 17:23:28', '2018-06-21 15:41:56');
INSERT INTO `estore_customer_score_record` VALUES ('10', '1', '118.00', '1118.00', '1000.00', '20', '1', '1', '2018-06-14 17:23:34', '2018-06-21 15:41:58');
INSERT INTO `estore_customer_score_record` VALUES ('11', '1', '1118.00', '1068.00', '50.00', '20', '1', '1', '2018-06-14 17:23:37', '2018-06-25 09:34:08');
INSERT INTO `estore_customer_score_record` VALUES ('12', '1', '1068.00', '1018.00', '50.00', '20', '1', '1', '2018-06-14 17:23:39', '2018-06-25 09:34:08');
INSERT INTO `estore_customer_score_record` VALUES ('13', '1', '1018.00', '11018.00', '10000.00', '20', '2', '1', '2018-06-14 17:38:59', '2018-06-21 15:35:42');
INSERT INTO `estore_customer_score_record` VALUES ('14', '1', '11018.00', '21018.00', '10000.00', '20', '2', '1', '2018-06-14 17:39:31', '2018-06-21 15:35:44');
INSERT INTO `estore_customer_score_record` VALUES ('15', '1', '21018.00', '1000021018.00', '1000000000.00', '20', '2', '1', '2018-06-14 17:39:37', '2018-06-21 15:35:49');
INSERT INTO `estore_customer_score_record` VALUES ('16', '1', '1000021018.00', '2000021018.00', '1000000000.00', '20', '2', '1', '2018-06-14 17:39:45', '2018-06-21 15:35:52');
INSERT INTO `estore_customer_score_record` VALUES ('17', '1', '2000021018.00', '2000020818.00', '200.00', '20', '2', '1', '2018-06-14 17:40:39', '2018-06-25 09:34:08');
INSERT INTO `estore_customer_score_record` VALUES ('18', '1', '2000020818.00', '2000020768.00', '50.00', '19', '2', '18', '2018-06-15 10:38:12', '2018-06-25 09:34:08');
INSERT INTO `estore_customer_score_record` VALUES ('19', '1', '2000020768.00', '2000020718.00', '50.00', '20', '2', '18', '2018-06-15 10:55:46', '2018-06-25 09:34:08');
INSERT INTO `estore_customer_score_record` VALUES ('20', '1', '2000020718.00', '2000020708.00', '10.00', '20', '2', '18', '2018-06-15 10:55:50', '2018-06-25 09:34:08');
INSERT INTO `estore_customer_score_record` VALUES ('21', '1', '2000020708.00', '2000020758.00', '50.00', '20', '2', '18', '2018-06-15 11:03:18', '2018-06-15 11:03:17');
INSERT INTO `estore_customer_score_record` VALUES ('22', '1', '2000020758.00', '2000020808.00', '50.00', '20', '2', '18', '2018-06-15 11:03:20', '2018-06-15 11:03:19');
INSERT INTO `estore_customer_score_record` VALUES ('23', '1', '2000020808.00', '2000020816.00', '8.00', '20', '2', '18', '2018-06-15 11:21:16', '2018-06-15 11:21:15');
INSERT INTO `estore_customer_score_record` VALUES ('24', '1', '2000020816.00', '2000020822.00', '6.00', '20', '2', '18', '2018-06-15 11:21:26', '2018-06-15 11:21:25');
INSERT INTO `estore_customer_score_record` VALUES ('25', '1', '2000020822.00', '2000020832.00', '10.00', '20', '2', '18', '2018-06-15 11:21:46', '2018-06-15 11:21:45');
INSERT INTO `estore_customer_score_record` VALUES ('26', '1', '2000020832.00', '2000020838.00', '6.00', '20', '2', '18', '2018-06-15 11:22:10', '2018-06-15 11:22:09');
INSERT INTO `estore_customer_score_record` VALUES ('27', '1', '2000020838.00', '2000020840.00', '2.00', '20', '2', '18', '2018-06-15 11:22:18', '2018-06-15 11:22:17');
INSERT INTO `estore_customer_score_record` VALUES ('28', '1', '2000020840.00', '2000020941.00', '101.00', '20', '2', '18', '2018-06-15 11:22:26', '2018-06-15 11:22:25');
INSERT INTO `estore_customer_score_record` VALUES ('29', '1', '2000020941.00', '2000020942.00', '1.00', '20', '2', '18', '2018-06-15 11:22:32', '2018-06-15 11:22:31');
INSERT INTO `estore_customer_score_record` VALUES ('30', '1', '2000020942.00', '2000020943.00', '1.00', '20', '2', '18', '2018-06-15 11:23:03', '2018-06-15 11:23:02');
INSERT INTO `estore_customer_score_record` VALUES ('31', '1', '2000020943.00', '2000020946.00', '3.00', '20', '2', '18', '2018-06-15 11:23:16', '2018-06-15 11:23:15');
INSERT INTO `estore_customer_score_record` VALUES ('32', '1', '2000020946.00', '2000020936.00', '10.00', '20', '2', '18', '2018-06-15 11:27:52', '2018-06-25 09:34:08');
INSERT INTO `estore_customer_score_record` VALUES ('33', '1', '2000020936.00', '2000020886.00', '50.00', '20', '2', '18', '2018-06-15 11:27:54', '2018-06-25 09:34:08');
INSERT INTO `estore_customer_score_record` VALUES ('34', '1', '2000020886.00', '2000020876.00', '10.00', '20', '2', '18', '2018-06-15 11:27:59', '2018-06-25 09:34:08');
INSERT INTO `estore_customer_score_record` VALUES ('35', '1', '2000020876.00', '2000020866.00', '10.00', '20', '2', '18', '2018-06-15 11:28:01', '2018-06-25 09:34:08');
INSERT INTO `estore_customer_score_record` VALUES ('36', '1', '2000020866.00', '2000020856.00', '10.00', '20', '2', '18', '2018-06-15 11:28:04', '2018-06-25 09:34:08');
INSERT INTO `estore_customer_score_record` VALUES ('37', '1', '2000020856.00', '1000020856.00', '1000000000.00', '20', '2', '18', '2018-06-15 11:28:23', '2018-06-25 09:34:08');
INSERT INTO `estore_customer_score_record` VALUES ('38', '1', '1000020856.00', '20856.00', '1000000000.00', '20', '2', '18', '2018-06-15 11:28:27', '2018-06-25 09:34:08');
INSERT INTO `estore_customer_score_record` VALUES ('39', '1', '20856.00', '19856.00', '1000.00', '20', '2', '18', '2018-06-15 11:28:40', '2018-06-25 09:34:08');
INSERT INTO `estore_customer_score_record` VALUES ('40', '1', '28.00', '78.00', '50.00', '20', '1', '1', '2018-06-15 19:53:48', '2018-06-15 19:53:46');
INSERT INTO `estore_customer_score_record` VALUES ('41', '1', '28.00', '78.00', '50.00', '37', '4', '1', '2018-06-20 15:09:57', '2018-06-20 15:09:55');
INSERT INTO `estore_customer_score_record` VALUES ('42', '1', '15.00', '65.00', '50.00', '37', '35', '1', '2018-06-20 15:10:10', '2018-06-20 15:10:09');
INSERT INTO `estore_customer_score_record` VALUES ('43', '1', '0.00', '200.00', '200.00', '52', '47', '1', '2018-06-21 15:28:27', '2018-06-21 15:28:25');
INSERT INTO `estore_customer_score_record` VALUES ('44', '1', '78.00', '128.00', '50.00', '68', '4', '1', '2018-06-22 15:03:28', '2018-06-22 15:03:25');
INSERT INTO `estore_customer_score_record` VALUES ('45', '1', '78.00', '1000000078.00', '1000000000.00', '67', '1', '1', '2018-06-22 15:11:03', '2018-06-22 15:11:03');
INSERT INTO `estore_customer_score_record` VALUES ('46', '2', '1000000078.00', '1000000028.00', '50.00', '67', '1', '1', '2018-06-25 14:57:30', '2018-06-25 15:04:49');
INSERT INTO `estore_customer_score_record` VALUES ('47', '2', '1000000028.00', '999999928.00', '100.00', '13', '1', '1', '2018-06-25 14:58:37', '2018-06-25 15:04:51');
INSERT INTO `estore_customer_score_record` VALUES ('48', '2', '999999928.00', '989999929.00', '9999999.00', '67', '1', '1', '2018-06-25 16:29:27', '2018-06-25 16:29:28');
INSERT INTO `estore_customer_score_record` VALUES ('49', '1', '0.00', '50.00', '50.00', '106', '94', '27', '2018-07-02 10:52:57', '2018-07-02 10:53:05');
INSERT INTO `estore_customer_score_record` VALUES ('50', '1', '50.00', '150.00', '100.00', '106', '94', '27', '2018-07-03 15:44:43', '2018-07-03 15:44:42');
INSERT INTO `estore_customer_score_record` VALUES ('51', '1', '150.00', '250.00', '100.00', '106', '94', '27', '2018-07-03 15:44:46', '2018-07-03 15:44:45');
INSERT INTO `estore_customer_score_record` VALUES ('52', '1', '250.00', '450.00', '200.00', '106', '94', '27', '2018-07-03 15:44:50', '2018-07-03 15:44:49');
INSERT INTO `estore_customer_score_record` VALUES ('53', '1', '450.00', '1000000450.00', '1000000000.00', '106', '94', '27', '2018-07-03 15:44:58', '2018-07-03 15:44:57');
INSERT INTO `estore_customer_score_record` VALUES ('54', '1', '1000000450.00', '1001000450.00', '1000000.00', '106', '94', '27', '2018-07-03 15:45:03', '2018-07-03 15:45:03');
INSERT INTO `estore_customer_score_record` VALUES ('55', '1', '0.00', '50.00', '50.00', '130', '89', '1', '2018-07-04 14:15:22', '2018-07-04 14:15:22');
INSERT INTO `estore_customer_score_record` VALUES ('56', '1', '65.00', '115.00', '50.00', '132', '35', '1', '2018-07-10 12:30:26', '2018-07-10 12:30:23');
INSERT INTO `estore_customer_score_record` VALUES ('57', '2', '115.00', '65.00', '50.00', '132', '35', '1', '2018-07-10 14:24:55', '2018-07-10 14:24:51');
INSERT INTO `estore_customer_score_record` VALUES ('58', '2', '65.00', '55.00', '10.00', '132', '35', '1', '2018-07-10 14:25:01', '2018-07-10 14:24:58');

-- ----------------------------
-- Table structure for estore_goods
-- ----------------------------
DROP TABLE IF EXISTS `estore_goods`;
CREATE TABLE `estore_goods` (
  `id` bigint(20) NOT NULL AUTO_INCREMENT,
  `store_id` bigint(20) DEFAULT NULL COMMENT '商户id',
  `sort_num` bigint(20) DEFAULT NULL COMMENT '产品排序',
  `name` varchar(255) DEFAULT NULL COMMENT '商品名称',
  `goods_describe` varchar(255) DEFAULT NULL COMMENT '商品描述',
  `price` decimal(13,2) DEFAULT NULL COMMENT '商品原价',
  `discount` decimal(13,2) DEFAULT NULL COMMENT '商品折扣',
  `discount_price` decimal(13,2) DEFAULT NULL COMMENT '商品折价',
  `create_time` datetime DEFAULT NULL COMMENT '创建时间',
  `is_delete` tinyint(2) DEFAULT '0' COMMENT '是否删除  0:未删除,1:已删除',
  `last_update_time` timestamp NOT NULL DEFAULT CURRENT_TIMESTAMP ON UPDATE CURRENT_TIMESTAMP COMMENT '最后更新时间',
  PRIMARY KEY (`id`)
) ENGINE=InnoDB AUTO_INCREMENT=55 DEFAULT CHARSET=utf8 COMMENT='产品表';

-- ----------------------------
-- Records of estore_goods
-- ----------------------------
INSERT INTO `estore_goods` VALUES ('1', '1', '6', '测试产品111', '11122', '100.01', '5.00', '50.00', '2018-06-12 10:59:13', '1', '2018-06-26 13:45:44');
INSERT INTO `estore_goods` VALUES ('2', '1', '11', '苹果6 现货', '银色，超强待机，联通4G', '4500.00', '7.11', '3200.00', '2018-06-20 10:46:46', '1', '2018-09-17 16:46:45');
INSERT INTO `estore_goods` VALUES ('3', '1', '7', '测试产品3', '11', '100.00', '5.00', '50.00', '2018-06-21 11:24:51', '1', '2018-06-25 11:30:12');
INSERT INTO `estore_goods` VALUES ('4', '1', '12', '美图手机', '网络类型: 4G全网通\n网络模式: 双卡双待单通', '2200.00', '6.82', '1500.00', '2018-06-22 12:57:38', '1', '2018-09-17 16:46:43');
INSERT INTO `estore_goods` VALUES ('5', '1', '7', '测试4', '产品 444', '100.00', '4.00', '40.00', '2018-06-22 12:59:27', '1', '2018-06-25 11:31:45');
INSERT INTO `estore_goods` VALUES ('6', '1', '20', '测试产品555', '测试产品666', '100.00', '5.00', '50.00', '2018-06-22 13:00:28', '1', '2018-07-05 16:43:39');
INSERT INTO `estore_goods` VALUES ('7', '1', '0', '11111111', '你你你你你你你你你你', '100.00', '7.00', '70.00', '2018-06-22 16:02:55', '1', '2018-06-25 11:35:56');
INSERT INTO `estore_goods` VALUES ('8', '1', '18', '测试图片', '是否显示', '100.00', '8.00', '80.00', '2018-06-22 16:15:11', '1', '2018-07-05 16:43:45');
INSERT INTO `estore_goods` VALUES ('9', '1', '16', '11111', '11', '12002.00', '833.19', '999999.99', '2018-06-22 16:17:38', '1', '2018-07-02 15:30:31');
INSERT INTO `estore_goods` VALUES ('10', '1', '0', '111', '111', '100.00', '6.00', '60.00', '2018-06-22 16:20:11', '1', '2018-06-25 12:46:10');
INSERT INTO `estore_goods` VALUES ('11', '1', '0', '天天测试', '恩而非', '100.00', '5.00', '50.00', '2018-06-25 10:44:11', '1', '2018-06-25 11:36:00');
INSERT INTO `estore_goods` VALUES ('12', '1', '10', '联通4G Apple iphone8 64G', '黑色', '8999.00', '6.67', '5999.00', '2018-06-25 11:15:54', '1', '2018-09-17 16:46:47');
INSERT INTO `estore_goods` VALUES ('13', '1', '18', '测试价格', '22222222', '100.00', '5.00', '50.00', '2018-06-25 11:27:01', '1', '2018-06-29 16:20:05');
INSERT INTO `estore_goods` VALUES ('14', '1', '0', '测试加价', '11', '80.00', '5.00', '40.00', '2018-06-25 11:34:10', '1', '2018-06-27 10:31:15');
INSERT INTO `estore_goods` VALUES ('15', '1', '15', '测试交钱', '11', '80.00', '5.00', '40.00', '2018-06-25 11:36:34', '1', '2018-07-05 16:43:48');
INSERT INTO `estore_goods` VALUES ('16', '1', '0', '1111111111', '1', '1.00', '10.00', '1.00', '2018-06-25 11:55:09', '1', '2018-06-25 12:46:20');
INSERT INTO `estore_goods` VALUES ('17', '1', '0', '快快，1111111111111111111111', '11111111111111111111111111111111111111111111111111111111111111', '1.00', '10.00', '1.00', '2018-06-25 11:56:40', '1', '2018-06-27 10:26:38');
INSERT INTO `estore_goods` VALUES ('18', '1', '0', '1111111111111111111', '111', '11.00', '10.00', '9.00', '2018-06-25 14:37:56', '1', '2018-07-10 15:32:18');
INSERT INTO `estore_goods` VALUES ('19', '1', '0', '1', '1', '1.00', '110.00', '11.00', '2018-06-25 15:11:54', '1', '2018-07-10 15:32:15');
INSERT INTO `estore_goods` VALUES ('20', '1', '0', '测试校验11', '测试校验22', '24.00', '4.58', '11.00', '2018-06-25 17:01:50', '1', '2018-07-10 15:32:13');
INSERT INTO `estore_goods` VALUES ('21', '1', '11', '111', '111', '1.00', '10.00', '1.00', '2018-06-27 10:01:45', '1', '2018-06-27 10:26:22');
INSERT INTO `estore_goods` VALUES ('22', '1', '0', '111', '111', '20.00', '5.00', '10.00', '2018-06-27 10:34:12', '1', '2018-07-10 15:32:11');
INSERT INTO `estore_goods` VALUES ('23', '1', '0', '11125145', '1', '1.00', '10.00', '1.00', '2018-06-27 10:40:30', '1', '2018-07-10 15:32:09');
INSERT INTO `estore_goods` VALUES ('24', '1', '0', '1地方给f', '1的', '10.00', '10.00', '10.00', '2018-06-27 12:45:36', '1', '2018-07-10 15:32:07');
INSERT INTO `estore_goods` VALUES ('25', '1', '0', 'QQQQQQ', 'QQQQQQq', '10.00', '10.00', '10.00', '2018-06-27 12:46:43', '1', '2018-07-10 15:32:05');
INSERT INTO `estore_goods` VALUES ('26', '1', '0', 'asd', 'asd', '1.00', '10.00', '1.00', '2018-06-27 12:48:16', '1', '2018-07-10 15:32:03');
INSERT INTO `estore_goods` VALUES ('27', '1', '0', '1111', '11', '24.00', '5.00', '12.00', '2018-06-27 14:09:20', '1', '2018-07-10 15:32:01');
INSERT INTO `estore_goods` VALUES ('28', '1', '0', 'Apple iPhone X (A1903) 64GB 银色', '满1999元另加30元，或满2999元另加50元，即可在购物车换购热销商品', '8099.00', '8.77', '7099.00', '2018-06-27 14:16:13', '0', '2018-07-10 16:08:15');
INSERT INTO `estore_goods` VALUES ('29', '1', '0', 'Apple iphone8 联通电信移动4g', '后置摄像头：1200万像素\n前置摄像头：700万像素', '8999.00', '6.67', '5999.00', '2018-06-27 18:26:48', '1', '2018-09-17 16:47:00');
INSERT INTO `estore_goods` VALUES ('30', '1', '0', '234234', '434', '34.00', '12.65', '43.00', '2018-06-27 18:27:24', '1', '2018-07-10 15:31:58');
INSERT INTO `estore_goods` VALUES ('31', '1', '0', '测测', '王菲儿v', '26.00', '5.00', '13.00', '2018-06-28 09:31:45', '1', '2018-07-10 15:31:56');
INSERT INTO `estore_goods` VALUES ('32', '1', '0', 'wer', 'we', '999999.99', '10.00', '999999.99', '2018-06-28 13:38:25', '1', '2018-07-10 15:31:54');
INSERT INTO `estore_goods` VALUES ('33', '1', '0', '12132', '121', '24.00', '5.00', '12.00', '2018-06-28 15:28:40', '1', '2018-07-05 16:44:05');
INSERT INTO `estore_goods` VALUES ('34', '1', '0', '位', '位', '24.00', '5.00', '12.00', '2018-06-28 15:30:37', '1', '2018-07-05 16:44:01');
INSERT INTO `estore_goods` VALUES ('35', '1', '19', '在', '在', '5567.00', '7.98', '4444.00', '2018-06-28 15:31:18', '1', '2018-07-05 16:43:42');
INSERT INTO `estore_goods` VALUES ('36', '1', '0', '测试跳转', '测试跳转', '48.00', '5.00', '24.00', '2018-06-28 16:06:54', '1', '2018-07-05 16:43:58');
INSERT INTO `estore_goods` VALUES ('37', '1', '0', '1213211', '32323', '23.00', '5.22', '12.00', '2018-06-28 16:56:00', '1', '2018-07-05 16:43:54');
INSERT INTO `estore_goods` VALUES ('38', '27', '0', '技术的开发了顶顶顶顶顶顶顶顶顶顶顶顶顶顶顶顶顶顶的淡定的的的', '阿斯顿发生大幅士大夫的事故的发生广泛大使馆反对海南购房二人风格的服饰广东省分公司梵蒂冈犯得上广泛大使馆岁的法国对方是个发士大夫敢死队风格发生的故事的的方式广泛的广泛的十公分的身高稍等是是是搜索是是是是', '1.00', '110.00', '11.00', '2018-06-29 15:50:34', '0', '2018-06-29 16:35:56');
INSERT INTO `estore_goods` VALUES ('39', '27', '0', 's\'s\'s\'s\'s\'s\'s\'s\'s\'s\'s\'s\'s\'s\'s\'', '放到', '1111.00', '0.01', '1.00', '2018-06-29 16:51:58', '0', '2018-06-29 16:52:49');
INSERT INTO `estore_goods` VALUES ('40', '1', '0', '测试结果', '撒事小妮儿', '100.00', '5.00', '50.00', '2018-07-04 14:14:22', '1', '2018-07-10 15:31:52');
INSERT INTO `estore_goods` VALUES ('41', '1', '0', 'jn', '34', '23.00', '5.22', '12.00', '2018-07-04 16:36:55', '1', '2018-07-05 16:43:52');
INSERT INTO `estore_goods` VALUES ('42', '30', '0', '都是 ', '稍等形成的v想当初政策性保险出兵朝鲜', '5.00', '2.00', '1.00', '2018-07-06 19:03:36', '0', '2018-07-06 22:41:21');
INSERT INTO `estore_goods` VALUES ('43', '1', '0', '1122', '12我', '24.00', '5.00', '12.00', '2018-07-10 09:31:35', '1', '2018-07-10 15:31:50');
INSERT INTO `estore_goods` VALUES ('44', '1', '0', '45测试添加', '1234', '48.00', '5.00', '24.00', '2018-07-10 09:32:21', '1', '2018-07-10 15:31:48');
INSERT INTO `estore_goods` VALUES ('45', '1', '0', '567', '456', '24.00', '5.00', '12.00', '2018-07-10 09:34:30', '1', '2018-07-10 15:31:47');
INSERT INTO `estore_goods` VALUES ('46', '1', '0', '添加产品', '1111', '24.00', '5.00', '12.00', '2018-07-10 10:01:11', '1', '2018-07-10 15:31:45');
INSERT INTO `estore_goods` VALUES ('47', '1', '0', '现货 Huawei/华为 mate9全网通移动电信4G 指纹', '运行内存RAM: 4GB\n存储容量: 32GB 64GB 128GB', '2168.00', '6.13', '1328.00', '2018-07-10 15:47:36', '1', '2018-09-17 16:46:01');
INSERT INTO `estore_goods` VALUES ('48', '1', '0', 'Apple iPhone X (A1903) 黑色', '【支持移动联通4G网络】盛夏之邀，燃动七月。iPhone X，你好未来', '6999.00', '8.57', '5999.00', '2018-07-10 16:16:00', '1', '2018-09-17 16:46:58');
INSERT INTO `estore_goods` VALUES ('49', '1', '0', 'Apple iPhone 7 (A1780) 32G 金色', '【支持移动联通4G网络】盛夏之邀，燃动七月，好物尽享，美在智慧。', '4999.00', '8.00', '3999.00', '2018-07-10 16:17:13', '1', '2018-09-17 16:46:56');
INSERT INTO `estore_goods` VALUES ('50', '1', '0', 'vivo X21 全面屏 双摄拍照游戏手机', '商品名称：vivoX21\n商品编号：6729013\n系统：安卓（Android）\n拍照特点：前置闪光灯，智能拍照，后置双摄像头电池容', '3267.00', '8.26', '2698.00', '2018-07-10 16:18:52', '1', '2018-09-17 16:46:54');
INSERT INTO `estore_goods` VALUES ('51', '1', '0', 'Apple iPad 平板电脑 2018年新款9.7英寸', '系统：ios系统\n硬盘：128G\n厚度：7.1mm-9mm\n尺寸：9.1英寸-10英寸', '4357.00', '7.71', '3359.00', '2018-07-10 16:23:54', '1', '2018-09-17 16:46:52');
INSERT INTO `estore_goods` VALUES ('52', '1', '0', 'Apple iPhone 6 (A1903) 64GB 银色', '商品毛重：430.00g\n商品产地：中国大陆', '4532.00', '7.87', '3567.00', '2018-07-10 16:25:22', '1', '2018-09-17 16:46:50');
INSERT INTO `estore_goods` VALUES ('53', '1', '0', '测试', '产品描述', '7.00', '0.14', '0.10', '2018-08-16 18:23:55', '1', '2018-09-17 16:46:48');
INSERT INTO `estore_goods` VALUES ('54', '1', '0', '12', 'vd', '10.00', '5.00', '5.00', '2018-09-17 17:01:52', '1', '2018-09-17 17:02:29');

-- ----------------------------
-- Table structure for estore_service
-- ----------------------------
DROP TABLE IF EXISTS `estore_service`;
CREATE TABLE `estore_service` (
  `id` bigint(20) NOT NULL AUTO_INCREMENT,
  `store_id` bigint(20) DEFAULT NULL COMMENT '商户id',
  `goods_id` bigint(20) DEFAULT NULL COMMENT '商品id',
  `wx_order_no` varchar(64) DEFAULT NULL COMMENT '微信支付订单号',
  `wx_order_state` varchar(32) DEFAULT NULL COMMENT '微信订单状态',
  `out_trade_no` varchar(64) DEFAULT NULL COMMENT '我方订单号',
  `service_mode` tinyint(2) DEFAULT NULL COMMENT '推荐方式1sms',
  `service_type` tinyint(2) DEFAULT NULL COMMENT '服务类型1新客2老客3自主',
  `service_state` tinyint(2) DEFAULT NULL COMMENT '服务状态[0-未推送，1-待支付，2-支付成功，3-支付失败]',
  `service_price` decimal(13,2) DEFAULT NULL COMMENT '服务费用',
  `service_people_num` int(5) DEFAULT NULL COMMENT '服务人数',
  `operator_admin_id` bigint(20) DEFAULT NULL COMMENT '操作人b端id',
  `service_time` datetime DEFAULT NULL COMMENT '购买服务时间',
  `create_time` datetime DEFAULT NULL COMMENT '创建时间',
  `last_update_time` timestamp NOT NULL DEFAULT CURRENT_TIMESTAMP ON UPDATE CURRENT_TIMESTAMP COMMENT '最后更新时间',
  PRIMARY KEY (`id`)
) ENGINE=InnoDB AUTO_INCREMENT=93 DEFAULT CHARSET=utf8 COMMENT='服务表';

-- ----------------------------
-- Records of estore_service
-- ----------------------------
INSERT INTO `estore_service` VALUES ('1', '1', '1', '000', '1', '153613412584500000', '1', '2', '0', '300.00', '25', '140', '2018-06-12 19:56:42', '2018-06-12 10:41:33', '2018-09-05 15:55:25');
INSERT INTO `estore_service` VALUES ('2', '1', '1', '000', '1', '153613416428300000', '1', '2', '1', '200.00', '30', '82', '2018-06-22 15:51:27', '2018-06-12 12:26:36', '2018-09-05 15:56:04');
INSERT INTO `estore_service` VALUES ('3', '1', '1', '000', '1', null, '1', '1', '2', '150.00', '10', '7', '2018-06-12 12:28:24', '2018-06-12 12:28:27', '2018-07-02 14:07:29');
INSERT INTO `estore_service` VALUES ('4', '1', '1', '000', '1', '153613425160200000', '1', '1', '1', '180.00', '41', '67', '2018-06-28 09:55:44', '2018-06-20 12:31:41', '2018-09-05 15:57:31');
INSERT INTO `estore_service` VALUES ('25', '1', null, null, null, null, '1', '1', '2', '200.00', '2', '67', '2018-06-25 10:40:28', '2018-06-25 10:40:28', '2018-07-02 14:07:34');
INSERT INTO `estore_service` VALUES ('26', '1', '1', null, null, '153611285015900000', '1', '1', '0', '0.01', '1', '140', '2018-06-25 16:03:47', '2018-06-25 16:03:47', '2018-09-05 10:00:53');
INSERT INTO `estore_service` VALUES ('27', '1', null, null, null, '153604828565100000', '1', '1', '0', '200.00', '2', '140', '2018-06-25 16:25:40', '2018-06-25 16:25:40', '2018-09-04 16:04:45');
INSERT INTO `estore_service` VALUES ('28', '1', null, null, null, null, '1', '1', '0', '200.00', '2', '74', '2018-06-25 16:27:43', '2018-06-25 16:27:43', '2018-07-05 13:44:33');
INSERT INTO `estore_service` VALUES ('33', '1', null, null, null, null, '1', '1', '1', '200.00', '2', '67', '2018-06-28 09:36:39', '2018-06-28 09:36:39', '2018-07-02 14:07:49');
INSERT INTO `estore_service` VALUES ('34', '1', null, null, null, '153604644594800000', '1', '2', '0', '100.00', '1', '140', '2018-06-28 09:47:35', '2018-06-28 09:47:35', '2018-09-04 15:34:06');
INSERT INTO `estore_service` VALUES ('37', '1', null, null, null, '153613426310900000', '1', '3', '1', '100.00', '1', '67', '2018-06-28 10:10:41', '2018-06-28 10:10:41', '2018-09-05 15:57:43');
INSERT INTO `estore_service` VALUES ('38', '1', null, null, null, null, '1', '3', '1', '100.00', '1', '67', '2018-06-28 10:19:05', '2018-06-28 10:19:05', '0000-00-00 00:00:00');
INSERT INTO `estore_service` VALUES ('39', '1', null, null, null, null, '1', '3', '1', '100.00', '1', '67', '2018-06-28 10:25:32', '2018-06-28 10:25:32', '0000-00-00 00:00:00');
INSERT INTO `estore_service` VALUES ('40', '1', null, null, null, null, '1', '3', '2', '100.00', '1', '67', '2018-06-28 10:31:42', '2018-06-28 10:31:42', '2018-07-02 13:01:32');
INSERT INTO `estore_service` VALUES ('41', '1', null, null, null, null, '1', '3', '1', '100.00', '1', '67', '2018-06-28 10:33:39', '2018-06-28 10:33:39', '0000-00-00 00:00:00');
INSERT INTO `estore_service` VALUES ('42', '1', null, null, null, null, '1', '3', '1', '100.00', '1', '98', '2018-06-28 14:26:48', '2018-06-28 14:26:48', '0000-00-00 00:00:00');
INSERT INTO `estore_service` VALUES ('43', '1', null, null, null, null, '1', '3', '1', '100.00', '1', '98', '2018-06-28 14:46:37', '2018-06-28 14:46:37', '0000-00-00 00:00:00');
INSERT INTO `estore_service` VALUES ('44', '27', null, null, null, null, '1', '1', '0', '1800.00', '18', '98', '2018-06-29 09:37:24', '2018-06-29 09:37:24', '2018-06-29 15:31:25');
INSERT INTO `estore_service` VALUES ('45', '27', null, null, null, null, '1', '3', '0', '900.00', '9', '98', '2018-06-29 09:40:24', '2018-06-29 09:40:24', '2018-06-29 15:31:26');
INSERT INTO `estore_service` VALUES ('46', '27', null, null, null, null, '1', '2', '0', '300.00', '3', '98', '2018-06-29 09:50:34', '2018-06-29 09:50:34', '2018-06-29 15:31:28');
INSERT INTO `estore_service` VALUES ('47', '27', null, null, null, null, '1', '3', '1', '100.00', '1', '106', '2018-07-02 11:34:42', '2018-07-02 11:34:42', '0000-00-00 00:00:00');
INSERT INTO `estore_service` VALUES ('48', '27', null, null, null, null, '1', '3', '1', '100.00', '1', '106', '2018-07-02 11:34:43', '2018-07-02 11:34:43', '0000-00-00 00:00:00');
INSERT INTO `estore_service` VALUES ('49', '27', null, null, null, null, '1', '3', '1', '100.00', '1', '106', '2018-07-02 11:34:52', '2018-07-02 11:34:52', '0000-00-00 00:00:00');
INSERT INTO `estore_service` VALUES ('50', '27', null, null, null, null, '1', '3', '2', '100.00', '1', '106', '2018-07-02 11:34:54', '2018-07-02 11:34:54', '2018-07-02 13:01:03');
INSERT INTO `estore_service` VALUES ('51', '27', null, null, null, null, '1', '3', '2', '100.00', '1', '106', '2018-07-02 11:34:55', '2018-07-02 11:34:55', '2018-07-02 13:01:05');
INSERT INTO `estore_service` VALUES ('52', '1', null, null, null, null, '1', '3', '1', '100.00', '1', '110', '2018-07-02 13:23:28', '2018-07-02 13:23:28', '0000-00-00 00:00:00');
INSERT INTO `estore_service` VALUES ('53', '27', null, null, null, null, '1', '3', '1', '100.00', '1', '106', '2018-07-03 11:27:47', '2018-07-03 11:27:47', '0000-00-00 00:00:00');
INSERT INTO `estore_service` VALUES ('54', '27', null, null, null, null, '1', '3', '1', '100.00', '1', '106', '2018-07-03 11:31:41', '2018-07-03 11:31:41', '0000-00-00 00:00:00');
INSERT INTO `estore_service` VALUES ('55', '27', null, null, null, null, '1', '3', '1', '100.00', '1', '106', '2018-07-03 11:34:24', '2018-07-03 11:34:24', '0000-00-00 00:00:00');
INSERT INTO `estore_service` VALUES ('56', '27', null, null, null, null, '1', '3', '1', '100.00', '1', '106', '2018-07-03 11:35:09', '2018-07-03 11:35:09', '0000-00-00 00:00:00');
INSERT INTO `estore_service` VALUES ('57', '27', null, null, null, null, '1', '3', '1', '100.00', '1', '106', '2018-07-03 11:35:09', '2018-07-03 11:35:09', '0000-00-00 00:00:00');
INSERT INTO `estore_service` VALUES ('58', '27', null, null, null, null, '1', '3', '1', '100.00', '1', '106', '2018-07-03 11:35:24', '2018-07-03 11:35:24', '0000-00-00 00:00:00');
INSERT INTO `estore_service` VALUES ('59', '27', null, null, null, null, '1', '3', '1', '100.00', '1', '106', '2018-07-03 11:35:51', '2018-07-03 11:35:51', '0000-00-00 00:00:00');
INSERT INTO `estore_service` VALUES ('60', '27', null, null, null, null, '1', '3', '1', '100.00', '1', '106', '2018-07-03 11:36:55', '2018-07-03 11:36:55', '0000-00-00 00:00:00');
INSERT INTO `estore_service` VALUES ('61', '27', null, null, null, null, '1', '3', '1', '100.00', '1', '106', '2018-07-03 11:36:55', '2018-07-03 11:36:55', '0000-00-00 00:00:00');
INSERT INTO `estore_service` VALUES ('62', '27', null, null, null, null, '1', '3', '1', '100.00', '1', '106', '2018-07-03 11:37:37', '2018-07-03 11:37:37', '0000-00-00 00:00:00');
INSERT INTO `estore_service` VALUES ('63', '27', null, null, null, null, '1', '3', '1', '100.00', '1', '106', '2018-07-03 11:38:28', '2018-07-03 11:38:28', '0000-00-00 00:00:00');
INSERT INTO `estore_service` VALUES ('64', '27', null, null, null, null, '1', '3', '1', '100.00', '1', '106', '2018-07-03 11:39:25', '2018-07-03 11:39:25', '0000-00-00 00:00:00');
INSERT INTO `estore_service` VALUES ('65', '27', null, null, null, null, '1', '3', '1', '100.00', '1', '106', '2018-07-03 11:54:59', '2018-07-03 11:54:59', '0000-00-00 00:00:00');
INSERT INTO `estore_service` VALUES ('66', '27', null, null, null, null, '1', '3', '1', '100.00', '1', '106', '2018-07-03 11:58:16', '2018-07-03 11:58:16', '0000-00-00 00:00:00');
INSERT INTO `estore_service` VALUES ('67', '27', null, null, null, null, '1', '3', '1', '100.00', '1', '106', '2018-07-03 12:37:32', '2018-07-03 12:37:32', '0000-00-00 00:00:00');
INSERT INTO `estore_service` VALUES ('68', '27', null, null, null, null, '1', '3', '1', '100.00', '1', '106', '2018-07-03 13:42:46', '2018-07-03 13:42:46', '0000-00-00 00:00:00');
INSERT INTO `estore_service` VALUES ('69', '27', null, null, null, null, '1', '3', '1', '100.00', '1', '106', '2018-07-03 14:49:32', '2018-07-03 14:49:32', '0000-00-00 00:00:00');
INSERT INTO `estore_service` VALUES ('70', '27', null, null, null, null, '1', '3', '1', '100.00', '1', '106', '2018-07-03 14:58:00', '2018-07-03 14:58:00', '0000-00-00 00:00:00');
INSERT INTO `estore_service` VALUES ('71', '1', null, null, null, null, '1', '3', '1', '200.00', '2', '130', '2018-07-04 14:18:06', '2018-07-04 14:18:06', '0000-00-00 00:00:00');
INSERT INTO `estore_service` VALUES ('72', '1', null, null, null, null, '1', '3', '1', '200.00', '2', '130', '2018-07-04 14:18:07', '2018-07-04 14:18:07', '0000-00-00 00:00:00');
INSERT INTO `estore_service` VALUES ('73', '1', null, null, null, null, '1', '3', '1', '200.00', '2', '130', '2018-07-04 14:18:29', '2018-07-04 14:18:29', '0000-00-00 00:00:00');
INSERT INTO `estore_service` VALUES ('74', '1', null, null, null, null, '1', '3', '1', '200.00', '2', '82', '2018-07-04 17:01:40', '2018-07-04 17:01:40', '0000-00-00 00:00:00');
INSERT INTO `estore_service` VALUES ('75', '1', null, null, null, null, '1', '3', '1', '200.00', '2', '82', '2018-07-04 17:07:22', '2018-07-04 17:07:22', '0000-00-00 00:00:00');
INSERT INTO `estore_service` VALUES ('76', '1', null, null, null, null, '1', '3', '1', '200.00', '2', '82', '2018-07-05 11:31:27', '2018-07-05 11:31:27', '0000-00-00 00:00:00');
INSERT INTO `estore_service` VALUES ('77', '1', null, null, null, null, '1', '3', '1', '200.00', '2', '82', '2018-07-05 11:45:04', '2018-07-05 11:45:04', '0000-00-00 00:00:00');
INSERT INTO `estore_service` VALUES ('78', '1', null, null, null, null, '1', '3', '1', '200.00', '2', '82', '2018-07-05 11:50:05', '2018-07-05 11:50:05', '0000-00-00 00:00:00');
INSERT INTO `estore_service` VALUES ('79', '1', null, null, null, null, '1', '3', '1', '100.00', '1', '82', '2018-07-05 11:52:07', '2018-07-05 11:52:07', '0000-00-00 00:00:00');
INSERT INTO `estore_service` VALUES ('80', '1', null, null, null, null, '1', '3', '1', '100.00', '1', '132', '2018-07-06 10:23:34', '2018-07-06 10:23:34', '0000-00-00 00:00:00');
INSERT INTO `estore_service` VALUES ('81', '1', null, null, null, null, '1', '3', '1', '100.00', '1', '132', '2018-07-06 10:27:47', '2018-07-06 10:27:47', '0000-00-00 00:00:00');
INSERT INTO `estore_service` VALUES ('82', '1', null, null, null, '153604187981200000', '1', '3', '1', '100.00', '1', '140', '2018-09-04 14:17:59', '2018-09-04 14:17:59', '2018-09-04 14:18:00');
INSERT INTO `estore_service` VALUES ('83', '1', null, null, null, '153604213106000000', '1', '3', '1', '100.00', '1', '140', '2018-09-04 14:22:11', '2018-09-04 14:22:11', '2018-09-04 14:22:11');
INSERT INTO `estore_service` VALUES ('84', '1', null, null, null, '153604607695400000', '1', '3', '1', '100.00', '1', '140', '2018-09-04 15:27:56', '2018-09-04 15:27:56', '2018-09-04 15:27:57');
INSERT INTO `estore_service` VALUES ('85', '1', null, null, null, '153604760332600000', '1', '3', '1', '100.00', '1', '140', '2018-09-04 15:53:23', '2018-09-04 15:53:23', '2018-09-04 15:53:23');
INSERT INTO `estore_service` VALUES ('86', '1', null, null, null, '153604767674500000', '1', '3', '1', '100.00', '1', '140', '2018-09-04 15:54:37', '2018-09-04 15:54:37', '2018-09-04 15:54:36');
INSERT INTO `estore_service` VALUES ('87', '1', null, null, null, '153604815961000000', '1', '3', '1', '100.00', '1', '140', '2018-09-04 16:02:39', '2018-09-04 16:02:39', '2018-09-04 16:02:39');
INSERT INTO `estore_service` VALUES ('88', '1', null, null, null, '153611194405600000', '1', '3', '1', '100.00', '1', '140', '2018-09-05 09:45:44', '2018-09-05 09:45:44', '2018-09-05 09:45:47');
INSERT INTO `estore_service` VALUES ('89', '1', '1', null, null, '153611285015900000', '1', '1', '0', '0.01', '1', '1', '2018-09-05 14:27:14', '2018-09-05 14:27:14', '2018-09-05 14:27:14');
INSERT INTO `estore_service` VALUES ('90', '1', '1', null, null, '153612802149700000', '1', '1', '1', '0.01', '1', '1', '2018-09-05 14:31:29', '2018-09-05 14:31:29', '2018-09-05 14:31:29');
INSERT INTO `estore_service` VALUES ('91', '1', '1', null, null, '153612802149900000', '1', '2', '1', '0.01', '1', '1', '2018-09-05 14:31:30', '2018-09-05 14:31:30', '2018-09-05 14:31:30');
INSERT INTO `estore_service` VALUES ('92', '1', null, null, null, '153613428101100000', '1', '3', '1', '100.00', '1', '140', '2018-09-05 15:58:01', '2018-09-05 15:58:01', '2018-09-05 15:58:01');

-- ----------------------------
-- Table structure for estore_service_sms_batch
-- ----------------------------
DROP TABLE IF EXISTS `estore_service_sms_batch`;
CREATE TABLE `estore_service_sms_batch` (
  `id` bigint(20) NOT NULL AUTO_INCREMENT,
  `service_id` bigint(20) DEFAULT NULL COMMENT '服务id',
  `send_num` int(3) DEFAULT NULL COMMENT '发送条数',
  `real_num` int(3) DEFAULT NULL COMMENT '短信真实条数',
  `content` varchar(1024) DEFAULT NULL COMMENT '短信内容',
  `create_time` datetime DEFAULT NULL COMMENT '创建时间',
  `last_update_time` timestamp NOT NULL DEFAULT CURRENT_TIMESTAMP ON UPDATE CURRENT_TIMESTAMP COMMENT '最后更新时间',
  PRIMARY KEY (`id`)
) ENGINE=InnoDB AUTO_INCREMENT=88 DEFAULT CHARSET=utf8 COMMENT='短信批次表';

-- ----------------------------
-- Records of estore_service_sms_batch
-- ----------------------------
INSERT INTO `estore_service_sms_batch` VALUES ('1', '1', '25', '25', '禅道', '2018-06-12 19:56:42', '2018-09-05 15:55:25');
INSERT INTO `estore_service_sms_batch` VALUES ('2', '5', '2', '4', '为庆祝阿里巴巴成立14周年，多重好礼强势来袭，各位还在观望的老板们还等什么，现加入既有可能获得1、网销宝两百元现金，产品无限曝光；2、爆款实验室，轻松找到最优产品；3网商宝典-生意经，新增客户独享，优品库免费展示', '2018-06-13 13:21:29', '2018-06-13 13:21:29');
INSERT INTO `estore_service_sms_batch` VALUES ('3', '6', '2', '4', '为庆祝阿里巴巴成立14周年，多重好礼强势来袭，各位还在观望的老板们还等什么，现加入既有可能获得1、网销宝两百元现金，产品无限曝光；2、爆款实验室，轻松找到最优产品；3网商宝典-生意经，新增客户独享，优品库免费展示', '2018-06-13 13:36:23', '2018-06-13 13:36:23');
INSERT INTO `estore_service_sms_batch` VALUES ('4', '7', '2', '4', '为庆祝阿里巴巴成立14周年，多重好礼强势来袭，各位还在观望的老板们还等什么，现加入既有可能获得1、网销宝两百元现金，产品无限曝光；2、爆款实验室，轻松找到最优产品；3网商宝典-生意经，新增客户独享，优品库免费展示', '2018-06-13 13:37:07', '2018-06-13 13:37:07');
INSERT INTO `estore_service_sms_batch` VALUES ('5', '8', '2', '4', '为庆祝阿里巴巴成立14周年，多重好礼强势来袭，各位还在观望的老板们还等什么，现加入既有可能获得1、网销宝两百元现金，产品无限曝光；2、爆款实验室，轻松找到最优产品；3网商宝典-生意经，新增客户独享，优品库免费展示', '2018-06-13 13:42:40', '2018-06-13 13:42:40');
INSERT INTO `estore_service_sms_batch` VALUES ('6', '10', '2', '2', '是', '2018-06-22 10:24:35', '2018-06-22 10:24:38');
INSERT INTO `estore_service_sms_batch` VALUES ('7', '11', '2', '2', '的', '2018-06-22 10:26:48', '2018-06-22 10:26:51');
INSERT INTO `estore_service_sms_batch` VALUES ('8', '12', '2', '2', '的', '2018-06-22 10:26:58', '2018-06-22 10:27:01');
INSERT INTO `estore_service_sms_batch` VALUES ('9', '13', '2', '2', '的', '2018-06-22 10:27:15', '2018-06-22 10:27:18');
INSERT INTO `estore_service_sms_batch` VALUES ('10', '14', '2', '2', '试试', '2018-06-22 10:27:40', '2018-06-22 10:27:43');
INSERT INTO `estore_service_sms_batch` VALUES ('11', '15', '1', '1', 'a', '2018-06-22 10:28:43', '2018-06-22 10:28:46');
INSERT INTO `estore_service_sms_batch` VALUES ('12', '16', '1', '1', '是', '2018-06-22 10:30:58', '2018-06-22 10:31:01');
INSERT INTO `estore_service_sms_batch` VALUES ('13', '17', '10', '10', '淡定', '2018-06-22 10:34:07', '2018-06-22 10:34:10');
INSERT INTO `estore_service_sms_batch` VALUES ('14', '18', '10', '10', '淡定', '2018-06-22 10:34:40', '2018-06-22 10:34:43');
INSERT INTO `estore_service_sms_batch` VALUES ('15', '19', '10', '10', '的', '2018-06-22 10:39:46', '2018-06-22 10:39:49');
INSERT INTO `estore_service_sms_batch` VALUES ('16', '20', '10', '10', '是', '2018-06-22 10:40:35', '2018-06-22 10:40:38');
INSERT INTO `estore_service_sms_batch` VALUES ('17', '21', '10', '10', '是', '2018-06-22 10:42:16', '2018-06-22 10:42:19');
INSERT INTO `estore_service_sms_batch` VALUES ('18', '22', '10', '10', '是', '2018-06-22 10:43:07', '2018-06-22 10:43:10');
INSERT INTO `estore_service_sms_batch` VALUES ('19', '23', '10', '10', '是', '2018-06-22 10:43:20', '2018-06-22 10:43:23');
INSERT INTO `estore_service_sms_batch` VALUES ('20', '2', '30', '30', 'qwe', '2018-06-22 15:51:27', '2018-06-28 11:45:59');
INSERT INTO `estore_service_sms_batch` VALUES ('21', '24', '2', '2', '撒旦', '2018-06-25 10:36:23', '2018-06-25 10:36:23');
INSERT INTO `estore_service_sms_batch` VALUES ('22', '25', '2', '2', '士大夫', '2018-06-25 10:40:28', '2018-06-25 10:40:27');
INSERT INTO `estore_service_sms_batch` VALUES ('23', '26', '1', '1', '的', '2018-06-25 16:03:47', '2018-09-05 09:18:05');
INSERT INTO `estore_service_sms_batch` VALUES ('24', '27', '2', '2', '的', '2018-06-25 16:25:40', '2018-09-04 16:04:45');
INSERT INTO `estore_service_sms_batch` VALUES ('25', '28', '2', '2', '222', '2018-06-25 16:27:43', '2018-06-25 16:27:42');
INSERT INTO `estore_service_sms_batch` VALUES ('26', '29', '1', '1', '看看', '2018-06-25 16:30:34', '2018-06-25 16:30:35');
INSERT INTO `estore_service_sms_batch` VALUES ('27', '30', '1', '1', '111', '2018-06-25 16:30:37', '2018-06-25 16:30:36');
INSERT INTO `estore_service_sms_batch` VALUES ('28', '31', '1', '1', '111', '2018-06-26 15:10:03', '2018-06-26 15:10:01');
INSERT INTO `estore_service_sms_batch` VALUES ('29', '32', '1', '1', 'fgh', '2018-06-27 18:19:32', '2018-06-27 18:19:31');
INSERT INTO `estore_service_sms_batch` VALUES ('30', '33', '2', '2', '得分', '2018-06-28 09:36:39', '2018-06-28 09:36:41');
INSERT INTO `estore_service_sms_batch` VALUES ('31', '34', '1', '1', '是', '2018-06-28 09:47:35', '2018-09-04 15:34:05');
INSERT INTO `estore_service_sms_batch` VALUES ('32', '35', '1', '1', '的', '2018-06-28 09:50:13', '2018-06-28 09:50:15');
INSERT INTO `estore_service_sms_batch` VALUES ('33', '4', '41', '41', '是', '2018-06-28 09:55:44', '2018-06-28 09:55:47');
INSERT INTO `estore_service_sms_batch` VALUES ('34', '36', '1', '1', '的', '2018-06-28 10:06:44', '2018-06-28 10:06:46');
INSERT INTO `estore_service_sms_batch` VALUES ('35', '37', '1', '1', '是', '2018-06-28 10:10:41', '2018-06-28 10:10:43');
INSERT INTO `estore_service_sms_batch` VALUES ('36', '38', '1', '1', '放到', '2018-06-28 10:19:05', '2018-06-28 10:19:07');
INSERT INTO `estore_service_sms_batch` VALUES ('37', '39', '1', '1', '的', '2018-06-28 10:25:32', '2018-06-28 10:25:35');
INSERT INTO `estore_service_sms_batch` VALUES ('38', '40', '1', '1', '是', '2018-06-28 10:31:42', '2018-06-28 10:31:44');
INSERT INTO `estore_service_sms_batch` VALUES ('39', '41', '1', '1', '是', '2018-06-28 10:33:39', '2018-06-28 10:33:41');
INSERT INTO `estore_service_sms_batch` VALUES ('40', '42', '1', '1', '1', '2018-06-28 14:26:48', '2018-06-28 14:26:50');
INSERT INTO `estore_service_sms_batch` VALUES ('41', '43', '1', '1', '是', '2018-06-28 14:46:37', '2018-06-28 14:46:39');
INSERT INTO `estore_service_sms_batch` VALUES ('42', '44', '18', '18', '我', '2018-06-29 09:37:24', '2018-06-29 09:37:26');
INSERT INTO `estore_service_sms_batch` VALUES ('43', '45', '9', '9', '是', '2018-06-29 09:40:24', '2018-06-29 09:40:26');
INSERT INTO `estore_service_sms_batch` VALUES ('44', '46', '3', '3', '说我', '2018-06-29 09:50:34', '2018-06-29 09:50:35');
INSERT INTO `estore_service_sms_batch` VALUES ('45', '47', '1', '1', '搜索', '2018-07-02 11:34:42', '2018-07-02 11:34:50');
INSERT INTO `estore_service_sms_batch` VALUES ('46', '48', '1', '1', '搜索', '2018-07-02 11:34:43', '2018-07-02 11:34:51');
INSERT INTO `estore_service_sms_batch` VALUES ('47', '49', '1', '1', '搜索', '2018-07-02 11:34:52', '2018-07-02 11:35:00');
INSERT INTO `estore_service_sms_batch` VALUES ('48', '50', '1', '1', '搜索', '2018-07-02 11:34:54', '2018-07-02 11:35:02');
INSERT INTO `estore_service_sms_batch` VALUES ('49', '51', '1', '1', '搜索', '2018-07-02 11:34:55', '2018-07-02 11:35:03');
INSERT INTO `estore_service_sms_batch` VALUES ('50', '52', '1', '1', '13234345456', '2018-07-02 13:23:28', '2018-07-02 13:23:26');
INSERT INTO `estore_service_sms_batch` VALUES ('51', '53', '1', '1', '的尺寸v', '2018-07-03 11:27:47', '2018-07-03 11:27:46');
INSERT INTO `estore_service_sms_batch` VALUES ('52', '54', '1', '1', '的', '2018-07-03 11:31:41', '2018-07-03 11:31:41');
INSERT INTO `estore_service_sms_batch` VALUES ('53', '55', '1', '1', '从', '2018-07-03 11:34:24', '2018-07-03 11:34:24');
INSERT INTO `estore_service_sms_batch` VALUES ('54', '56', '1', '1', '是', '2018-07-03 11:35:09', '2018-07-03 11:35:08');
INSERT INTO `estore_service_sms_batch` VALUES ('55', '57', '1', '1', '是', '2018-07-03 11:35:09', '2018-07-03 11:35:08');
INSERT INTO `estore_service_sms_batch` VALUES ('56', '58', '1', '1', '发v', '2018-07-03 11:35:24', '2018-07-03 11:35:24');
INSERT INTO `estore_service_sms_batch` VALUES ('57', '59', '1', '1', '发', '2018-07-03 11:35:51', '2018-07-03 11:35:50');
INSERT INTO `estore_service_sms_batch` VALUES ('58', '60', '1', '1', '是', '2018-07-03 11:36:55', '2018-07-03 11:36:54');
INSERT INTO `estore_service_sms_batch` VALUES ('59', '61', '1', '1', '是', '2018-07-03 11:36:55', '2018-07-03 11:36:54');
INSERT INTO `estore_service_sms_batch` VALUES ('60', '62', '1', '1', '的', '2018-07-03 11:37:37', '2018-07-03 11:37:37');
INSERT INTO `estore_service_sms_batch` VALUES ('61', '63', '1', '1', '是', '2018-07-03 11:38:28', '2018-07-03 11:38:28');
INSERT INTO `estore_service_sms_batch` VALUES ('62', '64', '1', '1', '发', '2018-07-03 11:39:25', '2018-07-03 11:39:25');
INSERT INTO `estore_service_sms_batch` VALUES ('63', '65', '1', '1', '的', '2018-07-03 11:54:59', '2018-07-03 11:54:59');
INSERT INTO `estore_service_sms_batch` VALUES ('64', '66', '1', '1', '从', '2018-07-03 11:58:16', '2018-07-03 11:58:16');
INSERT INTO `estore_service_sms_batch` VALUES ('65', '67', '1', '1', '功发', '2018-07-03 12:37:32', '2018-07-03 12:37:32');
INSERT INTO `estore_service_sms_batch` VALUES ('66', '68', '1', '1', '发', '2018-07-03 13:42:46', '2018-07-03 13:42:45');
INSERT INTO `estore_service_sms_batch` VALUES ('67', '69', '1', '1', '是', '2018-07-03 14:49:32', '2018-07-03 14:49:31');
INSERT INTO `estore_service_sms_batch` VALUES ('68', '70', '1', '1', '大的', '2018-07-03 14:58:00', '2018-07-03 14:57:59');
INSERT INTO `estore_service_sms_batch` VALUES ('69', '71', '2', '2', '我的小时候', '2018-07-04 14:18:06', '2018-07-04 14:18:07');
INSERT INTO `estore_service_sms_batch` VALUES ('70', '72', '2', '2', '我的小时候', '2018-07-04 14:18:07', '2018-07-04 14:18:07');
INSERT INTO `estore_service_sms_batch` VALUES ('71', '73', '2', '2', '我的', '2018-07-04 14:18:29', '2018-07-04 14:18:29');
INSERT INTO `estore_service_sms_batch` VALUES ('72', '74', '2', '2', 'asd', '2018-07-04 17:01:40', '2018-07-04 17:01:38');
INSERT INTO `estore_service_sms_batch` VALUES ('73', '75', '2', '2', 'qewqwe', '2018-07-04 17:07:22', '2018-07-04 17:07:20');
INSERT INTO `estore_service_sms_batch` VALUES ('74', '76', '2', '2', 'qwe', '2018-07-05 11:31:27', '2018-07-05 11:31:24');
INSERT INTO `estore_service_sms_batch` VALUES ('75', '77', '2', '2', '123', '2018-07-05 11:45:04', '2018-07-05 11:45:01');
INSERT INTO `estore_service_sms_batch` VALUES ('76', '78', '2', '2', '123', '2018-07-05 11:50:05', '2018-07-05 11:50:02');
INSERT INTO `estore_service_sms_batch` VALUES ('77', '79', '1', '1', 'qwe', '2018-07-05 11:52:07', '2018-07-05 11:52:04');
INSERT INTO `estore_service_sms_batch` VALUES ('78', '80', '1', '1', '111', '2018-07-06 10:23:34', '2018-07-06 10:23:33');
INSERT INTO `estore_service_sms_batch` VALUES ('79', '81', '1', '1', '23234高跟鞋的发表回复你', '2018-07-06 10:27:47', '2018-07-06 10:27:46');
INSERT INTO `estore_service_sms_batch` VALUES ('80', '82', '1', '1', '淡定', '2018-09-04 14:17:59', '2018-09-04 14:17:59');
INSERT INTO `estore_service_sms_batch` VALUES ('81', '83', '1', '1', '试试', '2018-09-04 14:22:11', '2018-09-04 14:22:10');
INSERT INTO `estore_service_sms_batch` VALUES ('82', '84', '1', '1', '的', '2018-09-04 15:27:56', '2018-09-04 15:27:56');
INSERT INTO `estore_service_sms_batch` VALUES ('83', '85', '1', '1', '是', '2018-09-04 15:53:23', '2018-09-04 15:53:22');
INSERT INTO `estore_service_sms_batch` VALUES ('84', '86', '1', '1', '的', '2018-09-04 15:54:37', '2018-09-04 15:54:36');
INSERT INTO `estore_service_sms_batch` VALUES ('85', '87', '1', '1', '是', '2018-09-04 16:02:39', '2018-09-04 16:02:39');
INSERT INTO `estore_service_sms_batch` VALUES ('86', '88', '1', '1', '淡定', '2018-09-05 09:45:44', '2018-09-05 09:45:46');
INSERT INTO `estore_service_sms_batch` VALUES ('87', '92', '1', '1', '的', '2018-09-05 15:58:01', '2018-09-05 15:58:00');

-- ----------------------------
-- Table structure for estore_service_sms_detail
-- ----------------------------
DROP TABLE IF EXISTS `estore_service_sms_detail`;
CREATE TABLE `estore_service_sms_detail` (
  `id` bigint(20) NOT NULL AUTO_INCREMENT,
  `batch_id` bigint(20) DEFAULT NULL COMMENT '批次id',
  `user_customer_id` bigint(20) DEFAULT NULL COMMENT 'customer用户id',
  `mobile` varchar(11) DEFAULT NULL COMMENT '手机号',
  `customer_id` bigint(20) DEFAULT NULL COMMENT '自定义短信id',
  `send_time` datetime DEFAULT NULL COMMENT '发送时间',
  `response_message` varchar(128) DEFAULT NULL COMMENT '状态报告message',
  `response_code` varchar(64) DEFAULT NULL COMMENT '状态报告code',
  `state` tinyint(2) DEFAULT NULL COMMENT '短信发送状态',
  `create_time` datetime DEFAULT NULL COMMENT '创建时间',
  `last_update_time` timestamp NOT NULL DEFAULT CURRENT_TIMESTAMP ON UPDATE CURRENT_TIMESTAMP COMMENT '最后更新时间',
  PRIMARY KEY (`id`)
) ENGINE=InnoDB AUTO_INCREMENT=11 DEFAULT CHARSET=utf8 COMMENT='短信明细表';

-- ----------------------------
-- Records of estore_service_sms_detail
-- ----------------------------
INSERT INTO `estore_service_sms_detail` VALUES ('1', '1', '1', '18810860479', null, '2018-06-13 17:06:45', null, null, '0', '2018-06-13 17:06:52', '2018-06-13 17:06:53');
INSERT INTO `estore_service_sms_detail` VALUES ('2', '1', '4', '17611000060', '153075747572100000', '2018-07-05 10:24:36', null, null, '1', '2018-07-05 10:24:36', '2018-07-05 10:24:35');
INSERT INTO `estore_service_sms_detail` VALUES ('3', '1', '4', '17611000060', '153075872325000000', '2018-07-05 10:45:23', null, null, '1', '2018-07-05 10:45:23', '2018-07-05 10:45:22');
INSERT INTO `estore_service_sms_detail` VALUES ('4', '1', '4', '17611000060', '153075927975400000', '2018-07-05 10:54:40', null, null, '1', '2018-07-05 10:54:40', '2018-07-05 10:54:39');
INSERT INTO `estore_service_sms_detail` VALUES ('5', '1', '4', '17611000060', '153075989809900000', '2018-07-05 11:04:58', null, null, '1', '2018-07-05 11:04:58', '2018-07-05 11:04:57');
INSERT INTO `estore_service_sms_detail` VALUES ('6', '74', '96', '13345678912', '153076209220000000', '2018-07-05 11:41:32', null, null, '1', '2018-07-05 11:41:32', '2018-07-05 11:41:30');
INSERT INTO `estore_service_sms_detail` VALUES ('7', '74', '97', '13345678912', '153076209220100000', '2018-07-05 11:41:32', null, null, '1', '2018-07-05 11:41:32', '2018-07-05 11:41:30');
INSERT INTO `estore_service_sms_detail` VALUES ('8', '75', '96', '13345678912', '153076232845400000', '2018-07-05 11:45:28', null, null, '1', '2018-07-05 11:45:28', '2018-07-05 11:45:26');
INSERT INTO `estore_service_sms_detail` VALUES ('9', '75', '97', '13345678912', '153076232845401000', '2018-07-05 11:45:28', null, null, '1', '2018-07-05 11:45:28', '2018-07-05 11:45:26');
INSERT INTO `estore_service_sms_detail` VALUES ('10', '76', '98', '13426238781', '153076289572800000', '2018-07-05 11:54:56', '成功', 'DELIVRD', '2', '2018-07-05 11:54:56', '2018-07-05 11:55:16');

-- ----------------------------
-- Table structure for estore_store
-- ----------------------------
DROP TABLE IF EXISTS `estore_store`;
CREATE TABLE `estore_store` (
  `id` bigint(20) NOT NULL AUTO_INCREMENT,
  `name` varchar(128) DEFAULT NULL COMMENT '商户名称',
  `app_id` varchar(64) DEFAULT NULL COMMENT '小程序app_id',
  `app_secret` varchar(64) DEFAULT NULL COMMENT '小程序app_secret',
  `address` varchar(255) DEFAULT NULL COMMENT '地址',
  `mobile` varchar(13) DEFAULT NULL COMMENT '手机号',
  `store_licence` varchar(64) DEFAULT NULL COMMENT '营业执照号',
  `store_describe` varchar(512) DEFAULT NULL COMMENT '描述',
  `longitude` decimal(10,7) DEFAULT NULL COMMENT '经度',
  `dimension` decimal(10,7) DEFAULT NULL COMMENT '维度',
  `state` tinyint(2) DEFAULT '1' COMMENT '状态0启用1停用',
  `create_time` datetime DEFAULT NULL COMMENT '创建时间',
  `last_update_time` timestamp NOT NULL DEFAULT CURRENT_TIMESTAMP ON UPDATE CURRENT_TIMESTAMP COMMENT '最后更新时间',
  PRIMARY KEY (`id`)
) ENGINE=InnoDB AUTO_INCREMENT=33 DEFAULT CHARSET=utf8 COMMENT='商户表';

-- ----------------------------
-- Records of estore_store
-- ----------------------------
INSERT INTO `estore_store` VALUES ('1', 'emay', '1', '1', '北京市朝阳区日坛北街33号', '400-222-2221', '12316654156', '北京亿美软通科技有限公司( Beijing Emay Softcom Technology Ltd.)是具备国际水准的移动商务平台技术和应用方案提供商。自2001年成立以来，亿美软通始终致力于为国内外企业提供具备国际技术水准的移动商务平台及运营服务。目前，亿美软通已为超过50万家企业提供移动个性客服、移动数据采集、移动高效管理等方面的各类移动商务产品和通讯服务，业务服务覆盖超过7亿手机用户，是中国领先的移动商务服务商。', '116.4435500', '39.9219000', '1', '2018-06-11 15:51:10', '2018-07-10 15:26:00');
INSERT INTO `estore_store` VALUES ('2', null, null, null, '北京市朝阳区四惠国投尚科大厦(惠河南街南)', null, '123451234512345', null, '116.5106800', '39.9044100', '1', null, '2018-07-06 16:54:32');
INSERT INTO `estore_store` VALUES ('17', '1sdaf', '1', '1', null, null, '1', null, null, null, '1', '2018-06-12 15:37:35', '2018-06-13 13:15:23');
INSERT INTO `estore_store` VALUES ('18', '第三个下载', '11111', '1111', '君天大厦二层菜市场', '13426238780', '11111', '北京亿美软通科技有限公司( Beijing Emay Softcom Technology Ltd.)是具备国际水准的移动商务平台技术和应用方案提供商。自2001年成立以来，亿美软通始终致力于为国内外企业提供具备国际技术水准的移动商务平台及运营服务。目前，亿美软通已为超过50万家企业提供移动个性客服、移动数据采集、移理等方面的各类移 的说说的手动阀 111111111111111111111111111111111111111111111111111111111111111111111111111111111111111111111111111111111111111asdffff', '116.4517039', '39.9231507', '1', '2018-06-13 10:27:27', '2018-06-15 17:28:20');
INSERT INTO `estore_store` VALUES ('19', 'sazg', '1213142', '2314', 'ssdsafsd', '1312553672', '2134', 'safdsadfasdfasdfasdfdsafd的说法都是sadsaf', '0.0000000', '0.0000000', '1', '2018-06-13 15:34:54', '2018-06-20 15:37:22');
INSERT INTO `estore_store` VALUES ('20', 'sadf', '1111', '1111', null, null, '11111', null, null, null, '1', '2018-06-13 15:40:14', '2018-06-13 15:40:12');
INSERT INTO `estore_store` VALUES ('21', '1465465士大夫', 'null', 'null', null, null, '111111111111111', null, null, null, '1', '2018-06-20 16:20:27', '2018-06-22 17:03:48');
INSERT INTO `estore_store` VALUES ('22', '1465465士', 'null', 'null', null, null, '111111111111111', null, null, null, '1', '2018-06-20 16:40:57', '2018-06-22 17:03:36');
INSERT INTO `estore_store` VALUES ('23', '士大夫', 'null', 'null', null, null, '111111111111111', null, null, null, '1', '2018-06-20 16:42:05', '2018-06-22 17:01:28');
INSERT INTO `estore_store` VALUES ('24', '阿斯顿飞过', 'null', 'null', null, null, '111111111111111', null, null, null, '1', '2018-06-22 17:04:42', '2018-06-22 17:04:57');
INSERT INTO `estore_store` VALUES ('25', '撒旦飞洒', 'null', 'null', null, null, '111111111111111', null, null, null, '0', '2018-06-22 17:05:22', '2018-06-26 15:44:41');
INSERT INTO `estore_store` VALUES ('26', 'asdf%', null, null, null, null, '111111111111111', null, null, null, '1', '2018-06-26 15:40:54', '2018-06-26 18:03:01');
INSERT INTO `estore_store` VALUES ('27', 'jhlku', null, null, '北京市朝阳区通惠河畔文化创意产业园1131号君天大厦六层', '400-779-7255', '111111111111111', '北京亿美软通科技有限公司是具备国际水准的移动商务平台技术和应用方案提供商，是中国领先的移动商务服务商，致力于为企业提供基于3G技术的精准营销、高效管理和个性服务解决方案。亿美软通积极倡导软件行业、互联网企业和各类技术厂商与服务商，共同推进移动商务在中国的发展。亿美软通是中国主要电信运营商资深的战略合作伙伴，在移动商务的平台技术、应用产品、销售渠道和服务网络等方面开展了全方位的深度合作。', '116.4804572', '39.9475012', '1', '2018-06-27 09:51:31', '2018-07-03 10:58:44');
INSERT INTO `estore_store` VALUES ('28', '测试yf', null, null, null, null, '123123123123123', null, null, null, '1', '2018-07-02 10:09:14', '2018-07-02 10:09:11');
INSERT INTO `estore_store` VALUES ('29', '一二三四五一二三四五一二三四五一二三四五一二三四五一二三四五1', '123456123456123456', '12345678123456781234567812345678', null, null, '123451234512345', null, null, null, '1', '2018-07-02 10:10:55', '2018-07-02 16:15:58');
INSERT INTO `estore_store` VALUES ('30', '11111111111烦烦烦方法', null, null, '北京市朝阳区朝阳门外大街乙12号昆泰嘉华酒店2层', '400-430-4300', '123123123123123', '手动阀实打实打算啊实打实的阿斯蒂啊实打实法国瑞士的规范化部分的支持者g\'gDFewa DSFD fASFwqefD F ZDSFVSDZAD FRSefDZXFAzsdfv fzdssdzfvf\'v\'d\'z\'s\'g\'re\'a gfsdF S Sf erfdsz fd\'f\'g\'re', '116.4423500', '39.9232400', '1', '2018-07-02 16:16:32', '2018-07-07 00:11:01');
INSERT INTO `estore_store` VALUES ('31', '121', '123143435675897890', '12342344r34524546457687675678567', null, null, '134314333335646', null, null, null, '1', '2018-09-17 15:49:38', '2018-09-17 15:49:36');
INSERT INTO `estore_store` VALUES ('32', '12', '123456789012345678', '11111111111111111111111111111111', null, null, '111111111111111111', null, null, null, '1', '2018-09-17 15:57:13', '2018-09-17 16:05:29');

-- ----------------------------
-- Table structure for estore_user
-- ----------------------------
DROP TABLE IF EXISTS `estore_user`;
CREATE TABLE `estore_user` (
  `id` bigint(20) NOT NULL AUTO_INCREMENT,
  `mobile` varchar(11) DEFAULT NULL COMMENT '手机号',
  `gender` tinyint(2) DEFAULT NULL COMMENT '性别1男2女0未知',
  `country` varchar(32) DEFAULT NULL COMMENT '国家',
  `province` varchar(32) DEFAULT NULL COMMENT '省份',
  `city` varchar(32) DEFAULT NULL COMMENT '城市',
  `language` varchar(16) DEFAULT NULL COMMENT '用户语言',
  `create_time` datetime DEFAULT NULL COMMENT '创建时间',
  `last_update_time` timestamp NOT NULL DEFAULT CURRENT_TIMESTAMP ON UPDATE CURRENT_TIMESTAMP COMMENT '最后更新时间',
  PRIMARY KEY (`id`)
) ENGINE=InnoDB AUTO_INCREMENT=238 DEFAULT CHARSET=utf8 COMMENT='用户基础信息表';

-- ----------------------------
-- Records of estore_user
-- ----------------------------
INSERT INTO `estore_user` VALUES ('231', '18810860479', '2', 'China', 'Henan', 'Zhoukou', 'zh_CN', '2018-09-03 15:50:45', '2018-09-03 15:50:50');
INSERT INTO `estore_user` VALUES ('233', '13426238781', '0', '', '', '', 'zh_CN', '2018-09-04 11:27:15', '2018-09-04 11:27:37');
INSERT INTO `estore_user` VALUES ('235', null, '2', 'China', 'Henan', 'Zhoukou', 'zh_CN', '2018-09-06 13:23:10', '2018-09-06 13:23:08');
INSERT INTO `estore_user` VALUES ('236', '18500137046', '2', 'China', 'Henan', 'Shangqiu', 'zh_CN', '2018-09-18 09:36:23', '2018-09-18 10:57:36');
INSERT INTO `estore_user` VALUES ('237', null, '2', 'China', 'Henan', 'Shangqiu', 'zh_CN', '2018-09-18 10:09:19', '2018-09-18 10:09:16');

-- ----------------------------
-- Table structure for system_auth_navigation
-- ----------------------------
DROP TABLE IF EXISTS `system_auth_navigation`;
CREATE TABLE `system_auth_navigation` (
  `id` bigint(20) NOT NULL AUTO_INCREMENT,
  `l_index` int(11) DEFAULT NULL,
  `name` varchar(255) COLLATE utf8_unicode_ci DEFAULT NULL,
  PRIMARY KEY (`id`)
) ENGINE=InnoDB AUTO_INCREMENT=3 DEFAULT CHARSET=utf8 COLLATE=utf8_unicode_ci;

-- ----------------------------
-- Records of system_auth_navigation
-- ----------------------------
INSERT INTO `system_auth_navigation` VALUES ('1', '1', '系统管理');
INSERT INTO `system_auth_navigation` VALUES ('2', '2', '小程序管理');

-- ----------------------------
-- Table structure for system_auth_oper
-- ----------------------------
DROP TABLE IF EXISTS `system_auth_oper`;
CREATE TABLE `system_auth_oper` (
  `id` bigint(20) NOT NULL AUTO_INCREMENT,
  `auth_code` varchar(255) COLLATE utf8_unicode_ci DEFAULT NULL,
  `l_index` int(11) DEFAULT NULL,
  `name` varchar(255) COLLATE utf8_unicode_ci DEFAULT NULL,
  `page_auth_id` bigint(20) DEFAULT NULL,
  PRIMARY KEY (`id`)
) ENGINE=InnoDB AUTO_INCREMENT=8 DEFAULT CHARSET=utf8 COLLATE=utf8_unicode_ci;

-- ----------------------------
-- Records of system_auth_oper
-- ----------------------------
INSERT INTO `system_auth_oper` VALUES ('1', 'ADD_USER', '1', '新增用户', '1');
INSERT INTO `system_auth_oper` VALUES ('2', 'OPER_USER', '2', '停用/启用用户', '1');
INSERT INTO `system_auth_oper` VALUES ('3', 'EDIT_USER', '3', '编辑用户', '1');
INSERT INTO `system_auth_oper` VALUES ('4', 'DELETE_USER', '4', '删除用户', '1');
INSERT INTO `system_auth_oper` VALUES ('5', 'ADD_ROLE', '5', '新增角色', '2');
INSERT INTO `system_auth_oper` VALUES ('6', 'EDIT_ROLE', '6', '编辑角色', '2');
INSERT INTO `system_auth_oper` VALUES ('7', 'DELETE_ROLE', '7', '删除角色', '2');

-- ----------------------------
-- Table structure for system_auth_page
-- ----------------------------
DROP TABLE IF EXISTS `system_auth_page`;
CREATE TABLE `system_auth_page` (
  `id` bigint(20) NOT NULL AUTO_INCREMENT,
  `auth_code` varchar(255) COLLATE utf8_unicode_ci DEFAULT NULL,
  `l_index` int(11) DEFAULT NULL,
  `name` varchar(255) COLLATE utf8_unicode_ci DEFAULT NULL,
  `navigation_id` bigint(20) DEFAULT NULL,
  `page_url` varchar(255) COLLATE utf8_unicode_ci DEFAULT NULL,
  PRIMARY KEY (`id`)
) ENGINE=InnoDB AUTO_INCREMENT=10 DEFAULT CHARSET=utf8 COLLATE=utf8_unicode_ci;

-- ----------------------------
-- Records of system_auth_page
-- ----------------------------
INSERT INTO `system_auth_page` VALUES ('1', 'USER', '1', '用户管理', '1', '/user');
INSERT INTO `system_auth_page` VALUES ('2', 'ROLE', '2', '角色管理', '1', '/role');
INSERT INTO `system_auth_page` VALUES ('3', 'STORE', '1', '企业管理', '2', '/store');
INSERT INTO `system_auth_page` VALUES ('4', 'GOODS', '2', '商品管理', '2', '/goods');
INSERT INTO `system_auth_page` VALUES ('5', 'STOREUSER', '3', '用户管理', '2', '/storeUser');
INSERT INTO `system_auth_page` VALUES ('6', 'SERVICE_MANAGE', '4', '增值服务记录', '2', '/service/manage');
INSERT INTO `system_auth_page` VALUES ('7', 'LOG', '3', '日志管理', '1', '/log');
INSERT INTO `system_auth_page` VALUES ('8', 'SETTING', '4', '系统设置', '1', '/setting');
INSERT INTO `system_auth_page` VALUES ('9', 'AD_MANAGE', '5', '广告位管理', '2', '/adManage');

-- ----------------------------
-- Table structure for system_auth_role
-- ----------------------------
DROP TABLE IF EXISTS `system_auth_role`;
CREATE TABLE `system_auth_role` (
  `id` bigint(20) NOT NULL AUTO_INCREMENT,
  `create_time` datetime DEFAULT NULL,
  `is_delete` tinyint(1) DEFAULT NULL,
  `name` varchar(255) COLLATE utf8_unicode_ci DEFAULT NULL,
  PRIMARY KEY (`id`)
) ENGINE=InnoDB AUTO_INCREMENT=5 DEFAULT CHARSET=utf8 COLLATE=utf8_unicode_ci;

-- ----------------------------
-- Records of system_auth_role
-- ----------------------------
INSERT INTO `system_auth_role` VALUES ('1', '2015-08-14 15:05:31', '0', '超级管理员');
INSERT INTO `system_auth_role` VALUES ('2', '2018-06-29 16:05:41', '0', '淡定');
INSERT INTO `system_auth_role` VALUES ('3', '2018-06-29 16:10:41', '0', '管理');
INSERT INTO `system_auth_role` VALUES ('4', '2018-07-04 11:26:24', '1', '的');

-- ----------------------------
-- Table structure for system_auth_role_auth
-- ----------------------------
DROP TABLE IF EXISTS `system_auth_role_auth`;
CREATE TABLE `system_auth_role_auth` (
  `id` bigint(20) NOT NULL AUTO_INCREMENT,
  `auth_id` bigint(20) DEFAULT NULL,
  `role_id` bigint(20) DEFAULT NULL,
  `type` varchar(255) COLLATE utf8_unicode_ci DEFAULT NULL,
  PRIMARY KEY (`id`)
) ENGINE=InnoDB AUTO_INCREMENT=156 DEFAULT CHARSET=utf8 COLLATE=utf8_unicode_ci;

-- ----------------------------
-- Records of system_auth_role_auth
-- ----------------------------
INSERT INTO `system_auth_role_auth` VALUES ('1', '1', '1', 'PAGE');
INSERT INTO `system_auth_role_auth` VALUES ('2', '2', '1', 'PAGE');
INSERT INTO `system_auth_role_auth` VALUES ('3', '1', '1', 'OPER');
INSERT INTO `system_auth_role_auth` VALUES ('4', '2', '1', 'OPER');
INSERT INTO `system_auth_role_auth` VALUES ('5', '3', '1', 'OPER');
INSERT INTO `system_auth_role_auth` VALUES ('6', '4', '1', 'OPER');
INSERT INTO `system_auth_role_auth` VALUES ('7', '5', '1', 'OPER');
INSERT INTO `system_auth_role_auth` VALUES ('8', '6', '1', 'OPER');
INSERT INTO `system_auth_role_auth` VALUES ('9', '7', '1', 'OPER');
INSERT INTO `system_auth_role_auth` VALUES ('10', '3', '1', 'PAGE');
INSERT INTO `system_auth_role_auth` VALUES ('11', '4', '1', 'PAGE');
INSERT INTO `system_auth_role_auth` VALUES ('12', '5', '1', 'PAGE');
INSERT INTO `system_auth_role_auth` VALUES ('13', '6', '1', 'PAGE');
INSERT INTO `system_auth_role_auth` VALUES ('14', '7', '1', 'PAGE');
INSERT INTO `system_auth_role_auth` VALUES ('15', '8', '1', 'PAGE');
INSERT INTO `system_auth_role_auth` VALUES ('16', '9', '1', 'PAGE');
INSERT INTO `system_auth_role_auth` VALUES ('102', '1', '2', 'OPER');
INSERT INTO `system_auth_role_auth` VALUES ('103', '2', '2', 'OPER');
INSERT INTO `system_auth_role_auth` VALUES ('104', '3', '2', 'OPER');
INSERT INTO `system_auth_role_auth` VALUES ('105', '4', '2', 'OPER');
INSERT INTO `system_auth_role_auth` VALUES ('106', '5', '2', 'OPER');
INSERT INTO `system_auth_role_auth` VALUES ('107', '6', '2', 'OPER');
INSERT INTO `system_auth_role_auth` VALUES ('108', '7', '2', 'OPER');
INSERT INTO `system_auth_role_auth` VALUES ('109', '1', '2', 'PAGE');
INSERT INTO `system_auth_role_auth` VALUES ('110', '3', '2', 'PAGE');
INSERT INTO `system_auth_role_auth` VALUES ('111', '2', '2', 'PAGE');
INSERT INTO `system_auth_role_auth` VALUES ('112', '4', '2', 'PAGE');
INSERT INTO `system_auth_role_auth` VALUES ('113', '5', '2', 'PAGE');
INSERT INTO `system_auth_role_auth` VALUES ('114', '7', '2', 'PAGE');
INSERT INTO `system_auth_role_auth` VALUES ('115', '6', '2', 'PAGE');
INSERT INTO `system_auth_role_auth` VALUES ('116', '8', '2', 'PAGE');
INSERT INTO `system_auth_role_auth` VALUES ('117', '1', '3', 'OPER');
INSERT INTO `system_auth_role_auth` VALUES ('118', '2', '3', 'OPER');
INSERT INTO `system_auth_role_auth` VALUES ('119', '3', '3', 'OPER');
INSERT INTO `system_auth_role_auth` VALUES ('120', '4', '3', 'OPER');
INSERT INTO `system_auth_role_auth` VALUES ('121', '5', '3', 'OPER');
INSERT INTO `system_auth_role_auth` VALUES ('122', '6', '3', 'OPER');
INSERT INTO `system_auth_role_auth` VALUES ('123', '7', '3', 'OPER');
INSERT INTO `system_auth_role_auth` VALUES ('124', '1', '3', 'PAGE');
INSERT INTO `system_auth_role_auth` VALUES ('125', '3', '3', 'PAGE');
INSERT INTO `system_auth_role_auth` VALUES ('126', '2', '3', 'PAGE');
INSERT INTO `system_auth_role_auth` VALUES ('127', '4', '3', 'PAGE');
INSERT INTO `system_auth_role_auth` VALUES ('128', '5', '3', 'PAGE');
INSERT INTO `system_auth_role_auth` VALUES ('129', '7', '3', 'PAGE');
INSERT INTO `system_auth_role_auth` VALUES ('130', '6', '3', 'PAGE');
INSERT INTO `system_auth_role_auth` VALUES ('131', '8', '3', 'PAGE');
INSERT INTO `system_auth_role_auth` VALUES ('143', '1', '4', 'OPER');
INSERT INTO `system_auth_role_auth` VALUES ('144', '2', '4', 'OPER');
INSERT INTO `system_auth_role_auth` VALUES ('145', '3', '4', 'OPER');
INSERT INTO `system_auth_role_auth` VALUES ('146', '4', '4', 'OPER');
INSERT INTO `system_auth_role_auth` VALUES ('147', '6', '4', 'OPER');
INSERT INTO `system_auth_role_auth` VALUES ('148', '1', '4', 'PAGE');
INSERT INTO `system_auth_role_auth` VALUES ('149', '3', '4', 'PAGE');
INSERT INTO `system_auth_role_auth` VALUES ('150', '2', '4', 'PAGE');
INSERT INTO `system_auth_role_auth` VALUES ('151', '4', '4', 'PAGE');
INSERT INTO `system_auth_role_auth` VALUES ('152', '5', '4', 'PAGE');
INSERT INTO `system_auth_role_auth` VALUES ('153', '7', '4', 'PAGE');
INSERT INTO `system_auth_role_auth` VALUES ('154', '6', '4', 'PAGE');
INSERT INTO `system_auth_role_auth` VALUES ('155', '8', '4', 'PAGE');

-- ----------------------------
-- Table structure for system_auth_user_role
-- ----------------------------
DROP TABLE IF EXISTS `system_auth_user_role`;
CREATE TABLE `system_auth_user_role` (
  `id` bigint(20) NOT NULL AUTO_INCREMENT,
  `role_id` bigint(20) DEFAULT NULL,
  `user_id` bigint(20) DEFAULT NULL,
  PRIMARY KEY (`id`)
) ENGINE=InnoDB AUTO_INCREMENT=6 DEFAULT CHARSET=utf8 COLLATE=utf8_unicode_ci;

-- ----------------------------
-- Records of system_auth_user_role
-- ----------------------------
INSERT INTO `system_auth_user_role` VALUES ('1', '1', '1');
INSERT INTO `system_auth_user_role` VALUES ('3', '1', '2');
INSERT INTO `system_auth_user_role` VALUES ('5', '1', '3');

-- ----------------------------
-- Table structure for system_emay_user
-- ----------------------------
DROP TABLE IF EXISTS `system_emay_user`;
CREATE TABLE `system_emay_user` (
  `id` bigint(20) NOT NULL AUTO_INCREMENT,
  `create_time` datetime DEFAULT NULL,
  `create_user_id` bigint(20) DEFAULT NULL,
  `email` varchar(255) COLLATE utf8_unicode_ci DEFAULT NULL,
  `mobile` varchar(255) COLLATE utf8_unicode_ci DEFAULT NULL,
  `nickname` varchar(255) COLLATE utf8_unicode_ci DEFAULT NULL,
  `password` varchar(255) COLLATE utf8_unicode_ci DEFAULT NULL,
  `user_state` int(11) DEFAULT NULL,
  `username` varchar(255) COLLATE utf8_unicode_ci DEFAULT NULL,
  PRIMARY KEY (`id`)
) ENGINE=InnoDB AUTO_INCREMENT=4 DEFAULT CHARSET=utf8 COLLATE=utf8_unicode_ci;

-- ----------------------------
-- Records of system_emay_user
-- ----------------------------
INSERT INTO `system_emay_user` VALUES ('1', '2015-08-14 13:29:47', null, 'admin@emay.cn', '11111111111', '总管', 'c3284d0f94606de1fd2af172aba15bf3', '2', 'admin');
INSERT INTO `system_emay_user` VALUES ('2', '2018-06-26 17:36:49', '1', 'www@emay.com', '13411111111', 'www', '237df5d298cb576190b152bb3af1d34f', '0', 'www');
INSERT INTO `system_emay_user` VALUES ('3', '2018-06-26 18:11:11', '1', 'sdf@emay.cn', '13421212121', 'h', '237df5d298cb576190b152bb3af1d34f', '0', 'dfg');

-- ----------------------------
-- Table structure for system_settings
-- ----------------------------
DROP TABLE IF EXISTS `system_settings`;
CREATE TABLE `system_settings` (
  `id` int(11) NOT NULL AUTO_INCREMENT COMMENT '主键',
  `depict` varchar(200) DEFAULT NULL COMMENT '描述',
  `setting_key` varchar(40) DEFAULT NULL COMMENT '设置键',
  `setting_value` varchar(256) DEFAULT NULL,
  `remark` varchar(100) DEFAULT NULL COMMENT '备注',
  `unit` varchar(50) DEFAULT NULL COMMENT '单位',
  `create_time` datetime DEFAULT NULL COMMENT '创建时间',
  `last_update_time` timestamp NOT NULL DEFAULT CURRENT_TIMESTAMP ON UPDATE CURRENT_TIMESTAMP COMMENT '最后更新时间',
  PRIMARY KEY (`id`)
) ENGINE=InnoDB AUTO_INCREMENT=4 DEFAULT CHARSET=utf8mb4;

-- ----------------------------
-- Records of system_settings
-- ----------------------------
INSERT INTO `system_settings` VALUES ('1', '服务价格', 'service_price', '100.0', '设置增值服务价格', '元', '2018-06-12 12:00:43', '2018-06-15 10:14:17');
INSERT INTO `system_settings` VALUES ('2', '短信拆分字数', 'sms_split_number', '100', '设置长短信拆分的字数', '字', '2018-06-12 13:48:45', '2018-06-15 10:28:41');
INSERT INTO `system_settings` VALUES ('3', '短信价格', 'sms_price', '10000', '设置每条短信的价格', '分', '2018-06-12 13:49:50', '2018-06-15 10:27:53');

-- ----------------------------
-- Table structure for system_user_oper_log
-- ----------------------------
DROP TABLE IF EXISTS `system_user_oper_log`;
CREATE TABLE `system_user_oper_log` (
  `id` bigint(20) NOT NULL AUTO_INCREMENT,
  `user_id` bigint(20) DEFAULT NULL COMMENT '用户ID',
  `username` varchar(128) DEFAULT NULL COMMENT '用户名',
  `module` varchar(32) DEFAULT NULL COMMENT '操作模块',
  `content` varchar(5120) DEFAULT NULL COMMENT '操作内容',
  `oper_type` varchar(32) DEFAULT NULL COMMENT '操作类型',
  `oper_time` datetime DEFAULT NULL COMMENT '操作时间[ADD-增，DELETE-删，MODIFY-改，SELECT-查]',
  `last_update_time` timestamp NOT NULL DEFAULT CURRENT_TIMESTAMP ON UPDATE CURRENT_TIMESTAMP COMMENT '最后更新时间',
  `service` varchar(50) DEFAULT NULL COMMENT '服务模块',
  PRIMARY KEY (`id`),
  KEY `index_username` (`username`,`oper_time`)
) ENGINE=InnoDB AUTO_INCREMENT=3009 DEFAULT CHARSET=utf8mb4 COMMENT='管理端用户操作日志表';

-- ----------------------------
-- Records of system_user_oper_log
-- ----------------------------
INSERT INTO `system_user_oper_log` VALUES ('1552', '1', 'admin', '商户管理', '启用商户:2ddd', 'MODIFY', '2018-06-12 15:25:22', '2018-06-12 15:25:21', '小程序pc服务');
INSERT INTO `system_user_oper_log` VALUES ('1553', '1', 'admin', '商户管理', '启用商户:123', 'MODIFY', '2018-06-12 15:26:00', '2018-06-12 15:25:58', '小程序pc服务');
INSERT INTO `system_user_oper_log` VALUES ('1554', '1', 'admin', '商户管理', '停用商户:emay', 'MODIFY', '2018-06-12 15:26:05', '2018-06-12 15:26:04', '小程序pc服务');
INSERT INTO `system_user_oper_log` VALUES ('1555', '1', 'admin', '商户管理', '启用商户:null', 'MODIFY', '2018-06-12 15:26:08', '2018-06-12 15:26:06', '小程序pc服务');
INSERT INTO `system_user_oper_log` VALUES ('1556', '1', 'admin', '商户管理', '停用商户:emay', 'MODIFY', '2018-06-12 15:26:08', '2018-06-12 15:26:07', '小程序pc服务');
INSERT INTO `system_user_oper_log` VALUES ('1557', '1', 'admin', '商户管理', '启用商户:null', 'MODIFY', '2018-06-12 15:26:09', '2018-06-12 15:26:08', '小程序pc服务');
INSERT INTO `system_user_oper_log` VALUES ('1558', '1', 'admin', '商户管理', '停用商户:emay', 'MODIFY', '2018-06-12 15:26:10', '2018-06-12 15:26:09', '小程序pc服务');
INSERT INTO `system_user_oper_log` VALUES ('1559', '1', 'admin', '商户管理', '启用商户:null', 'MODIFY', '2018-06-12 15:26:12', '2018-06-12 15:26:11', '小程序pc服务');
INSERT INTO `system_user_oper_log` VALUES ('1560', '1', 'admin', '商户管理', '停用商户:emay', 'MODIFY', '2018-06-12 15:27:38', '2018-06-12 15:27:36', '小程序pc服务');
INSERT INTO `system_user_oper_log` VALUES ('1561', '1', 'admin', '商户管理', '启用商户:null', 'MODIFY', '2018-06-12 15:27:40', '2018-06-12 15:27:38', '小程序pc服务');
INSERT INTO `system_user_oper_log` VALUES ('1562', '1', 'admin', '商户管理', '停用商户:emay', 'MODIFY', '2018-06-12 15:27:43', '2018-06-12 15:27:42', '小程序pc服务');
INSERT INTO `system_user_oper_log` VALUES ('1563', '1', 'admin', '商户管理', '启用商户:null', 'MODIFY', '2018-06-12 15:27:45', '2018-06-12 15:27:44', '小程序pc服务');
INSERT INTO `system_user_oper_log` VALUES ('1564', '1', 'admin', '商户管理', '停用商户:emay', 'MODIFY', '2018-06-12 15:27:47', '2018-06-12 15:27:46', '小程序pc服务');
INSERT INTO `system_user_oper_log` VALUES ('1565', '1', 'admin', '商户管理', '启用商户:null', 'MODIFY', '2018-06-12 15:27:53', '2018-06-12 15:27:52', '小程序pc服务');
INSERT INTO `system_user_oper_log` VALUES ('1566', '1', 'admin', '商户管理', '停用商户:emay', 'MODIFY', '2018-06-12 15:27:58', '2018-06-12 15:27:56', '小程序pc服务');
INSERT INTO `system_user_oper_log` VALUES ('1567', '1', 'admin', '商户管理', '启用商户:null', 'MODIFY', '2018-06-12 15:28:00', '2018-06-12 15:27:59', '小程序pc服务');
INSERT INTO `system_user_oper_log` VALUES ('1568', '1', 'admin', '商户管理', '停用商户:emay', 'MODIFY', '2018-06-12 15:28:27', '2018-06-12 15:28:25', '小程序pc服务');
INSERT INTO `system_user_oper_log` VALUES ('1569', '1', 'admin', '商户管理', '启用商户:null', 'MODIFY', '2018-06-12 15:28:32', '2018-06-12 15:28:31', '小程序pc服务');
INSERT INTO `system_user_oper_log` VALUES ('1570', '1', 'admin', '商户管理', '停用商户:emay', 'MODIFY', '2018-06-12 15:28:52', '2018-06-12 15:28:51', '小程序pc服务');
INSERT INTO `system_user_oper_log` VALUES ('1571', '1', 'admin', '商户管理', '启用商户:null', 'MODIFY', '2018-06-12 15:28:55', '2018-06-12 15:28:53', '小程序pc服务');
INSERT INTO `system_user_oper_log` VALUES ('1572', '1', 'admin', '商户管理', '停用商户:emay', 'MODIFY', '2018-06-12 15:28:59', '2018-06-12 15:28:57', '小程序pc服务');
INSERT INTO `system_user_oper_log` VALUES ('1573', '1', 'admin', '商户管理', '启用商户:null', 'MODIFY', '2018-06-12 15:29:01', '2018-06-12 15:29:00', '小程序pc服务');
INSERT INTO `system_user_oper_log` VALUES ('1574', '1', 'admin', '商户管理', '停用商户:emay', 'MODIFY', '2018-06-12 15:29:07', '2018-06-12 15:29:06', '小程序pc服务');
INSERT INTO `system_user_oper_log` VALUES ('1575', '1', 'admin', '商户管理', '启用商户:null', 'MODIFY', '2018-06-12 15:29:09', '2018-06-12 15:29:08', '小程序pc服务');
INSERT INTO `system_user_oper_log` VALUES ('1576', '1', 'admin', '商户管理', '停用商户:emay', 'MODIFY', '2018-06-12 15:29:11', '2018-06-12 15:29:10', '小程序pc服务');
INSERT INTO `system_user_oper_log` VALUES ('1577', '1', 'admin', '商户管理', '启用商户:null', 'MODIFY', '2018-06-12 15:29:12', '2018-06-12 15:29:11', '小程序pc服务');
INSERT INTO `system_user_oper_log` VALUES ('1578', '1', 'admin', '商户管理', '停用商户:emay', 'MODIFY', '2018-06-12 15:30:26', '2018-06-12 15:30:25', '小程序pc服务');
INSERT INTO `system_user_oper_log` VALUES ('1579', '1', 'admin', '商户管理', '启用商户:sdaf', 'MODIFY', '2018-06-12 15:31:19', '2018-06-12 15:31:17', '小程序pc服务');
INSERT INTO `system_user_oper_log` VALUES ('1580', '1', 'admin', '商户管理', '启用商户:null', 'MODIFY', '2018-06-12 15:31:30', '2018-06-12 15:31:28', '小程序pc服务');
INSERT INTO `system_user_oper_log` VALUES ('1581', '1', 'admin', '商户管理', '停用商户:emay', 'MODIFY', '2018-06-12 15:31:39', '2018-06-12 15:31:38', '小程序pc服务');
INSERT INTO `system_user_oper_log` VALUES ('1582', '1', 'admin', '商户管理', '启用商户:1111', 'MODIFY', '2018-06-12 15:31:58', '2018-06-12 15:31:57', '小程序pc服务');
INSERT INTO `system_user_oper_log` VALUES ('1583', '1', 'admin', '商户管理', '启用商户:asdf', 'MODIFY', '2018-06-12 15:34:22', '2018-06-12 15:34:20', '小程序pc服务');
INSERT INTO `system_user_oper_log` VALUES ('1584', '1', 'admin', '商户管理', '启用商户:null', 'MODIFY', '2018-06-12 15:34:23', '2018-06-12 15:34:22', '小程序pc服务');
INSERT INTO `system_user_oper_log` VALUES ('1585', '1', 'admin', '商户管理', '停用商户:emay', 'MODIFY', '2018-06-12 15:34:24', '2018-06-12 15:34:23', '小程序pc服务');
INSERT INTO `system_user_oper_log` VALUES ('1586', '1', 'admin', '商户管理', '启用商户:null', 'MODIFY', '2018-06-12 15:34:25', '2018-06-12 15:34:24', '小程序pc服务');
INSERT INTO `system_user_oper_log` VALUES ('1587', '1', 'admin', '商户管理', '启用商户:null', 'MODIFY', '2018-06-12 17:36:41', '2018-06-12 17:36:40', '小程序pc服务');
INSERT INTO `system_user_oper_log` VALUES ('1588', '1', 'admin', '商户管理', '停用商户:1', 'MODIFY', '2018-06-12 17:36:42', '2018-06-12 17:36:40', '小程序pc服务');
INSERT INTO `system_user_oper_log` VALUES ('1589', '1', 'admin', '商户管理', '启用商户:null', 'MODIFY', '2018-06-12 17:36:44', '2018-06-12 17:36:43', '小程序pc服务');
INSERT INTO `system_user_oper_log` VALUES ('1590', '1', 'admin', '商户管理', '停用商户:1', 'MODIFY', '2018-06-12 17:36:46', '2018-06-12 17:36:45', '小程序pc服务');
INSERT INTO `system_user_oper_log` VALUES ('1591', '1', 'admin', '商户管理', '启用商户:null', 'MODIFY', '2018-06-12 18:31:09', '2018-06-12 18:31:08', '小程序pc服务');
INSERT INTO `system_user_oper_log` VALUES ('1592', '1', 'admin', '商户管理', '停用商户:emay', 'MODIFY', '2018-06-12 18:31:10', '2018-06-12 18:31:08', '小程序pc服务');
INSERT INTO `system_user_oper_log` VALUES ('1593', '1', 'admin', '商户管理', '启用商户:null', 'MODIFY', '2018-06-12 19:55:54', '2018-06-12 19:55:52', '小程序pc服务');
INSERT INTO `system_user_oper_log` VALUES ('1594', '1', 'admin', '商户管理', '启用商户:null', 'MODIFY', '2018-06-12 19:55:56', '2018-06-12 19:55:55', '小程序pc服务');
INSERT INTO `system_user_oper_log` VALUES ('1595', '1', 'admin', '商户管理', '停用商户:1sdaf', 'MODIFY', '2018-06-12 19:55:58', '2018-06-12 19:55:56', '小程序pc服务');
INSERT INTO `system_user_oper_log` VALUES ('1596', '1', 'admin', '商户管理', '停用商户:emay', 'MODIFY', '2018-06-12 19:56:00', '2018-06-12 19:55:58', '小程序pc服务');
INSERT INTO `system_user_oper_log` VALUES ('1597', '1', 'admin', '商户管理', '启用商户:null', 'MODIFY', '2018-06-13 09:48:47', '2018-06-13 09:48:45', '小程序pc服务');
INSERT INTO `system_user_oper_log` VALUES ('1598', '1', 'admin', '商户管理', '停用商户:1sdaf', 'MODIFY', '2018-06-13 09:48:48', '2018-06-13 09:48:46', '小程序pc服务');
INSERT INTO `system_user_oper_log` VALUES ('1599', '1', 'admin', '商户管理', '启用商户:null', 'MODIFY', '2018-06-13 09:48:50', '2018-06-13 09:48:48', '小程序pc服务');
INSERT INTO `system_user_oper_log` VALUES ('1600', '1', 'admin', '商户管理', '停用商户:1sdaf', 'MODIFY', '2018-06-13 09:48:51', '2018-06-13 09:48:49', '小程序pc服务');
INSERT INTO `system_user_oper_log` VALUES ('1601', '1', 'admin', '商户管理', '启用商户:null', 'MODIFY', '2018-06-13 09:49:21', '2018-06-13 09:49:19', '小程序pc服务');
INSERT INTO `system_user_oper_log` VALUES ('1602', '1', 'admin', '商户管理', '停用商户:1sdaf', 'MODIFY', '2018-06-13 09:49:23', '2018-06-13 09:49:21', '小程序pc服务');
INSERT INTO `system_user_oper_log` VALUES ('1603', '1', 'admin', '商户管理', '启用商户:null', 'MODIFY', '2018-06-13 09:49:24', '2018-06-13 09:49:22', '小程序pc服务');
INSERT INTO `system_user_oper_log` VALUES ('1604', '1', 'admin', '商户管理', '停用商户:1sdaf', 'MODIFY', '2018-06-13 09:49:25', '2018-06-13 09:49:23', '小程序pc服务');
INSERT INTO `system_user_oper_log` VALUES ('1605', '1', 'admin', '商户管理', '启用商户:null', 'MODIFY', '2018-06-13 11:36:15', '2018-06-13 11:36:13', '小程序pc服务');
INSERT INTO `system_user_oper_log` VALUES ('1606', '1', 'admin', '商户管理', '启用商户:null', 'MODIFY', '2018-06-13 11:36:16', '2018-06-13 11:36:14', '小程序pc服务');
INSERT INTO `system_user_oper_log` VALUES ('1607', '1', 'admin', '商户管理', '停用商户:第三个', 'MODIFY', '2018-06-13 11:36:17', '2018-06-13 11:36:15', '小程序pc服务');
INSERT INTO `system_user_oper_log` VALUES ('1608', '1', 'admin', '商户管理', '启用商户:null', 'MODIFY', '2018-06-13 11:36:31', '2018-06-13 11:36:29', '小程序pc服务');
INSERT INTO `system_user_oper_log` VALUES ('1609', '1', 'admin', '商户管理', '停用商户:第三个', 'MODIFY', '2018-06-13 11:36:31', '2018-06-13 11:36:29', '小程序pc服务');
INSERT INTO `system_user_oper_log` VALUES ('1610', '1', 'admin', '商户管理', '启用商户:null', 'MODIFY', '2018-06-13 11:38:11', '2018-06-13 11:38:09', '小程序pc服务');
INSERT INTO `system_user_oper_log` VALUES ('1611', '1', 'admin', '商户管理', '停用商户:第三个', 'MODIFY', '2018-06-13 11:38:18', '2018-06-13 11:38:16', '小程序pc服务');
INSERT INTO `system_user_oper_log` VALUES ('1612', '1', 'admin', '商户管理', '启用商户:null', 'MODIFY', '2018-06-13 11:38:19', '2018-06-13 11:38:17', '小程序pc服务');
INSERT INTO `system_user_oper_log` VALUES ('1613', '1', 'admin', '商户管理', '停用商户:第三个', 'MODIFY', '2018-06-13 11:38:25', '2018-06-13 11:38:23', '小程序pc服务');
INSERT INTO `system_user_oper_log` VALUES ('1614', '1', 'admin', '商户管理', '停用商户:1sdaf', 'MODIFY', '2018-06-13 11:38:28', '2018-06-13 11:38:26', '小程序pc服务');
INSERT INTO `system_user_oper_log` VALUES ('1615', '1', 'admin', '商户管理', '启用商户:null', 'MODIFY', '2018-06-13 11:38:30', '2018-06-13 11:38:28', '小程序pc服务');
INSERT INTO `system_user_oper_log` VALUES ('1616', '1', 'admin', '商户管理', '启用商户:null', 'MODIFY', '2018-06-13 11:39:51', '2018-06-13 11:39:49', '小程序pc服务');
INSERT INTO `system_user_oper_log` VALUES ('1617', '1', 'admin', '商户管理', '停用商户:第三个', 'MODIFY', '2018-06-13 11:39:54', '2018-06-13 11:39:52', '小程序pc服务');
INSERT INTO `system_user_oper_log` VALUES ('1618', '1', 'admin', '商户管理', '启用商户:null', 'MODIFY', '2018-06-13 11:40:45', '2018-06-13 11:40:43', '小程序pc服务');
INSERT INTO `system_user_oper_log` VALUES ('1619', '1', 'admin', '商户管理', '停用商户:第三个', 'MODIFY', '2018-06-13 11:43:44', '2018-06-13 11:43:42', '小程序pc服务');
INSERT INTO `system_user_oper_log` VALUES ('1620', '1', 'admin', '商户管理', '停用商户:1sdaf', 'MODIFY', '2018-06-13 13:15:25', '2018-06-13 13:15:23', '小程序pc服务');
INSERT INTO `system_user_oper_log` VALUES ('1621', '1', 'admin', '商户管理', '启用商户:null', 'MODIFY', '2018-06-13 14:52:35', '2018-06-13 14:52:33', '小程序pc服务');
INSERT INTO `system_user_oper_log` VALUES ('1622', '1', 'admin', '商户管理', '停用商户:第三个下载', 'MODIFY', '2018-06-13 14:52:37', '2018-06-13 14:52:35', '小程序pc服务');
INSERT INTO `system_user_oper_log` VALUES ('1623', '1', 'admin', '商户管理', '启用商户:null', 'MODIFY', '2018-06-13 15:39:34', '2018-06-13 15:39:32', '小程序pc服务');
INSERT INTO `system_user_oper_log` VALUES ('1624', '1', 'admin', '商户管理', '停用商户:sazg', 'MODIFY', '2018-06-13 15:39:36', '2018-06-13 15:39:34', '小程序pc服务');
INSERT INTO `system_user_oper_log` VALUES ('1625', '1', 'admin', '商户管理', '启用商户:null', 'MODIFY', '2018-06-13 15:39:59', '2018-06-13 15:39:57', '小程序pc服务');
INSERT INTO `system_user_oper_log` VALUES ('1626', '1', 'admin', '商户管理', '停用商户:emay', 'MODIFY', '2018-06-13 15:40:00', '2018-06-13 15:39:58', '小程序pc服务');
INSERT INTO `system_user_oper_log` VALUES ('1627', '1', 'admin', '系统配置', '修改系统配置,配置名称为 服务价格', 'MODIFY', '2018-06-15 10:01:47', '2018-06-15 10:01:46', '小程序pc服务');
INSERT INTO `system_user_oper_log` VALUES ('1628', '1', 'admin', '系统配置', '修改系统配置,配置名称为 服务价格', 'MODIFY', '2018-06-15 10:01:51', '2018-06-15 10:01:50', '小程序pc服务');
INSERT INTO `system_user_oper_log` VALUES ('1629', '1', 'admin', '系统配置', '修改系统配置,配置名称为 服务价格', 'MODIFY', '2018-06-15 10:01:53', '2018-06-15 10:01:52', '小程序pc服务');
INSERT INTO `system_user_oper_log` VALUES ('1630', '1', 'admin', '系统配置', '修改系统配置,配置名称为 服务价格', 'MODIFY', '2018-06-15 10:01:56', '2018-06-15 10:01:55', '小程序pc服务');
INSERT INTO `system_user_oper_log` VALUES ('1631', '1', 'admin', '系统配置', '修改系统配置,配置名称为 服务价格', 'MODIFY', '2018-06-15 10:02:00', '2018-06-15 10:01:59', '小程序pc服务');
INSERT INTO `system_user_oper_log` VALUES ('1632', '1', 'admin', '系统配置', '修改系统配置,配置名称为 服务价格', 'MODIFY', '2018-06-15 10:11:25', '2018-06-15 10:11:24', '小程序pc服务');
INSERT INTO `system_user_oper_log` VALUES ('1633', '1', 'admin', '系统配置', '修改系统配置,配置名称为 短信拆分字数', 'MODIFY', '2018-06-15 10:11:31', '2018-06-15 10:11:30', '小程序pc服务');
INSERT INTO `system_user_oper_log` VALUES ('1634', '1', 'admin', '系统配置', '修改系统配置,配置名称为 短信价格', 'MODIFY', '2018-06-15 10:11:37', '2018-06-15 10:11:36', '小程序pc服务');
INSERT INTO `system_user_oper_log` VALUES ('1635', '1', 'admin', '系统配置', '修改系统配置,配置名称为 短信价格', 'MODIFY', '2018-06-15 10:12:51', '2018-06-15 10:12:50', '小程序pc服务');
INSERT INTO `system_user_oper_log` VALUES ('1636', '1', 'admin', '系统配置', '修改系统配置,配置名称为 服务价格', 'MODIFY', '2018-06-15 10:12:55', '2018-06-15 10:12:54', '小程序pc服务');
INSERT INTO `system_user_oper_log` VALUES ('1637', '1', 'admin', '系统配置', '修改系统配置,配置名称为 短信拆分字数', 'MODIFY', '2018-06-15 10:13:01', '2018-06-15 10:13:00', '小程序pc服务');
INSERT INTO `system_user_oper_log` VALUES ('1638', '1', 'admin', '系统配置', '修改系统配置,配置名称为 服务价格', 'MODIFY', '2018-06-15 10:14:10', '2018-06-15 10:14:09', '小程序pc服务');
INSERT INTO `system_user_oper_log` VALUES ('1639', '1', 'admin', '系统配置', '修改系统配置,配置名称为 服务价格', 'MODIFY', '2018-06-15 10:14:18', '2018-06-15 10:14:17', '小程序pc服务');
INSERT INTO `system_user_oper_log` VALUES ('1640', '1', 'admin', '系统配置', '修改系统配置,配置名称为 短信价格', 'MODIFY', '2018-06-15 10:15:22', '2018-06-15 10:15:21', '小程序pc服务');
INSERT INTO `system_user_oper_log` VALUES ('1641', '1', 'admin', '系统配置', '修改系统配置,配置名称为 短信价格', 'MODIFY', '2018-06-15 10:15:27', '2018-06-15 10:15:26', '小程序pc服务');
INSERT INTO `system_user_oper_log` VALUES ('1642', '1', 'admin', '系统配置', '修改系统配置,配置名称为 短信价格', 'MODIFY', '2018-06-15 10:15:29', '2018-06-15 10:15:28', '小程序pc服务');
INSERT INTO `system_user_oper_log` VALUES ('1643', '1', 'admin', '商户管理', '启用商户:null', 'MODIFY', '2018-06-15 10:23:07', '2018-06-15 10:23:06', '小程序pc服务');
INSERT INTO `system_user_oper_log` VALUES ('1644', '1', 'admin', '商户管理', '停用商户:第三个下载', 'MODIFY', '2018-06-15 10:23:09', '2018-06-15 10:23:08', '小程序pc服务');
INSERT INTO `system_user_oper_log` VALUES ('1645', '1', 'admin', '系统配置', '修改系统配置,配置名称为 短信价格', 'MODIFY', '2018-06-15 10:27:54', '2018-06-15 10:27:53', '小程序pc服务');
INSERT INTO `system_user_oper_log` VALUES ('1646', '1', 'admin', '系统配置', '修改系统配置,配置名称为 短信拆分字数', 'MODIFY', '2018-06-15 10:28:42', '2018-06-15 10:28:41', '小程序pc服务');
INSERT INTO `system_user_oper_log` VALUES ('1647', '52', '崔小崔', '更新用户卡片', '更新用户卡片，商户id为:1 用户id为:50 卡片id为:10 卡片种类id为:1', 'MODIFY', '2018-06-21 15:19:26', '2018-06-21 15:19:24', '小程序b端服务');
INSERT INTO `system_user_oper_log` VALUES ('1648', '62', '崔小崔', '上传企业图片', '上传企业图片，商户id为:1 图片名:1529574128158.png', 'ADD', '2018-06-21 17:42:08', '2018-06-21 17:42:06', '小程序b端服务');
INSERT INTO `system_user_oper_log` VALUES ('1649', '62', '崔小崔', '上传企业图片', '上传企业图片，商户id为:1 图片名:1529574134688.png', 'ADD', '2018-06-21 17:42:15', '2018-06-21 17:42:13', '小程序b端服务');
INSERT INTO `system_user_oper_log` VALUES ('1650', '62', '崔小崔', '上传企业图片', '上传企业图片，商户id为:1 图片名:1529574134934.png', 'ADD', '2018-06-21 17:42:15', '2018-06-21 17:42:13', '小程序b端服务');
INSERT INTO `system_user_oper_log` VALUES ('1651', '62', '崔小崔', '上传企业图片', '上传企业图片，商户id为:1 图片名:1529574155843.png', 'ADD', '2018-06-21 17:42:36', '2018-06-21 17:42:34', '小程序b端服务');
INSERT INTO `system_user_oper_log` VALUES ('1652', '63', '崔小崔', '删除企业图片', '删除企业图片，商户id为:1', 'DELETE', '2018-06-22 09:40:45', '2018-06-22 09:40:43', '小程序b端服务');
INSERT INTO `system_user_oper_log` VALUES ('1653', '67', '蒋春明', '自主营销', '编辑短信内容：是，服务id：10', 'MODIFY', '2018-06-22 10:24:35', '2018-06-22 10:24:38', '小程序b端服务');
INSERT INTO `system_user_oper_log` VALUES ('1654', '67', '蒋春明', '自主营销', '编辑短信内容：的，服务id：11', 'MODIFY', '2018-06-22 10:26:48', '2018-06-22 10:26:51', '小程序b端服务');
INSERT INTO `system_user_oper_log` VALUES ('1655', '67', '蒋春明', '自主营销', '编辑短信内容：的，服务id：12', 'MODIFY', '2018-06-22 10:26:58', '2018-06-22 10:27:01', '小程序b端服务');
INSERT INTO `system_user_oper_log` VALUES ('1656', '67', '蒋春明', '自主营销', '编辑短信内容：的，服务id：13', 'MODIFY', '2018-06-22 10:27:15', '2018-06-22 10:27:18', '小程序b端服务');
INSERT INTO `system_user_oper_log` VALUES ('1657', '67', '蒋春明', '自主营销', '编辑短信内容：试试，服务id：14', 'MODIFY', '2018-06-22 10:27:40', '2018-06-22 10:27:43', '小程序b端服务');
INSERT INTO `system_user_oper_log` VALUES ('1658', '67', '蒋春明', '自主营销', '编辑短信内容：a，服务id：15', 'MODIFY', '2018-06-22 10:28:43', '2018-06-22 10:28:46', '小程序b端服务');
INSERT INTO `system_user_oper_log` VALUES ('1659', '67', '蒋春明', '自主营销', '编辑短信内容：是，服务id：16', 'MODIFY', '2018-06-22 10:30:58', '2018-06-22 10:31:01', '小程序b端服务');
INSERT INTO `system_user_oper_log` VALUES ('1660', '67', '蒋春明', '自主营销', '编辑短信内容：淡定，服务id：17', 'MODIFY', '2018-06-22 10:34:07', '2018-06-22 10:34:10', '小程序b端服务');
INSERT INTO `system_user_oper_log` VALUES ('1661', '67', '蒋春明', '自主营销', '编辑短信内容：淡定，服务id：18', 'MODIFY', '2018-06-22 10:34:40', '2018-06-22 10:34:43', '小程序b端服务');
INSERT INTO `system_user_oper_log` VALUES ('1662', '67', '蒋春明', '自主营销', '编辑短信内容：的，服务id：19', 'MODIFY', '2018-06-22 10:39:46', '2018-06-22 10:39:49', '小程序b端服务');
INSERT INTO `system_user_oper_log` VALUES ('1663', '67', '蒋春明', '自主营销', '编辑短信内容：是，服务id：20', 'MODIFY', '2018-06-22 10:40:35', '2018-06-22 10:40:38', '小程序b端服务');
INSERT INTO `system_user_oper_log` VALUES ('1664', '65', '崔小崔', '上传企业图片', '上传企业图片，商户id为:1 图片名:1529635295620.png', 'ADD', '2018-06-22 10:41:36', '2018-06-22 10:41:34', '小程序b端服务');
INSERT INTO `system_user_oper_log` VALUES ('1665', '67', '蒋春明', '自主营销', '编辑短信内容：是，服务id：21', 'MODIFY', '2018-06-22 10:42:16', '2018-06-22 10:42:19', '小程序b端服务');
INSERT INTO `system_user_oper_log` VALUES ('1666', '67', '蒋春明', '自主营销', '编辑短信内容：是，服务id：22', 'MODIFY', '2018-06-22 10:43:07', '2018-06-22 10:43:10', '小程序b端服务');
INSERT INTO `system_user_oper_log` VALUES ('1667', '67', '蒋春明', '自主营销', '编辑短信内容：是，服务id：23', 'MODIFY', '2018-06-22 10:43:20', '2018-06-22 10:43:23', '小程序b端服务');
INSERT INTO `system_user_oper_log` VALUES ('1668', '67', '蒋春明', '更新企业地址', '更新企业地址，商户id为:1 地址:的说法是否的地方', 'MODIFY', '2018-06-22 10:58:58', '2018-06-22 10:58:56', '小程序b端服务');
INSERT INTO `system_user_oper_log` VALUES ('1669', '67', '蒋春明', '更新企业地址', '更新企业地址，商户id为:1 地址:的说法是否的地方', 'MODIFY', '2018-06-22 10:59:12', '2018-06-22 10:59:09', '小程序b端服务');
INSERT INTO `system_user_oper_log` VALUES ('1670', '67', '蒋春明', '更新企业地址', '更新企业地址，商户id为:1 地址:的说法是否的地方', 'MODIFY', '2018-06-22 11:04:06', '2018-06-22 11:04:04', '小程序b端服务');
INSERT INTO `system_user_oper_log` VALUES ('1671', '67', '蒋春明', '更新用户卡片', '更新用户卡片，商户id为:1 用户id为:1 卡片id为:1 卡片种类id为:2', 'MODIFY', '2018-06-22 11:05:38', '2018-06-22 11:05:36', '小程序b端服务');
INSERT INTO `system_user_oper_log` VALUES ('1672', '67', '蒋春明', '更新用户卡片', '更新用户卡片，商户id为:1 用户id为:1 卡片id为:1 卡片种类id为:2', 'MODIFY', '2018-06-22 11:06:14', '2018-06-22 11:06:11', '小程序b端服务');
INSERT INTO `system_user_oper_log` VALUES ('1673', '67', '蒋春明', '更新用户卡片', '更新用户卡片，商户id为:1 用户id为:1 卡片id为:1 卡片种类id为:1', 'MODIFY', '2018-06-22 11:06:21', '2018-06-22 11:06:19', '小程序b端服务');
INSERT INTO `system_user_oper_log` VALUES ('1674', '67', '蒋春明', '更新用户卡片', '更新用户卡片，商户id为:1 用户id为:1 卡片id为:1 卡片种类id为:1', 'MODIFY', '2018-06-22 11:19:58', '2018-06-22 11:19:56', '小程序b端服务');
INSERT INTO `system_user_oper_log` VALUES ('1675', '67', '蒋春明', '更新用户卡片', '更新用户卡片，商户id为:1 用户id为:1 卡片id为:1 卡片种类id为:2', 'MODIFY', '2018-06-22 11:20:37', '2018-06-22 11:20:35', '小程序b端服务');
INSERT INTO `system_user_oper_log` VALUES ('1676', '65', '崔小崔', '删除企业图片', '删除企业图片，商户id为:1', 'DELETE', '2018-06-22 11:22:47', '2018-06-22 11:22:45', '小程序b端服务');
INSERT INTO `system_user_oper_log` VALUES ('1677', '65', '崔小崔', '删除企业图片', '删除企业图片，商户id为:1', 'DELETE', '2018-06-22 11:23:21', '2018-06-22 11:23:19', '小程序b端服务');
INSERT INTO `system_user_oper_log` VALUES ('1678', '65', '崔小崔', '删除企业图片', '删除企业图片，商户id为:1', 'DELETE', '2018-06-22 11:23:26', '2018-06-22 11:23:24', '小程序b端服务');
INSERT INTO `system_user_oper_log` VALUES ('1679', '65', '崔小崔', '上传企业图片', '上传企业图片，商户id为:1 图片名:1529637826304.png', 'ADD', '2018-06-22 11:23:46', '2018-06-22 11:23:44', '小程序b端服务');
INSERT INTO `system_user_oper_log` VALUES ('1680', '65', '崔小崔', '删除企业图片', '删除企业图片，商户id为:1', 'DELETE', '2018-06-22 13:46:43', '2018-06-22 13:46:41', '小程序b端服务');
INSERT INTO `system_user_oper_log` VALUES ('1681', '65', '崔小崔', '上传企业图片', '上传企业图片，商户id为:1 图片名:1529646448503.png', 'ADD', '2018-06-22 13:47:29', '2018-06-22 13:47:26', '小程序b端服务');
INSERT INTO `system_user_oper_log` VALUES ('1682', '65', '崔小崔', '上传企业图片', '上传企业图片，商户id为:1 图片名:1529646509970.png', 'ADD', '2018-06-22 13:48:30', '2018-06-22 13:48:28', '小程序b端服务');
INSERT INTO `system_user_oper_log` VALUES ('1683', '67', '蒋春明', '更新用户卡号', '更新用户卡号，商户id为:1 用户id为:1 卡片id为:1 卡片种类id为:2', 'MODIFY', '2018-06-22 14:22:46', '2018-06-22 14:22:46', '小程序b端服务');
INSERT INTO `system_user_oper_log` VALUES ('1684', '67', '蒋春明', '更新用户卡号', '更新用户卡号，商户id为:1 用户id为:1 卡片id为:1 卡片种类id为:2', 'MODIFY', '2018-06-22 14:22:54', '2018-06-22 14:22:54', '小程序b端服务');
INSERT INTO `system_user_oper_log` VALUES ('1685', '67', '蒋春明', '更新用户卡号', '更新用户卡号，商户id为:1 用户id为:1 卡片id为:1 卡片种类id为:2', 'MODIFY', '2018-06-22 14:23:14', '2018-06-22 14:23:14', '小程序b端服务');
INSERT INTO `system_user_oper_log` VALUES ('1686', '67', '蒋春明', '更新用户卡号', '更新用户卡号，商户id为:1 用户id为:1 卡片id为:1 卡片种类id为:2', 'MODIFY', '2018-06-22 14:32:27', '2018-06-22 14:32:27', '小程序b端服务');
INSERT INTO `system_user_oper_log` VALUES ('1687', '67', '蒋春明', '更新用户卡号', '更新用户卡号，商户id为:1 用户id为:1 卡片id为:1 卡片种类id为:2', 'MODIFY', '2018-06-22 14:32:47', '2018-06-22 14:32:47', '小程序b端服务');
INSERT INTO `system_user_oper_log` VALUES ('1688', '67', '蒋春明', '更新用户卡号', '更新用户卡号，商户id为:1 用户id为:1 卡片id为:1 卡片种类id为:2', 'MODIFY', '2018-06-22 14:33:10', '2018-06-22 14:33:10', '小程序b端服务');
INSERT INTO `system_user_oper_log` VALUES ('1689', '67', '蒋春明', '删除企业图片', '删除企业图片，商户id为:1', 'DELETE', '2018-06-22 14:59:58', '2018-06-22 14:59:58', '小程序b端服务');
INSERT INTO `system_user_oper_log` VALUES ('1690', '67', '蒋春明', '更新企业地址', '更新企业地址，商户id为:1 地址:的说法是否的地', 'MODIFY', '2018-06-22 15:00:20', '2018-06-22 15:00:20', '小程序b端服务');
INSERT INTO `system_user_oper_log` VALUES ('1691', '67', '蒋春明', '更新企业电话', '更新企业电话，商户id为:1 电话:13426238781', 'MODIFY', '2018-06-22 15:00:51', '2018-06-22 15:00:51', '小程序b端服务');
INSERT INTO `system_user_oper_log` VALUES ('1692', '67', '蒋春明', '更新企业描述', '更新企业描述，商户id为:1 描述:撒旦范德萨发士大夫撒旦反倒是如果对方给自己法国东方体育与顾客ffdd', 'MODIFY', '2018-06-22 15:01:07', '2018-06-22 15:01:07', '小程序b端服务');
INSERT INTO `system_user_oper_log` VALUES ('1693', '67', '蒋春明', '上传企业图片', '上传企业图片，商户id为:1 图片名:1529650900571.png', 'ADD', '2018-06-22 15:01:41', '2018-06-22 15:01:41', '小程序b端服务');
INSERT INTO `system_user_oper_log` VALUES ('1694', '67', '蒋春明', '更新用户卡片', '更新用户卡片，商户id为:1 用户id为:1 卡片id为:1 卡片种类id为:3', 'MODIFY', '2018-06-22 15:11:21', '2018-06-22 15:11:21', '小程序b端服务');
INSERT INTO `system_user_oper_log` VALUES ('1695', '67', '蒋春明', '更新用户卡号', '更新用户卡号，商户id为:1 用户id为:1 卡片id为:1 卡片种类id为:3', 'MODIFY', '2018-06-22 15:15:32', '2018-06-22 15:15:32', '小程序b端服务');
INSERT INTO `system_user_oper_log` VALUES ('1696', '72', '崔小崔', '新客推荐', '编辑短信内容：11111111111111，服务id：1', 'MODIFY', '2018-06-22 15:45:39', '2018-06-22 15:45:37', '小程序b端服务');
INSERT INTO `system_user_oper_log` VALUES ('1697', '72', '崔小崔', '新客推荐', '编辑短信内容：111，服务id：1', 'MODIFY', '2018-06-22 15:48:04', '2018-06-22 15:48:02', '小程序b端服务');
INSERT INTO `system_user_oper_log` VALUES ('1698', '67', '蒋春明', '更新用户卡号', '更新用户卡号，商户id为:1 用户id为:1 卡片id为:1 卡片种类id为:3', 'MODIFY', '2018-06-22 15:50:11', '2018-06-22 15:50:11', '小程序b端服务');
INSERT INTO `system_user_oper_log` VALUES ('1699', '67', '蒋春明', '更新用户卡号', '更新用户卡号，商户id为:1 用户id为:1 卡片id为:1 卡片种类id为:3', 'MODIFY', '2018-06-22 15:50:41', '2018-06-22 15:50:41', '小程序b端服务');
INSERT INTO `system_user_oper_log` VALUES ('1700', '72', '崔小崔', '老客营销', '编辑短信内容：11111，服务id：1', 'MODIFY', '2018-06-22 15:50:50', '2018-06-22 15:50:47', '小程序b端服务');
INSERT INTO `system_user_oper_log` VALUES ('1701', '72', '崔小崔', '老客营销', '编辑短信内容：1111，服务id：2', 'MODIFY', '2018-06-22 15:51:28', '2018-06-22 15:51:25', '小程序b端服务');
INSERT INTO `system_user_oper_log` VALUES ('1702', '72', '崔小崔', '更新用户卡号', '更新用户卡号，商户id为:1 用户id为:4 卡片id为:2 卡片种类id为:3', 'MODIFY', '2018-06-22 15:52:51', '2018-06-22 15:52:49', '小程序b端服务');
INSERT INTO `system_user_oper_log` VALUES ('1703', '67', '蒋春明', '更新用户卡号', '更新用户卡号，商户id为:1 用户id为:1 卡片id为:1 卡片种类id为:3', 'MODIFY', '2018-06-22 16:04:39', '2018-06-22 16:04:39', '小程序b端服务');
INSERT INTO `system_user_oper_log` VALUES ('1704', '67', '蒋春明', '更新用户卡号', '更新用户卡号，商户id为:1 用户id为:40 卡片id为:4 卡片种类id为:2', 'MODIFY', '2018-06-22 16:06:49', '2018-06-22 16:06:49', '小程序b端服务');
INSERT INTO `system_user_oper_log` VALUES ('1705', '67', '蒋春明', '删除企业图片', '删除企业图片，商户id为:1', 'DELETE', '2018-06-22 16:47:15', '2018-06-22 16:47:15', '小程序b端服务');
INSERT INTO `system_user_oper_log` VALUES ('1706', '67', '蒋春明', '更新用户卡号', '更新用户卡号，商户id为:1 用户id为:1 卡片id为:1 卡片种类id为:3', 'MODIFY', '2018-06-22 16:55:28', '2018-06-22 16:55:27', '小程序b端服务');
INSERT INTO `system_user_oper_log` VALUES ('1707', '67', '蒋春明', '更新用户卡号', '更新用户卡号，商户id为:1 用户id为:1 卡片id为:1 卡片种类id为:3', 'MODIFY', '2018-06-22 16:55:29', '2018-06-22 16:55:29', '小程序b端服务');
INSERT INTO `system_user_oper_log` VALUES ('1708', '67', '蒋春明', '更新用户卡片', '更新用户卡片，商户id为:1 用户id为:4 卡片id为:2 卡片种类id为:2', 'MODIFY', '2018-06-22 17:25:27', '2018-06-22 17:25:27', '小程序b端服务');
INSERT INTO `system_user_oper_log` VALUES ('1709', '67', '蒋春明', '更新用户卡片', '更新用户卡片，商户id为:1 用户id为:1 卡片id为:1 卡片种类id为:2', 'MODIFY', '2018-06-22 17:26:58', '2018-06-22 17:26:58', '小程序b端服务');
INSERT INTO `system_user_oper_log` VALUES ('1710', '67', '蒋春明', '更新用户卡片', '更新用户卡片，商户id为:1 用户id为:4 卡片id为:2 卡片种类id为:3', 'MODIFY', '2018-06-22 17:27:05', '2018-06-22 17:27:05', '小程序b端服务');
INSERT INTO `system_user_oper_log` VALUES ('1711', '67', '蒋春明', '更新用户卡片', '更新用户卡片，商户id为:1 用户id为:4 卡片id为:2 卡片种类id为:1', 'MODIFY', '2018-06-22 17:27:13', '2018-06-22 17:27:12', '小程序b端服务');
INSERT INTO `system_user_oper_log` VALUES ('1712', '67', '蒋春明', '更新用户卡片', '更新用户卡片，商户id为:1 用户id为:1 卡片id为:1 卡片种类id为:3', 'MODIFY', '2018-06-22 17:31:24', '2018-06-22 17:31:24', '小程序b端服务');
INSERT INTO `system_user_oper_log` VALUES ('1713', '67', '蒋春明', '更新用户卡片', '更新用户卡片，商户id为:1 用户id为:4 卡片id为:2 卡片种类id为:2', 'MODIFY', '2018-06-22 17:32:23', '2018-06-22 17:32:23', '小程序b端服务');
INSERT INTO `system_user_oper_log` VALUES ('1714', '67', '蒋春明', '更新用户卡片', '更新用户卡片，商户id为:1 用户id为:35 卡片id为:3 卡片种类id为:2', 'MODIFY', '2018-06-22 17:32:31', '2018-06-22 17:32:31', '小程序b端服务');
INSERT INTO `system_user_oper_log` VALUES ('1715', '67', '蒋春明', '更新用户卡片', '更新用户卡片，商户id为:1 用户id为:1 卡片id为:1 卡片种类id为:1', 'MODIFY', '2018-06-22 17:32:40', '2018-06-22 17:32:40', '小程序b端服务');
INSERT INTO `system_user_oper_log` VALUES ('1716', '73', '崔小崔', '更新用户卡片', '更新用户卡片，商户id为:1 用户id为:1 卡片id为:1 卡片种类id为:2', 'MODIFY', '2018-06-22 17:40:17', '2018-06-22 17:40:15', '小程序b端服务');
INSERT INTO `system_user_oper_log` VALUES ('1717', '67', '蒋春明', '更新企业电话', '更新企业电话，商户id为:1 电话:13426238781', 'MODIFY', '2018-06-22 17:56:11', '2018-06-22 17:56:10', '小程序b端服务');
INSERT INTO `system_user_oper_log` VALUES ('1718', '67', '蒋春明', '更新用户卡号', '更新用户卡号，商户id为:1 用户id为:1 卡片id为:1 卡片种类id为:2', 'MODIFY', '2018-06-22 18:05:24', '2018-06-22 18:05:24', '小程序b端服务');
INSERT INTO `system_user_oper_log` VALUES ('1719', '67', '蒋春明', '更新企业地址', '更新企业地址，商户id为:1 地址:地方', 'MODIFY', '2018-06-22 18:19:24', '2018-06-22 18:19:24', '小程序b端服务');
INSERT INTO `system_user_oper_log` VALUES ('1720', '67', '蒋春明', '更新企业电话', '更新企业电话，商户id为:1 电话:13426238781', 'MODIFY', '2018-06-25 09:24:06', '2018-06-25 09:24:06', '小程序b端服务');
INSERT INTO `system_user_oper_log` VALUES ('1721', '67', '蒋春明', '更新企业电话', '更新企业电话，商户id为:1 电话:13426238781', 'MODIFY', '2018-06-25 09:46:20', '2018-06-25 09:46:20', '小程序b端服务');
INSERT INTO `system_user_oper_log` VALUES ('1722', '67', '蒋春明', '更新企业电话', '更新企业电话，商户id为:1 电话:13426238781', 'MODIFY', '2018-06-25 09:46:30', '2018-06-25 09:46:29', '小程序b端服务');
INSERT INTO `system_user_oper_log` VALUES ('1723', '67', '蒋春明', '更新用户卡号', '更新用户卡号，商户id为:1 用户id为:1 卡片id为:1 卡片种类id为:2', 'MODIFY', '2018-06-25 09:49:10', '2018-06-25 09:49:09', '小程序b端服务');
INSERT INTO `system_user_oper_log` VALUES ('1724', '67', '蒋春明', '更新用户卡号', '更新用户卡号，商户id为:1 用户id为:1 卡片id为:1 卡片种类id为:2', 'MODIFY', '2018-06-25 10:16:21', '2018-06-25 10:16:20', '小程序b端服务');
INSERT INTO `system_user_oper_log` VALUES ('1725', '67', '蒋春明', '更新企业电话', '更新企业电话，商户id为:1 电话:13426238781', 'MODIFY', '2018-06-25 10:18:23', '2018-06-25 10:18:23', '小程序b端服务');
INSERT INTO `system_user_oper_log` VALUES ('1726', '67', '蒋春明', '更新企业电话', '更新企业电话，商户id为:1 电话:13426238781', 'MODIFY', '2018-06-25 10:18:24', '2018-06-25 10:18:24', '小程序b端服务');
INSERT INTO `system_user_oper_log` VALUES ('1727', '67', '蒋春明', '更新企业电话', '更新企业电话，商户id为:1 电话:13426238781', 'MODIFY', '2018-06-25 10:18:25', '2018-06-25 10:18:25', '小程序b端服务');
INSERT INTO `system_user_oper_log` VALUES ('1728', '67', '蒋春明', '更新企业电话', '更新企业电话，商户id为:1 电话:13426238781', 'MODIFY', '2018-06-25 10:18:27', '2018-06-25 10:18:26', '小程序b端服务');
INSERT INTO `system_user_oper_log` VALUES ('1729', '67', '蒋春明', '更新企业电话', '更新企业电话，商户id为:1 电话:13426238781', 'MODIFY', '2018-06-25 10:18:38', '2018-06-25 10:18:38', '小程序b端服务');
INSERT INTO `system_user_oper_log` VALUES ('1730', '67', '蒋春明', '更新企业电话', '更新企业电话，商户id为:1 电话:13426238781', 'MODIFY', '2018-06-25 10:18:39', '2018-06-25 10:18:39', '小程序b端服务');
INSERT INTO `system_user_oper_log` VALUES ('1731', '67', '蒋春明', '更新企业电话', '更新企业电话，商户id为:1 电话:13426238781', 'MODIFY', '2018-06-25 10:18:40', '2018-06-25 10:18:40', '小程序b端服务');
INSERT INTO `system_user_oper_log` VALUES ('1732', '67', '蒋春明', '更新企业电话', '更新企业电话，商户id为:1 电话:13426238781', 'MODIFY', '2018-06-25 10:18:41', '2018-06-25 10:18:41', '小程序b端服务');
INSERT INTO `system_user_oper_log` VALUES ('1733', '67', '蒋春明', '更新企业电话', '更新企业电话，商户id为:1 电话:13426238781', 'MODIFY', '2018-06-25 10:18:42', '2018-06-25 10:18:42', '小程序b端服务');
INSERT INTO `system_user_oper_log` VALUES ('1734', '67', '蒋春明', '更新企业电话', '更新企业电话，商户id为:1 电话:13426238781', 'MODIFY', '2018-06-25 10:18:43', '2018-06-25 10:18:43', '小程序b端服务');
INSERT INTO `system_user_oper_log` VALUES ('1735', '67', '蒋春明', '更新企业电话', '更新企业电话，商户id为:1 电话:13426238781', 'MODIFY', '2018-06-25 10:18:44', '2018-06-25 10:18:44', '小程序b端服务');
INSERT INTO `system_user_oper_log` VALUES ('1736', '67', '蒋春明', '更新企业描述', '更新企业描述，商户id为:1 描述:撒旦范德萨发士大夫撒旦反倒是如果对方给自己法国东方体育与顾客ffdd', 'MODIFY', '2018-06-25 10:18:45', '2018-06-25 10:18:45', '小程序b端服务');
INSERT INTO `system_user_oper_log` VALUES ('1737', '67', '蒋春明', '更新企业描述', '更新企业描述，商户id为:1 描述:撒旦范德萨发士大夫撒旦反倒是如果对方给自己法国东方体育与顾客ffdd', 'MODIFY', '2018-06-25 10:18:46', '2018-06-25 10:18:46', '小程序b端服务');
INSERT INTO `system_user_oper_log` VALUES ('1738', '67', '蒋春明', '更新企业描述', '更新企业描述，商户id为:1 描述:撒旦范德萨发士大夫撒旦反倒是如果对方给自己法国东方体育与顾客ffdd', 'MODIFY', '2018-06-25 10:18:47', '2018-06-25 10:18:47', '小程序b端服务');
INSERT INTO `system_user_oper_log` VALUES ('1739', '67', '蒋春明', '更新企业电话', '更新企业电话，商户id为:1 电话:13426238781', 'MODIFY', '2018-06-25 10:19:26', '2018-06-25 10:19:26', '小程序b端服务');
INSERT INTO `system_user_oper_log` VALUES ('1740', '67', '蒋春明', '更新企业电话', '更新企业电话，商户id为:1 电话:13426238781', 'MODIFY', '2018-06-25 10:19:27', '2018-06-25 10:19:27', '小程序b端服务');
INSERT INTO `system_user_oper_log` VALUES ('1741', '67', '蒋春明', '更新企业电话', '更新企业电话，商户id为:1 电话:13426238781', 'MODIFY', '2018-06-25 10:19:29', '2018-06-25 10:19:28', '小程序b端服务');
INSERT INTO `system_user_oper_log` VALUES ('1742', '67', '蒋春明', '更新企业电话', '更新企业电话，商户id为:1 电话:13426238781', 'MODIFY', '2018-06-25 10:19:30', '2018-06-25 10:19:29', '小程序b端服务');
INSERT INTO `system_user_oper_log` VALUES ('1743', '67', '蒋春明', '更新企业电话', '更新企业电话，商户id为:1 电话:13426238781', 'MODIFY', '2018-06-25 10:19:30', '2018-06-25 10:19:30', '小程序b端服务');
INSERT INTO `system_user_oper_log` VALUES ('1744', '67', '蒋春明', '更新企业电话', '更新企业电话，商户id为:1 电话:13426238781', 'MODIFY', '2018-06-25 10:19:31', '2018-06-25 10:19:31', '小程序b端服务');
INSERT INTO `system_user_oper_log` VALUES ('1745', '67', '蒋春明', '更新企业电话', '更新企业电话，商户id为:1 电话:13426238781', 'MODIFY', '2018-06-25 10:19:33', '2018-06-25 10:19:32', '小程序b端服务');
INSERT INTO `system_user_oper_log` VALUES ('1746', '67', '蒋春明', '更新企业电话', '更新企业电话，商户id为:1 电话:13426238781', 'MODIFY', '2018-06-25 10:19:39', '2018-06-25 10:19:39', '小程序b端服务');
INSERT INTO `system_user_oper_log` VALUES ('1747', '67', '蒋春明', '更新企业电话', '更新企业电话，商户id为:1 电话:13426238781', 'MODIFY', '2018-06-25 10:19:40', '2018-06-25 10:19:40', '小程序b端服务');
INSERT INTO `system_user_oper_log` VALUES ('1748', '67', '蒋春明', '更新企业电话', '更新企业电话，商户id为:1 电话:13426238781', 'MODIFY', '2018-06-25 10:19:41', '2018-06-25 10:19:40', '小程序b端服务');
INSERT INTO `system_user_oper_log` VALUES ('1749', '67', '蒋春明', '更新企业电话', '更新企业电话，商户id为:1 电话:13426238781', 'MODIFY', '2018-06-25 10:19:42', '2018-06-25 10:19:41', '小程序b端服务');
INSERT INTO `system_user_oper_log` VALUES ('1750', '67', '蒋春明', '更新企业电话', '更新企业电话，商户id为:1 电话:13426238781', 'MODIFY', '2018-06-25 10:19:43', '2018-06-25 10:19:43', '小程序b端服务');
INSERT INTO `system_user_oper_log` VALUES ('1751', '67', '蒋春明', '更新企业描述', '更新企业描述，商户id为:1 描述:撒旦范德萨发士大夫撒旦反倒是如果对方给自己法国东方体育与顾客ffdd', 'MODIFY', '2018-06-25 10:19:50', '2018-06-25 10:19:50', '小程序b端服务');
INSERT INTO `system_user_oper_log` VALUES ('1752', '67', '蒋春明', '更新企业地址', '更新企业地址，商户id为:1 地址:地方', 'MODIFY', '2018-06-25 10:19:54', '2018-06-25 10:19:53', '小程序b端服务');
INSERT INTO `system_user_oper_log` VALUES ('1753', '67', '蒋春明', '更新企业描述', '更新企业描述，商户id为:1 描述:撒旦范德萨发士大夫撒旦反倒是如果对方给自己法国东方体育与顾客ffdd', 'MODIFY', '2018-06-25 10:20:05', '2018-06-25 10:20:05', '小程序b端服务');
INSERT INTO `system_user_oper_log` VALUES ('1754', '67', '蒋春明', '自主营销', '编辑短信内容：撒旦，服务id：24', 'MODIFY', '2018-06-25 10:36:23', '2018-06-25 10:36:23', '小程序b端服务');
INSERT INTO `system_user_oper_log` VALUES ('1755', '67', '蒋春明', '自主营销', '编辑短信内容：士大夫，服务id：25', 'MODIFY', '2018-06-25 10:40:28', '2018-06-25 10:40:27', '小程序b端服务');
INSERT INTO `system_user_oper_log` VALUES ('1756', '13', '思念向海。', '上传企业图片', '上传企业图片，商户id为:1 图片名:1529894466667.png', 'ADD', '2018-06-25 10:41:07', '2018-06-25 10:41:04', '小程序b端服务');
INSERT INTO `system_user_oper_log` VALUES ('1757', '13', '思念向海。', '上传企业图片', '上传企业图片，商户id为:1 图片名:1529894631780.png', 'ADD', '2018-06-25 10:43:52', '2018-06-25 10:43:49', '小程序b端服务');
INSERT INTO `system_user_oper_log` VALUES ('1758', '13', '思念向海。', '上传企业图片', '上传企业图片，商户id为:1 图片名:1529894719794.png', 'ADD', '2018-06-25 10:45:20', '2018-06-25 10:45:17', '小程序b端服务');
INSERT INTO `system_user_oper_log` VALUES ('1759', '67', '蒋春明', '更新用户卡片', '更新用户卡片，商户id为:1 用户id为:1 卡片id为:1 卡片种类id为:1', 'MODIFY', '2018-06-25 11:40:46', '2018-06-25 11:40:45', '小程序b端服务');
INSERT INTO `system_user_oper_log` VALUES ('1760', '67', '蒋春明', '更新用户卡片', '更新用户卡片，商户id为:1 用户id为:1 卡片id为:1 卡片种类id为:3', 'MODIFY', '2018-06-25 11:41:11', '2018-06-25 11:41:11', '小程序b端服务');
INSERT INTO `system_user_oper_log` VALUES ('1761', '67', '蒋春明', '更新用户卡片', '更新用户卡片，商户id为:1 用户id为:1 卡片id为:1 卡片种类id为:1', 'MODIFY', '2018-06-25 11:41:27', '2018-06-25 11:41:26', '小程序b端服务');
INSERT INTO `system_user_oper_log` VALUES ('1762', '67', '蒋春明', '更新用户卡片', '更新用户卡片，商户id为:1 用户id为:1 卡片id为:1 卡片种类id为:3', 'MODIFY', '2018-06-25 11:41:40', '2018-06-25 11:41:39', '小程序b端服务');
INSERT INTO `system_user_oper_log` VALUES ('1763', '67', '蒋春明', '更新用户卡片', '更新用户卡片，商户id为:1 用户id为:4 卡片id为:2 卡片种类id为:3', 'MODIFY', '2018-06-25 11:41:55', '2018-06-25 11:41:54', '小程序b端服务');
INSERT INTO `system_user_oper_log` VALUES ('1764', '67', '蒋春明', '更新企业电话', '更新企业电话，商户id为:1 电话:13426238781', 'MODIFY', '2018-06-25 13:55:05', '2018-06-25 13:55:06', '小程序b端服务');
INSERT INTO `system_user_oper_log` VALUES ('1765', '67', '蒋春明', '更新企业电话', '更新企业电话，商户id为:1 电话:13426238781', 'MODIFY', '2018-06-25 13:55:06', '2018-06-25 13:55:07', '小程序b端服务');
INSERT INTO `system_user_oper_log` VALUES ('1766', '67', '蒋春明', '更新企业电话', '更新企业电话，商户id为:1 电话:13426238781', 'MODIFY', '2018-06-25 13:55:07', '2018-06-25 13:55:08', '小程序b端服务');
INSERT INTO `system_user_oper_log` VALUES ('1767', '67', '蒋春明', '更新企业电话', '更新企业电话，商户id为:1 电话:13426238781', 'MODIFY', '2018-06-25 13:55:08', '2018-06-25 13:55:10', '小程序b端服务');
INSERT INTO `system_user_oper_log` VALUES ('1768', '67', '蒋春明', '更新企业电话', '更新企业电话，商户id为:1 电话:13426238781', 'MODIFY', '2018-06-25 13:55:10', '2018-06-25 13:55:11', '小程序b端服务');
INSERT INTO `system_user_oper_log` VALUES ('1769', '74', '崔小崔', '更新企业描述', '更新企业描述，商户id为:1 描述:撒旦范德萨发士大夫撒旦反倒是如果对方给自己法国东方体育与顾客ffdd额额额额111111111111111111111111111111111111111111111111111111', 'MODIFY', '2018-06-25 14:25:13', '2018-06-25 14:25:12', '小程序b端服务');
INSERT INTO `system_user_oper_log` VALUES ('1770', '67', '蒋春明', '更新企业电话', '更新企业电话，商户id为:1 电话:13426238781', 'MODIFY', '2018-06-25 14:41:54', '2018-06-25 14:41:55', '小程序b端服务');
INSERT INTO `system_user_oper_log` VALUES ('1771', '67', '蒋春明', '更新企业电话', '更新企业电话，企业id为:1 电话:134262387811', 'MODIFY', '2018-06-25 14:54:49', '2018-06-25 14:54:50', '小程序b端服务');
INSERT INTO `system_user_oper_log` VALUES ('1772', '67', '蒋春明', '更新企业电话', '更新企业电话，企业id为:1 电话:134262387811', 'MODIFY', '2018-06-25 14:54:57', '2018-06-25 14:54:58', '小程序b端服务');
INSERT INTO `system_user_oper_log` VALUES ('1773', '67', '蒋春明', '更新企业电话', '更新企业电话，企业id为:1 电话:134262387811', 'MODIFY', '2018-06-25 14:59:42', '2018-06-25 14:59:43', '小程序b端服务');
INSERT INTO `system_user_oper_log` VALUES ('1774', '67', '蒋春明', '更新企业电话', '更新企业电话，企业id为:1 电话:134262387811', 'MODIFY', '2018-06-25 14:59:49', '2018-06-25 14:59:50', '小程序b端服务');
INSERT INTO `system_user_oper_log` VALUES ('1775', '67', '蒋春明', '更新企业电话', '更新企业电话，企业id为:1 电话:134262387811', 'MODIFY', '2018-06-25 15:01:35', '2018-06-25 15:01:36', '小程序b端服务');
INSERT INTO `system_user_oper_log` VALUES ('1776', '67', '蒋春明', '更新企业电话', '更新企业电话，企业id为:1 电话:134262387811-', 'MODIFY', '2018-06-25 15:01:43', '2018-06-25 15:01:44', '小程序b端服务');
INSERT INTO `system_user_oper_log` VALUES ('1777', '67', '蒋春明', '更新企业电话', '更新企业电话，企业id为:1 电话:134262387811-', 'MODIFY', '2018-06-25 15:01:55', '2018-06-25 15:01:56', '小程序b端服务');
INSERT INTO `system_user_oper_log` VALUES ('1778', '67', '蒋春明', '更新企业电话', '更新企业电话，企业id为:1 电话:134262387811-', 'MODIFY', '2018-06-25 15:05:05', '2018-06-25 15:05:06', '小程序b端服务');
INSERT INTO `system_user_oper_log` VALUES ('1779', '67', '蒋春明', '更新企业电话', '更新企业电话，企业id为:1 电话:134262387811-', 'MODIFY', '2018-06-25 15:05:07', '2018-06-25 15:05:08', '小程序b端服务');
INSERT INTO `system_user_oper_log` VALUES ('1780', '67', '蒋春明', '更新企业电话', '更新企业电话，企业id为:1 电话:134262387811-', 'MODIFY', '2018-06-25 15:05:49', '2018-06-25 15:05:50', '小程序b端服务');
INSERT INTO `system_user_oper_log` VALUES ('1781', '67', '蒋春明', '更新企业电话', '更新企业电话，企业id为:1 电话:134262387811-', 'MODIFY', '2018-06-25 15:05:53', '2018-06-25 15:05:54', '小程序b端服务');
INSERT INTO `system_user_oper_log` VALUES ('1782', '67', '蒋春明', '更新企业电话', '更新企业电话，企业id为:1 电话:134262387811-', 'MODIFY', '2018-06-25 15:07:34', '2018-06-25 15:07:35', '小程序b端服务');
INSERT INTO `system_user_oper_log` VALUES ('1783', '67', '蒋春明', '更新企业电话', '更新企业电话，企业id为:1 电话:134262387811-', 'MODIFY', '2018-06-25 15:07:41', '2018-06-25 15:07:42', '小程序b端服务');
INSERT INTO `system_user_oper_log` VALUES ('1784', '67', '蒋春明', '更新企业电话', '更新企业电话，企业id为:1 电话:13426238781', 'MODIFY', '2018-06-25 15:07:50', '2018-06-25 15:07:51', '小程序b端服务');
INSERT INTO `system_user_oper_log` VALUES ('1785', '67', '蒋春明', '更新企业电话', '更新企业电话，企业id为:1 电话:500-222-4444', 'MODIFY', '2018-06-25 15:08:02', '2018-06-25 15:08:03', '小程序b端服务');
INSERT INTO `system_user_oper_log` VALUES ('1786', '67', '蒋春明', '更新企业电话', '更新企业电话，企业id为:1 电话:500-222-4444', 'MODIFY', '2018-06-25 15:10:50', '2018-06-25 15:10:51', '小程序b端服务');
INSERT INTO `system_user_oper_log` VALUES ('1787', '67', '蒋春明', '更新企业电话', '更新企业电话，企业id为:1 电话:500-222-4444', 'MODIFY', '2018-06-25 15:10:54', '2018-06-25 15:10:55', '小程序b端服务');
INSERT INTO `system_user_oper_log` VALUES ('1788', '67', '蒋春明', '更新企业电话', '更新企业电话，企业id为:1 电话:500-222-4444', 'MODIFY', '2018-06-25 15:11:04', '2018-06-25 15:11:05', '小程序b端服务');
INSERT INTO `system_user_oper_log` VALUES ('1789', '67', '蒋春明', '更新企业电话', '更新企业电话，企业id为:1 电话:500-222-44444', 'MODIFY', '2018-06-25 15:11:16', '2018-06-25 15:11:17', '小程序b端服务');
INSERT INTO `system_user_oper_log` VALUES ('1790', '67', '蒋春明', '更新企业电话', '更新企业电话，企业id为:1 电话:500-222-44444', 'MODIFY', '2018-06-25 15:11:23', '2018-06-25 15:11:24', '小程序b端服务');
INSERT INTO `system_user_oper_log` VALUES ('1791', '67', '蒋春明', '更新企业电话', '更新企业电话，企业id为:1 电话:500-222-44444', 'MODIFY', '2018-06-25 15:11:32', '2018-06-25 15:11:33', '小程序b端服务');
INSERT INTO `system_user_oper_log` VALUES ('1792', '67', '蒋春明', '更新企业电话', '更新企业电话，企业id为:1 电话:13426238781', 'MODIFY', '2018-06-25 15:11:44', '2018-06-25 15:11:45', '小程序b端服务');
INSERT INTO `system_user_oper_log` VALUES ('1793', '67', '蒋春明', '更新企业电话', '更新企业电话，企业id为:1 电话:13426238781', 'MODIFY', '2018-06-25 15:11:46', '2018-06-25 15:11:47', '小程序b端服务');
INSERT INTO `system_user_oper_log` VALUES ('1794', '67', '蒋春明', '更新企业电话', '更新企业电话，企业id为:1 电话:1342623878', 'MODIFY', '2018-06-25 15:11:51', '2018-06-25 15:11:52', '小程序b端服务');
INSERT INTO `system_user_oper_log` VALUES ('1795', '67', '蒋春明', '更新企业电话', '更新企业电话，企业id为:1 电话:400-222-2222', 'MODIFY', '2018-06-25 15:12:04', '2018-06-25 15:12:05', '小程序b端服务');
INSERT INTO `system_user_oper_log` VALUES ('1796', '67', '蒋春明', '更新企业电话', '更新企业电话，企业id为:1 电话:400-222-2222', 'MODIFY', '2018-06-25 15:12:08', '2018-06-25 15:12:09', '小程序b端服务');
INSERT INTO `system_user_oper_log` VALUES ('1797', '67', '蒋春明', '更新企业电话', '更新企业电话，企业id为:1 电话:400-222-22222', 'MODIFY', '2018-06-25 15:12:25', '2018-06-25 15:12:26', '小程序b端服务');
INSERT INTO `system_user_oper_log` VALUES ('1798', '67', '蒋春明', '更新企业电话', '更新企业电话，企业id为:1 电话:400-222-22222', 'MODIFY', '2018-06-25 15:12:36', '2018-06-25 15:12:37', '小程序b端服务');
INSERT INTO `system_user_oper_log` VALUES ('1799', '67', '蒋春明', '更新企业电话', '更新企业电话，企业id为:1 电话:400-222-22222', 'MODIFY', '2018-06-25 15:14:12', '2018-06-25 15:14:13', '小程序b端服务');
INSERT INTO `system_user_oper_log` VALUES ('1800', '67', '蒋春明', '更新企业电话', '更新企业电话，企业id为:1 电话:400-222-22222', 'MODIFY', '2018-06-25 15:14:19', '2018-06-25 15:14:20', '小程序b端服务');
INSERT INTO `system_user_oper_log` VALUES ('1801', '67', '蒋春明', '更新企业电话', '更新企业电话，企业id为:1 电话:400-222-22222', 'MODIFY', '2018-06-25 15:14:33', '2018-06-25 15:14:34', '小程序b端服务');
INSERT INTO `system_user_oper_log` VALUES ('1802', '67', '蒋春明', '更新企业电话', '更新企业电话，企业id为:1 电话:400-222-2222', 'MODIFY', '2018-06-25 15:14:47', '2018-06-25 15:14:48', '小程序b端服务');
INSERT INTO `system_user_oper_log` VALUES ('1803', '67', '蒋春明', '更新企业电话', '更新企业电话，企业id为:1 电话:400-222-22222', 'MODIFY', '2018-06-25 15:14:52', '2018-06-25 15:14:53', '小程序b端服务');
INSERT INTO `system_user_oper_log` VALUES ('1804', '67', '蒋春明', '更新企业电话', '更新企业电话，企业id为:1 电话:400-222-2222', 'MODIFY', '2018-06-25 15:30:20', '2018-06-25 15:30:21', '小程序b端服务');
INSERT INTO `system_user_oper_log` VALUES ('1805', '67', '蒋春明', '更新企业电话', '更新企业电话，企业id为:1 电话:400-222-2222', 'MODIFY', '2018-06-25 15:32:19', '2018-06-25 15:32:20', '小程序b端服务');
INSERT INTO `system_user_oper_log` VALUES ('1806', '67', '蒋春明', '更新企业电话', '更新企业电话，企业id为:1 电话:400-222-2222', 'MODIFY', '2018-06-25 15:34:14', '2018-06-25 15:34:15', '小程序b端服务');
INSERT INTO `system_user_oper_log` VALUES ('1807', '67', '蒋春明', '更新企业电话', '更新企业电话，企业id为:1 电话:400-222-2222', 'MODIFY', '2018-06-25 15:34:17', '2018-06-25 15:34:18', '小程序b端服务');
INSERT INTO `system_user_oper_log` VALUES ('1808', '67', '蒋春明', '更新企业电话', '更新企业电话，企业id为:1 电话:400-222-2222', 'MODIFY', '2018-06-25 15:34:18', '2018-06-25 15:34:19', '小程序b端服务');
INSERT INTO `system_user_oper_log` VALUES ('1809', '67', '蒋春明', '更新企业电话', '更新企业电话，企业id为:1 电话:400-222-2222', 'MODIFY', '2018-06-25 15:36:07', '2018-06-25 15:36:08', '小程序b端服务');
INSERT INTO `system_user_oper_log` VALUES ('1810', '67', '蒋春明', '更新企业电话', '更新企业电话，企业id为:1 电话:400-222-2222', 'MODIFY', '2018-06-25 15:36:09', '2018-06-25 15:36:10', '小程序b端服务');
INSERT INTO `system_user_oper_log` VALUES ('1811', '67', '蒋春明', '更新企业电话', '更新企业电话，企业id为:1 电话:400-222-2222', 'MODIFY', '2018-06-25 15:36:20', '2018-06-25 15:36:21', '小程序b端服务');
INSERT INTO `system_user_oper_log` VALUES ('1812', '67', '蒋春明', '更新企业电话', '更新企业电话，企业id为:1 电话:400-222-2222', 'MODIFY', '2018-06-25 15:36:23', '2018-06-25 15:36:24', '小程序b端服务');
INSERT INTO `system_user_oper_log` VALUES ('1813', '67', '蒋春明', '更新企业电话', '更新企业电话，企业id为:1 电话:400-222-2222', 'MODIFY', '2018-06-25 15:36:25', '2018-06-25 15:36:26', '小程序b端服务');
INSERT INTO `system_user_oper_log` VALUES ('1814', '67', '蒋春明', '更新企业电话', '更新企业电话，企业id为:1 电话:400-222-2222', 'MODIFY', '2018-06-25 15:36:27', '2018-06-25 15:36:28', '小程序b端服务');
INSERT INTO `system_user_oper_log` VALUES ('1815', '67', '蒋春明', '更新企业电话', '更新企业电话，企业id为:1 电话:400-222-2222', 'MODIFY', '2018-06-25 15:36:27', '2018-06-25 15:36:28', '小程序b端服务');
INSERT INTO `system_user_oper_log` VALUES ('1816', '67', '蒋春明', '更新企业电话', '更新企业电话，企业id为:1 电话:400-222-2222', 'MODIFY', '2018-06-25 15:39:18', '2018-06-25 15:39:19', '小程序b端服务');
INSERT INTO `system_user_oper_log` VALUES ('1817', '67', '蒋春明', '更新企业电话', '更新企业电话，企业id为:1 电话:400-222-2222', 'MODIFY', '2018-06-25 15:39:20', '2018-06-25 15:39:21', '小程序b端服务');
INSERT INTO `system_user_oper_log` VALUES ('1818', '67', '蒋春明', '更新企业电话', '更新企业电话，企业id为:1 电话:400-222-2222', 'MODIFY', '2018-06-25 15:39:29', '2018-06-25 15:39:30', '小程序b端服务');
INSERT INTO `system_user_oper_log` VALUES ('1819', '74', '崔小崔', '老客营销', '编辑短信内容：2222223，服务id：1', 'MODIFY', '2018-06-25 15:45:13', '2018-06-25 15:45:12', '小程序b端服务');
INSERT INTO `system_user_oper_log` VALUES ('1820', '74', '崔小崔', '老客营销', '编辑短信内容：1221212，服务id：1', 'MODIFY', '2018-06-25 15:46:27', '2018-06-25 15:46:26', '小程序b端服务');
INSERT INTO `system_user_oper_log` VALUES ('1821', '74', '崔小崔', '老客营销', '编辑短信内容：2222，服务id：1', 'MODIFY', '2018-06-25 15:58:03', '2018-06-25 15:58:03', '小程序b端服务');
INSERT INTO `system_user_oper_log` VALUES ('1822', '67', '蒋春明', '更新企业电话', '更新企业电话，企业id为:1 电话:400-222-2222', 'MODIFY', '2018-06-25 15:58:47', '2018-06-25 15:58:48', '小程序b端服务');
INSERT INTO `system_user_oper_log` VALUES ('1823', '67', '蒋春明', '更新企业电话', '更新企业电话，企业id为:1 电话:400-222-2222', 'MODIFY', '2018-06-25 15:58:58', '2018-06-25 15:58:59', '小程序b端服务');
INSERT INTO `system_user_oper_log` VALUES ('1824', '67', '蒋春明', '更新企业电话', '更新企业电话，企业id为:1 电话:400-222-2222', 'MODIFY', '2018-06-25 16:00:31', '2018-06-25 16:00:32', '小程序b端服务');
INSERT INTO `system_user_oper_log` VALUES ('1825', '74', '崔小崔', '老客营销', '编辑短信内容：111，服务id：1', 'MODIFY', '2018-06-25 16:02:47', '2018-06-25 16:02:46', '小程序b端服务');
INSERT INTO `system_user_oper_log` VALUES ('1826', '74', '崔小崔', '自主营销', '编辑短信内容：11，服务id：26', 'MODIFY', '2018-06-25 16:03:47', '2018-06-25 16:03:46', '小程序b端服务');
INSERT INTO `system_user_oper_log` VALUES ('1827', '74', '崔小崔', '老客营销', '编辑短信内容：111，服务id：1', 'MODIFY', '2018-06-25 16:04:13', '2018-06-25 16:04:12', '小程序b端服务');
INSERT INTO `system_user_oper_log` VALUES ('1828', '67', '蒋春明', '更新企业电话', '更新企业电话，企业id为:1 电话:400-222-2222', 'MODIFY', '2018-06-25 16:04:25', '2018-06-25 16:04:26', '小程序b端服务');
INSERT INTO `system_user_oper_log` VALUES ('1829', '67', '蒋春明', '更新企业电话', '更新企业电话，企业id为:1 电话:400-222-2222', 'MODIFY', '2018-06-25 16:04:26', '2018-06-25 16:04:27', '小程序b端服务');
INSERT INTO `system_user_oper_log` VALUES ('1830', '67', '蒋春明', '更新企业电话', '更新企业电话，企业id为:1 电话:400-222-2222', 'MODIFY', '2018-06-25 16:04:27', '2018-06-25 16:04:28', '小程序b端服务');
INSERT INTO `system_user_oper_log` VALUES ('1831', '67', '蒋春明', '更新企业电话', '更新企业电话，企业id为:1 电话:400-222-2222', 'MODIFY', '2018-06-25 16:04:28', '2018-06-25 16:04:29', '小程序b端服务');
INSERT INTO `system_user_oper_log` VALUES ('1832', '67', '蒋春明', '更新企业电话', '更新企业电话，企业id为:1 电话:400-222-2222', 'MODIFY', '2018-06-25 16:04:31', '2018-06-25 16:04:32', '小程序b端服务');
INSERT INTO `system_user_oper_log` VALUES ('1833', '74', '崔小崔', '老客营销', '编辑短信内容：111，服务id：1', 'MODIFY', '2018-06-25 16:06:00', '2018-06-25 16:06:00', '小程序b端服务');
INSERT INTO `system_user_oper_log` VALUES ('1834', '74', '崔小崔', '老客营销', '编辑短信内容：111，服务id：1', 'MODIFY', '2018-06-25 16:06:59', '2018-06-25 16:06:58', '小程序b端服务');
INSERT INTO `system_user_oper_log` VALUES ('1835', '74', '崔小崔', '老客营销', '编辑短信内容：11，服务id：1', 'MODIFY', '2018-06-25 16:09:00', '2018-06-25 16:08:59', '小程序b端服务');
INSERT INTO `system_user_oper_log` VALUES ('1836', '74', '崔小崔', '老客营销', '编辑短信内容：1111，服务id：1', 'MODIFY', '2018-06-25 16:09:28', '2018-06-25 16:09:28', '小程序b端服务');
INSERT INTO `system_user_oper_log` VALUES ('1837', '74', '崔小崔', '新客推荐', '编辑短信内容：111，服务id：1', 'MODIFY', '2018-06-25 16:12:24', '2018-06-25 16:12:23', '小程序b端服务');
INSERT INTO `system_user_oper_log` VALUES ('1838', '67', '蒋春明', '更新企业描述', '更新企业描述，企业id为:1 描述:撒旦范德萨发士大夫撒旦反倒是如果对方给自己法国东方体育与顾客ffdd额额额额111111111111111111111111111111111111111111111111111111', 'MODIFY', '2018-06-25 16:15:56', '2018-06-25 16:15:57', '小程序b端服务');
INSERT INTO `system_user_oper_log` VALUES ('1839', '67', '蒋春明', '更新企业描述', '更新企业描述，企业id为:1 描述:撒旦范德萨发士大夫撒旦反倒是如果对方给自己法国东方体育与顾客ffdd额额额额111111111111111111111111111111111111111111111111111111', 'MODIFY', '2018-06-25 16:15:58', '2018-06-25 16:15:59', '小程序b端服务');
INSERT INTO `system_user_oper_log` VALUES ('1840', '67', '蒋春明', '更新企业地址', '更新企业地址，企业id为:1 地址:地方', 'MODIFY', '2018-06-25 16:16:18', '2018-06-25 16:16:19', '小程序b端服务');
INSERT INTO `system_user_oper_log` VALUES ('1841', '67', '蒋春明', '更新企业地址', '更新企业地址，企业id为:1 地址:地方', 'MODIFY', '2018-06-25 16:16:23', '2018-06-25 16:16:24', '小程序b端服务');
INSERT INTO `system_user_oper_log` VALUES ('1842', '67', '蒋春明', '更新企业电话', '更新企业电话，企业id为:1 电话:400-222-2222', 'MODIFY', '2018-06-25 16:16:26', '2018-06-25 16:16:27', '小程序b端服务');
INSERT INTO `system_user_oper_log` VALUES ('1843', '67', '蒋春明', '更新企业地址', '更新企业地址，企业id为:1 地址:地方', 'MODIFY', '2018-06-25 16:17:33', '2018-06-25 16:17:34', '小程序b端服务');
INSERT INTO `system_user_oper_log` VALUES ('1844', '67', '蒋春明', '更新企业描述', '更新企业描述，企业id为:1 描述:撒旦范德萨发士大夫撒旦反倒是如果对方给自己法国东方体育与顾客ffdd额额额额11111111111111', 'MODIFY', '2018-06-25 16:17:53', '2018-06-25 16:17:53', '小程序b端服务');
INSERT INTO `system_user_oper_log` VALUES ('1845', '67', '蒋春明', '更新企业描述', '更新企业描述，企业id为:1 描述:撒旦范德萨发士大夫撒旦反倒是如果对方给自己法国东方体育与顾客ffdd额额额额11111111111111', 'MODIFY', '2018-06-25 16:17:56', '2018-06-25 16:17:56', '小程序b端服务');
INSERT INTO `system_user_oper_log` VALUES ('1846', '67', '蒋春明', '更新企业描述', '更新企业描述，企业id为:1 描述:撒旦范德萨发士大夫撒旦反倒是如果对方给自己法国东方体育与顾客ffdd额额额额11111111111111', 'MODIFY', '2018-06-25 16:17:58', '2018-06-25 16:17:59', '小程序b端服务');
INSERT INTO `system_user_oper_log` VALUES ('1847', '67', '蒋春明', '更新企业描述', '更新企业描述，企业id为:1 描述:撒旦范德萨发士大夫撒旦反倒是如果对方给自己法国东方体育与顾客ffdd额额额额11111111111111', 'MODIFY', '2018-06-25 16:18:03', '2018-06-25 16:18:04', '小程序b端服务');
INSERT INTO `system_user_oper_log` VALUES ('1848', '67', '蒋春明', '更新企业描述', '更新企业描述，企业id为:1 描述:撒旦范德萨发士大夫撒旦反倒是如果对方给自己法国东方体育与顾客ffdd额额额额11111111111111high胡兔兔兔兔JJ默默YY知我者谓我心忧知我者谓我心忧知我者谓我心忧知我者谓我心忧休息注意知我者谓我心忧YY知我者谓我心忧中央音乐学院知我者谓我心忧知我者谓我心忧中央音乐学院YY知我者谓我心忧知我者谓我心忧', 'MODIFY', '2018-06-25 16:20:40', '2018-06-25 16:20:41', '小程序b端服务');
INSERT INTO `system_user_oper_log` VALUES ('1849', '67', '蒋春明', '更新企业描述', '更新企业描述，企业id为:1 描述:撒旦范德萨发士大夫撒旦反倒是如果对方给自己法国东方体育与顾客ffdd额额额额11111111111111high胡兔兔兔兔JJ默默YY知我者谓我心忧知我者谓我心忧知我者谓我心忧知我者谓我心忧休息注意知我者谓我心忧YY知我者谓我心忧中央音乐学院知我者谓我心忧知我者谓我心忧中央音乐学院YY知我者谓我心忧知我者谓我心忧好', 'MODIFY', '2018-06-25 16:21:14', '2018-06-25 16:21:14', '小程序b端服务');
INSERT INTO `system_user_oper_log` VALUES ('1850', '67', '蒋春明', '更新企业描述', '更新企业描述，企业id为:1 描述:撒旦范德萨发士大夫撒旦反倒是如果对方给自己法国东方体育与顾客ffdd额额额额11111111111111high胡兔兔兔兔JJ默默YY知我者谓我心忧知我者谓我心忧知我者谓我心忧知我者谓我心忧休息注意知我者谓我心忧YY知我者谓我心忧中央音乐学院知我者谓我心忧知我者谓我心忧中央音乐学院YY知我者谓我心忧知我者谓我心忧好', 'MODIFY', '2018-06-25 16:21:16', '2018-06-25 16:21:17', '小程序b端服务');
INSERT INTO `system_user_oper_log` VALUES ('1851', '74', '崔小崔', '自主营销', '编辑短信内容：```，服务id：27', 'MODIFY', '2018-06-25 16:25:40', '2018-06-25 16:25:39', '小程序b端服务');
INSERT INTO `system_user_oper_log` VALUES ('1852', '67', '蒋春明', '更新企业描述', '更新企业描述，企业id为:1 描述:撒旦范德萨发士大夫撒旦反倒是如果对方给自己法国东方体育与顾客ffdd额额额额11111111111111high胡兔兔兔兔JJ默默YY知我者谓我心忧知我者谓我心忧知我者谓我心忧知我者谓我心忧休息注意知我者谓我心忧YY知我者谓我心忧中央音乐学院知我者谓我心忧知我者谓我心忧中央音乐学院YY知我者谓我心忧知我者谓我心忧好', 'MODIFY', '2018-06-25 16:27:37', '2018-06-25 16:27:38', '小程序b端服务');
INSERT INTO `system_user_oper_log` VALUES ('1853', '74', '崔小崔', '自主营销', '编辑短信内容：222，服务id：28', 'MODIFY', '2018-06-25 16:27:43', '2018-06-25 16:27:42', '小程序b端服务');
INSERT INTO `system_user_oper_log` VALUES ('1854', '67', '蒋春明', '更新用户卡号', '更新用户卡号，企业id为:1 用户id为:0 卡片id为:0 卡片种类id为:3', 'MODIFY', '2018-06-25 16:28:14', '2018-06-25 16:28:15', '小程序b端服务');
INSERT INTO `system_user_oper_log` VALUES ('1855', '67', '蒋春明', '更新用户卡号', '更新用户卡号，企业id为:1 用户id为:0 卡片id为:0 卡片种类id为:3', 'MODIFY', '2018-06-25 16:28:17', '2018-06-25 16:28:18', '小程序b端服务');
INSERT INTO `system_user_oper_log` VALUES ('1856', '67', '蒋春明', '更新用户卡号', '更新用户卡号，企业id为:1 用户id为:1 卡片id为:1 卡片种类id为:3', 'MODIFY', '2018-06-25 16:28:26', '2018-06-25 16:28:27', '小程序b端服务');
INSERT INTO `system_user_oper_log` VALUES ('1857', '67', '蒋春明', '更新用户卡号', '更新用户卡号，企业id为:1 用户id为:1 卡片id为:1 卡片种类id为:3', 'MODIFY', '2018-06-25 16:28:31', '2018-06-25 16:28:32', '小程序b端服务');
INSERT INTO `system_user_oper_log` VALUES ('1858', '67', '蒋春明', '更新用户卡片', '更新用户卡片，企业id为:1 用户id为:1 卡片id为:1 卡片种类id为:1', 'MODIFY', '2018-06-25 16:29:34', '2018-06-25 16:29:35', '小程序b端服务');
INSERT INTO `system_user_oper_log` VALUES ('1859', '67', '蒋春明', '自主营销', '编辑短信内容：看看，服务id：29', 'MODIFY', '2018-06-25 16:30:34', '2018-06-25 16:30:35', '小程序b端服务');
INSERT INTO `system_user_oper_log` VALUES ('1860', '74', '崔小崔', '自主营销', '编辑短信内容：111，服务id：30', 'MODIFY', '2018-06-25 16:30:37', '2018-06-25 16:30:36', '小程序b端服务');
INSERT INTO `system_user_oper_log` VALUES ('1861', '74', '崔小崔', '新客推荐', '编辑短信内容：11，服务id：1', 'MODIFY', '2018-06-25 16:30:56', '2018-06-25 16:30:55', '小程序b端服务');
INSERT INTO `system_user_oper_log` VALUES ('1862', '67', '蒋春明', '更新企业描述', '更新企业描述，企业id为:1 描述:撒旦范德萨发士大夫撒旦反倒是如果对方给自己法国东方体育与顾客ffdd额额额额11111111111111high胡兔兔兔兔JJ默默YY知我者谓我心忧知我者谓我心忧知我者谓我心忧知我者谓我心忧休息注意知我者谓我心忧YY知我者谓我心忧中央音乐学院知我者谓我心忧知我者谓我心忧中央音乐学院YY知我者谓我心忧知我者谓我心忧好', 'MODIFY', '2018-06-25 17:02:45', '2018-06-25 17:02:46', '小程序b端服务');
INSERT INTO `system_user_oper_log` VALUES ('1863', '67', '蒋春明', '更新企业描述', '更新企业描述，企业id为:1 描述:撒旦范德萨发士大夫撒旦反倒是如果对方给自己法国东方体育与顾客ffdd额额额额11111111111111high胡兔兔兔兔JJ默默YY知我者谓我心忧知我者谓我心忧知我者谓我心忧知我者谓我心忧休息注意知我者谓我心忧YY知我者谓我心忧中央音乐学院知我者谓我心忧知我者谓我心忧中央音乐学院YY知我者谓我心忧知我者谓我心忧好', 'MODIFY', '2018-06-25 17:02:47', '2018-06-25 17:02:48', '小程序b端服务');
INSERT INTO `system_user_oper_log` VALUES ('1864', '67', '蒋春明', '更新企业描述', '更新企业描述，企业id为:1 描述:撒旦范德萨发士大夫撒旦反倒是如果对方给自己法国东方体育与顾客ffdd额额额额11111111111111high胡兔兔兔兔JJ默默YY知我者谓我心忧知我者谓我心忧知我者谓我心忧知我者谓我心忧休息注意知我者谓我心忧YY知我者谓我心忧中央音乐学院知我者谓我心忧知我者谓我心忧中央音乐学院YY知我者谓我心忧知我者谓我心忧好', 'MODIFY', '2018-06-25 17:05:11', '2018-06-25 17:05:12', '小程序b端服务');
INSERT INTO `system_user_oper_log` VALUES ('1865', '74', '崔小崔', '更新企业描述', '更新企业描述，企业id为:1 描述:撒旦范德萨发士大夫撒旦反倒是如果对方给自己法国东方体育与顾客ffdd额额额额11111111111111high胡兔兔兔兔JJ默默YY知我者谓我心忧知我者谓我心忧知我者谓我心忧知我者谓我心忧休息注意知我者谓我心忧YY知我者谓我心忧中央音乐学院知我者谓我心忧知我者谓我心忧中央音乐学院YY知我者谓我心忧知我者谓我心忧好', 'MODIFY', '2018-06-25 17:10:41', '2018-06-25 17:10:42', '小程序b端服务');
INSERT INTO `system_user_oper_log` VALUES ('1866', '74', '崔小崔', '更新企业描述', '更新企业描述，企业id为:1 描述:撒旦范德萨发士大夫撒旦反倒是如果对方给自己法国东方体育与顾客ffdd额额额额11111111111111high胡兔兔兔兔JJ默默YY知我者谓我心忧知我者谓我心忧知我者谓我心忧知我者谓我心忧休息注意知我者谓我心忧YY知我者谓我心忧中央音乐学院知我者谓我心忧知我者谓我心忧中央音乐学院YY知我者谓我心忧知我者谓', 'MODIFY', '2018-06-25 17:11:19', '2018-06-25 17:11:20', '小程序b端服务');
INSERT INTO `system_user_oper_log` VALUES ('1867', '74', '崔小崔', '更新企业描述', '更新企业描述，商户id为:1 描述:撒旦范德萨发士大夫撒旦反倒是如果对方给自己法国东方体育与顾客ffdd额额额额11111111111111high胡兔兔兔兔JJ默默YY知我者谓我心忧知我者谓我心忧知我者谓我心忧知我者谓我心忧休息注意知我者谓我心忧YY知我者谓我心忧中央音乐学院知我者谓我心忧知我者谓我心忧中央音乐学院YY知我者谓我心忧知我者谓我心忧好哈哈哈哈哈哈哈哈哈哈或哈或或或或哈哈哈哈哈哈哈哈哈', 'MODIFY', '2018-06-25 17:20:46', '2018-06-25 17:20:45', '小程序b端服务');
INSERT INTO `system_user_oper_log` VALUES ('1868', '67', '蒋春明', '更新企业描述', '更新企业描述，企业id为:1 描述:撒旦范德萨发士大夫撒旦反倒是如果对方给自己法国东方体育与顾客ffdd额额额额11111111111111high胡兔兔兔兔JJ默默YY知我者谓我心忧知我者谓我心忧知我者谓我心忧知我者谓我心忧休息注意知我者谓我心忧YY知我者谓我心忧中央音乐学院知我者谓我心忧知我者谓我心忧中央音乐学院YY知我者谓我心忧知我者谓我心忧好哈哈哈哈哈哈哈哈哈哈或哈或或或或哈哈哈哈哈哈哈哈哈呱呱呱呱呱呱呱呱呱呱呱呱呱呱呱古古怪怪把哥哥哥哥哥哥哥哥哥哥哥哥哥哥哥哥哥哥改变哈哈哈哈哈哈哈哈哈哈哈哈哈哈哈哈哈吧哈哈哈哈哈哈哈 呢啵啵啵啵啵啵啵啵啵啵啵啵啵啵啵啵啵啵', 'MODIFY', '2018-06-26 09:54:08', '2018-06-26 09:54:11', '小程序b端服务');
INSERT INTO `system_user_oper_log` VALUES ('1869', '67', '蒋春明', '更新企业描述', '更新企业描述，企业id为:1 描述:撒旦范德萨发士大夫撒旦反倒是如果对方给自己法国东方体育与顾客ffdd额额额额11111111111111high胡兔兔兔兔JJ默默YY知我者谓我心忧知我者谓我心忧知我者谓我心忧知我者谓我心忧休息注意知我者谓我心忧YY知我者谓我心忧中央音乐学院知我者谓我心忧知我者谓我心忧中央音乐学院YY知我者谓我心忧知我者谓我心忧好哈哈哈哈哈哈哈哈哈哈或哈或或或或哈哈哈哈哈哈哈哈哈呱呱呱呱呱呱呱呱呱呱呱呱呱呱呱古古怪怪把哥哥哥哥哥哥哥哥哥哥哥哥', 'MODIFY', '2018-06-26 09:59:53', '2018-06-26 09:59:56', '小程序b端服务');
INSERT INTO `system_user_oper_log` VALUES ('1870', '67', '蒋春明', '更新企业描述', '更新企业描述，企业id为:1 描述:撒旦范德萨发士大夫撒旦反倒是如果对方给自己法国东方体育与顾客ffdd额额额额11111111111111high胡兔兔兔兔JJ默默YY知我者谓我心忧知我者谓我心忧知我者谓我心忧知我者谓我心忧休息注意知我者谓我心忧YY知我者谓我心忧中央音乐学院知我者谓我心忧知我者谓我心忧中央音乐学院YY知我者谓我心忧知我者谓我心忧好哈哈哈哈哈哈哈哈哈哈或哈或或或或哈哈哈哈哈哈哈哈哈呱呱呱呱呱呱呱呱呱呱呱呱呱呱呱古古怪怪把哥哥哥哥哥哥哥哥哥哥哥哥', 'MODIFY', '2018-06-26 10:02:51', '2018-06-26 10:02:54', '小程序b端服务');
INSERT INTO `system_user_oper_log` VALUES ('1871', '67', '蒋春明', '更新企业描述', '更新企业描述，企业id为:1 描述:撒旦范德萨发士大夫撒旦反倒是如果对方给自己法国东方体育与顾客ffdd额额额额11111111111111high胡兔兔兔兔JJ默默YY知我者谓我心忧知我者谓我心忧知我者谓我心忧知我者谓我心忧休息注意知我者谓我心忧YY知我者谓我心忧中央音乐学院知我者谓我心忧知我者谓我心忧中央音乐学院YY知我者谓我心忧知我者谓我心忧好哈哈哈哈哈哈哈哈哈哈或哈或或或或哈哈哈哈哈哈哈哈哈呱呱呱呱呱呱呱呱呱呱呱呱呱呱呱古古怪怪把哥哥哥哥哥哥哥哥哥哥哥哥', 'MODIFY', '2018-06-26 10:02:53', '2018-06-26 10:02:56', '小程序b端服务');
INSERT INTO `system_user_oper_log` VALUES ('1872', '67', '蒋春明', '更新企业描述', '更新企业描述，企业id为:1 描述:撒旦范德萨发士大夫撒旦反倒是如果对方给自己法国东方体育与顾客ffdd额额额额11111111111111high胡兔兔兔兔JJ默默YY知我者谓我心忧知我者谓我心忧知我者谓我心忧知我者谓我心忧休息注意知我者谓我心忧YY知我者谓我心忧中央音乐学院知我者谓我心忧知我者谓我心忧中央音乐学院YY知我者谓我心忧知我者谓我心忧好哈哈哈哈哈哈哈哈哈哈或哈或或或或哈哈哈哈哈哈哈哈哈呱呱呱呱呱呱呱呱呱呱呱呱呱呱呱古古怪怪把哥哥哥哥哥哥哥哥哥哥哥哥', 'MODIFY', '2018-06-26 10:12:08', '2018-06-26 10:12:11', '小程序b端服务');
INSERT INTO `system_user_oper_log` VALUES ('1873', '74', '崔小崔', '删除企业图片', '删除企业图片，企业id为:1', 'DELETE', '2018-06-26 10:29:50', '2018-06-26 10:29:49', '小程序b端服务');
INSERT INTO `system_user_oper_log` VALUES ('1874', '67', '蒋春明', '更新企业描述', '更新企业描述，企业id为:1 描述:撒旦范德萨发士大夫撒旦反倒是如果对方给自己法国东方体育与顾客ffdd额额额额11111111111111high胡兔兔兔兔JJ默默YY知我者谓我心忧知我者谓我心忧知我者谓我心忧知我者谓我心忧休息注意知我者谓我心忧YY知我者谓我心忧中央音乐学院知我者谓我心忧知我者谓我心忧中央音乐学院YY知我者谓我心忧知我者谓我心忧好哈哈哈哈哈哈哈哈哈哈fdffffffffffffffffffffffffffffff', 'MODIFY', '2018-06-26 10:32:09', '2018-06-26 10:32:12', '小程序b端服务');
INSERT INTO `system_user_oper_log` VALUES ('1875', '67', '蒋春明', '更新企业描述', '更新企业描述，企业id为:1 描述:撒旦范德萨发士大夫撒旦反倒是如果对方给自己法国东方体育与顾客ffdd额额额额11111111111111high胡兔兔兔兔JJ默默YY知我者谓我心忧知我者谓我心忧知我者谓我心忧知我者谓我心忧休息注意知我者谓我心忧YY知我者谓我心忧中央音乐学院知我者谓我心忧知我者谓我心忧中央音乐学院YY知我者谓我心忧知我者谓我心忧好哈哈哈哈哈哈哈哈哈哈啊手动阀手动阀的的萨芬的的的的的淡定的的的的的淡定的的的####', 'MODIFY', '2018-06-26 10:32:45', '2018-06-26 10:32:48', '小程序b端服务');
INSERT INTO `system_user_oper_log` VALUES ('1876', '67', '蒋春明', '更新企业描述', '更新企业描述，企业id为:1 描述:的', 'MODIFY', '2018-06-26 10:33:06', '2018-06-26 10:33:09', '小程序b端服务');
INSERT INTO `system_user_oper_log` VALUES ('1877', '74', '崔小崔', '删除企业图片', '删除企业图片，企业id为:1', 'DELETE', '2018-06-26 10:33:16', '2018-06-26 10:33:15', '小程序b端服务');
INSERT INTO `system_user_oper_log` VALUES ('1878', '74', '崔小崔', '删除企业图片', '删除企业图片，企业id为:1', 'DELETE', '2018-06-26 10:33:22', '2018-06-26 10:33:20', '小程序b端服务');
INSERT INTO `system_user_oper_log` VALUES ('1879', '74', '崔小崔', '上传企业图片', '上传企业图片，企业id为:1 图片名:1529980418549.png', 'ADD', '2018-06-26 10:33:39', '2018-06-26 10:33:37', '小程序b端服务');
INSERT INTO `system_user_oper_log` VALUES ('1880', '74', '崔小崔', '上传企业图片', '上传企业图片，企业id为:1 图片名:1529980424566.png', 'ADD', '2018-06-26 10:33:45', '2018-06-26 10:33:43', '小程序b端服务');
INSERT INTO `system_user_oper_log` VALUES ('1881', '74', '崔小崔', '上传企业图片', '上传企业图片，企业id为:1 图片名:1529980434441.png', 'ADD', '2018-06-26 10:33:54', '2018-06-26 10:33:53', '小程序b端服务');
INSERT INTO `system_user_oper_log` VALUES ('1882', '1', 'admin', '企业管理', '启用企业:null', 'MODIFY', '2018-06-26 14:53:54', '2018-06-26 14:53:53', '小程序pc服务');
INSERT INTO `system_user_oper_log` VALUES ('1883', '1', 'admin', '企业管理', '停用企业:撒旦飞洒', 'MODIFY', '2018-06-26 14:54:47', '2018-06-26 14:54:46', '小程序pc服务');
INSERT INTO `system_user_oper_log` VALUES ('1884', '1', 'admin', '企业管理', '启用企业:null', 'MODIFY', '2018-06-26 14:54:49', '2018-06-26 14:54:49', '小程序pc服务');
INSERT INTO `system_user_oper_log` VALUES ('1885', '1', 'admin', '企业管理', '停用企业:撒旦飞洒', 'MODIFY', '2018-06-26 14:55:44', '2018-06-26 14:55:43', '小程序pc服务');
INSERT INTO `system_user_oper_log` VALUES ('1886', '1', 'admin', '企业管理', '启用企业:撒旦飞洒', 'MODIFY', '2018-06-26 14:56:37', '2018-06-26 14:56:36', '小程序pc服务');
INSERT INTO `system_user_oper_log` VALUES ('1887', '1', 'admin', '企业管理', '停用企业:撒旦飞洒', 'MODIFY', '2018-06-26 14:56:44', '2018-06-26 14:56:43', '小程序pc服务');
INSERT INTO `system_user_oper_log` VALUES ('1888', '1', 'admin', '企业管理', '启用企业:撒旦飞洒', 'MODIFY', '2018-06-26 14:56:49', '2018-06-26 14:56:48', '小程序pc服务');
INSERT INTO `system_user_oper_log` VALUES ('1889', '1', 'admin', '企业管理', '停用企业:撒旦飞洒', 'MODIFY', '2018-06-26 14:59:06', '2018-06-26 14:59:06', '小程序pc服务');
INSERT INTO `system_user_oper_log` VALUES ('1890', '78', '崔小崔', '新客推荐', '编辑短信内容：1111111111，服务id：1', 'MODIFY', '2018-06-26 15:09:49', '2018-06-26 15:09:48', '小程序b端服务');
INSERT INTO `system_user_oper_log` VALUES ('1891', '78', '崔小崔', '自主营销', '编辑短信内容：111，服务id：31', 'MODIFY', '2018-06-26 15:10:03', '2018-06-26 15:10:02', '小程序b端服务');
INSERT INTO `system_user_oper_log` VALUES ('1892', '78', '崔小崔', '新客推荐', '编辑短信内容：111，服务id：1', 'MODIFY', '2018-06-26 15:12:34', '2018-06-26 15:12:33', '小程序b端服务');
INSERT INTO `system_user_oper_log` VALUES ('1893', '1', 'admin', '企业管理', '启用企业:撒旦飞洒', 'MODIFY', '2018-06-26 15:44:39', '2018-06-26 15:44:39', '小程序pc服务');
INSERT INTO `system_user_oper_log` VALUES ('1894', '1', 'admin', '企业管理', '停用企业:撒旦飞洒', 'MODIFY', '2018-06-26 15:44:41', '2018-06-26 15:44:40', '小程序pc服务');
INSERT INTO `system_user_oper_log` VALUES ('1895', '1', 'admin', '企业管理', '启用企业:撒旦飞洒', 'MODIFY', '2018-06-26 15:44:42', '2018-06-26 15:44:41', '小程序pc服务');
INSERT INTO `system_user_oper_log` VALUES ('1896', '1', 'admin', '企业管理', '启用企业:asdf', 'MODIFY', '2018-06-26 15:44:43', '2018-06-26 15:44:42', '小程序pc服务');
INSERT INTO `system_user_oper_log` VALUES ('1897', '1', 'admin', '企业管理', '停用企业:asdf', 'MODIFY', '2018-06-26 15:44:44', '2018-06-26 15:44:43', '小程序pc服务');
INSERT INTO `system_user_oper_log` VALUES ('1898', '67', '蒋春明', '上传企业图片', '上传企业图片，企业id为:1 图片名:1530064723438.png', 'ADD', '2018-06-27 09:58:43', '2018-06-27 09:58:42', '小程序b端服务');
INSERT INTO `system_user_oper_log` VALUES ('1899', '79', '崔小崔', '上传企业图片', '上传企业图片，企业id为:1 图片名:1530077359628.png', 'ADD', '2018-06-27 13:29:20', '2018-06-27 13:29:18', '小程序b端服务');
INSERT INTO `system_user_oper_log` VALUES ('1900', '79', '崔小崔', '上传企业图片', '上传企业图片，企业id为:1 图片名:1530077569938.png', 'ADD', '2018-06-27 13:32:50', '2018-06-27 13:32:48', '小程序b端服务');
INSERT INTO `system_user_oper_log` VALUES ('1901', '79', '崔小崔', '上传企业图片', '上传企业图片，企业id为:1 图片名:1530078024430.png', 'ADD', '2018-06-27 13:40:24', '2018-06-27 13:40:23', '小程序b端服务');
INSERT INTO `system_user_oper_log` VALUES ('1902', '79', '崔小崔', '上传企业图片', '上传企业图片，企业id为:1 图片名:1530078118663.png', 'ADD', '2018-06-27 13:41:59', '2018-06-27 13:41:57', '小程序b端服务');
INSERT INTO `system_user_oper_log` VALUES ('1903', '79', '崔小崔', '上传企业图片', '上传企业图片，企业id为:1 图片名:1530078527399.png', 'ADD', '2018-06-27 13:48:47', '2018-06-27 13:48:45', '小程序b端服务');
INSERT INTO `system_user_oper_log` VALUES ('1904', '79', '崔小崔', '上传企业图片', '上传企业图片，企业id为:1 图片名:1530078568689.png', 'ADD', '2018-06-27 13:49:29', '2018-06-27 13:49:27', '小程序b端服务');
INSERT INTO `system_user_oper_log` VALUES ('1905', '79', '崔小崔', '上传企业图片', '上传企业图片，企业id为:1 图片名:1530078714461.png', 'ADD', '2018-06-27 13:51:54', '2018-06-27 13:51:53', '小程序b端服务');
INSERT INTO `system_user_oper_log` VALUES ('1906', '79', '崔小崔', '上传企业图片', '上传企业图片，企业id为:1 图片名:1530078824709.png', 'ADD', '2018-06-27 13:53:45', '2018-06-27 13:53:43', '小程序b端服务');
INSERT INTO `system_user_oper_log` VALUES ('1907', '79', '崔小崔', '上传企业图片', '上传企业图片，企业id为:1 图片名:1530079107683.png', 'ADD', '2018-06-27 13:58:28', '2018-06-27 13:58:26', '小程序b端服务');
INSERT INTO `system_user_oper_log` VALUES ('1908', '79', '崔小崔', '上传企业图片', '上传企业图片，企业id为:1 图片名:1530079186623.png', 'ADD', '2018-06-27 13:59:47', '2018-06-27 13:59:45', '小程序b端服务');
INSERT INTO `system_user_oper_log` VALUES ('1909', '79', '崔小崔', '上传企业图片', '上传企业图片，企业id为:1 图片名:1530079279847.png', 'ADD', '2018-06-27 14:01:20', '2018-06-27 14:01:18', '小程序b端服务');
INSERT INTO `system_user_oper_log` VALUES ('1910', '79', '崔小崔', '上传企业图片', '上传企业图片，企业id为:1 图片名:1530079418321.png', 'ADD', '2018-06-27 14:03:38', '2018-06-27 14:03:36', '小程序b端服务');
INSERT INTO `system_user_oper_log` VALUES ('1911', '79', '崔小崔', '上传企业图片', '上传企业图片，企业id为:1 图片名:1530079489960.png', 'ADD', '2018-06-27 14:04:50', '2018-06-27 14:04:48', '小程序b端服务');
INSERT INTO `system_user_oper_log` VALUES ('1912', '79', '崔小崔', '上传企业图片', '上传企业图片，企业id为:1 图片名:1530080488157.png', 'ADD', '2018-06-27 14:21:28', '2018-06-27 14:21:26', '小程序b端服务');
INSERT INTO `system_user_oper_log` VALUES ('1913', '67', '蒋春明', '自主营销', '编辑短信内容：fgh，服务id：32', 'MODIFY', '2018-06-27 18:19:32', '2018-06-27 18:19:32', '小程序b端服务');
INSERT INTO `system_user_oper_log` VALUES ('1914', '81', '雨花', '产品管理', '添加产品，产品名称：1213', 'ADD', '2018-06-27 18:26:48', '2018-06-27 18:26:46', '小程序b端服务');
INSERT INTO `system_user_oper_log` VALUES ('1915', '81', '雨花', '产品管理', '添加产品，产品名称：234234', 'ADD', '2018-06-27 18:27:24', '2018-06-27 18:27:22', '小程序b端服务');
INSERT INTO `system_user_oper_log` VALUES ('1916', '83', '崔小崔', '上传企业图片', '上传企业图片，企业id为:1 图片名:1530149390484.png', 'ADD', '2018-06-28 09:29:50', '2018-06-28 09:29:49', '小程序b端服务');
INSERT INTO `system_user_oper_log` VALUES ('1917', '83', '崔小崔', '上传企业图片', '上传企业图片，企业id为:1 图片名:1530149421528.png', 'ADD', '2018-06-28 09:30:22', '2018-06-28 09:30:20', '小程序b端服务');
INSERT INTO `system_user_oper_log` VALUES ('1918', '83', '崔小崔', '产品管理', '添加产品图片，图片名称：1530149456613.png，产品id：9', 'ADD', '2018-06-28 09:30:57', '2018-06-28 09:30:55', '小程序b端服务');
INSERT INTO `system_user_oper_log` VALUES ('1919', '83', '崔小崔', '产品管理', '添加产品图片，图片名称：1530149473289.png，产品id：15', 'ADD', '2018-06-28 09:31:13', '2018-06-28 09:31:11', '小程序b端服务');
INSERT INTO `system_user_oper_log` VALUES ('1920', '83', '崔小崔', '产品管理', '添加产品，产品名称：测测', 'ADD', '2018-06-28 09:31:45', '2018-06-28 09:31:43', '小程序b端服务');
INSERT INTO `system_user_oper_log` VALUES ('1921', '83', '崔小崔', '产品管理', '产品置顶，产品id：15', 'MODIFY', '2018-06-28 09:32:00', '2018-06-28 09:31:58', '小程序b端服务');
INSERT INTO `system_user_oper_log` VALUES ('1922', '67', '蒋春明', '自主营销', '编辑短信内容：得分，服务id：33', 'MODIFY', '2018-06-28 09:36:39', '2018-06-28 09:36:41', '小程序b端服务');
INSERT INTO `system_user_oper_log` VALUES ('1923', '83', '崔小崔', '产品管理', '编辑产品折后价99,999.99，产品id：9', 'MODIFY', '2018-06-28 09:43:37', '2018-06-28 09:43:35', '小程序b端服务');
INSERT INTO `system_user_oper_log` VALUES ('1924', '67', '蒋春明', '新客推荐', '编辑短信内容：搜索，服务id：2', 'MODIFY', '2018-06-28 09:47:18', '2018-06-28 09:47:20', '小程序b端服务');
INSERT INTO `system_user_oper_log` VALUES ('1925', '67', '蒋春明', '自主营销', '编辑短信内容：是，服务id：34', 'MODIFY', '2018-06-28 09:47:35', '2018-06-28 09:47:37', '小程序b端服务');
INSERT INTO `system_user_oper_log` VALUES ('1926', '67', '蒋春明', '新客推荐', '编辑短信内容：是，服务id：2', 'MODIFY', '2018-06-28 09:48:07', '2018-06-28 09:48:09', '小程序b端服务');
INSERT INTO `system_user_oper_log` VALUES ('1927', '67', '蒋春明', '新客推荐', '编辑短信内容：但是，服务id：2', 'MODIFY', '2018-06-28 09:48:51', '2018-06-28 09:48:53', '小程序b端服务');
INSERT INTO `system_user_oper_log` VALUES ('1928', '67', '蒋春明', '新客推荐', '编辑短信内容：s，服务id：2', 'MODIFY', '2018-06-28 09:49:07', '2018-06-28 09:49:09', '小程序b端服务');
INSERT INTO `system_user_oper_log` VALUES ('1929', '67', '蒋春明', '自主营销', '编辑短信内容：的，服务id：35', 'MODIFY', '2018-06-28 09:50:13', '2018-06-28 09:50:15', '小程序b端服务');
INSERT INTO `system_user_oper_log` VALUES ('1930', '83', '崔小崔', '产品管理', '编辑产品折后价999,999.99，产品id：9', 'MODIFY', '2018-06-28 09:53:07', '2018-06-28 09:53:05', '小程序b端服务');
INSERT INTO `system_user_oper_log` VALUES ('1931', '67', '蒋春明', '新客推荐', '编辑短信内容：是，服务id：2', 'MODIFY', '2018-06-28 09:55:14', '2018-06-28 09:55:16', '小程序b端服务');
INSERT INTO `system_user_oper_log` VALUES ('1932', '67', '蒋春明', '新客推荐', '编辑短信内容：是，服务id：4', 'MODIFY', '2018-06-28 09:55:44', '2018-06-28 09:55:47', '小程序b端服务');
INSERT INTO `system_user_oper_log` VALUES ('1933', '67', '蒋春明', '自主营销', '编辑短信内容：的，服务id：36', 'MODIFY', '2018-06-28 10:06:44', '2018-06-28 10:06:46', '小程序b端服务');
INSERT INTO `system_user_oper_log` VALUES ('1934', '67', '蒋春明', '自主营销', '编辑短信内容：是，服务id：37', 'MODIFY', '2018-06-28 10:10:41', '2018-06-28 10:10:43', '小程序b端服务');
INSERT INTO `system_user_oper_log` VALUES ('1935', '67', '蒋春明', '自主营销', '编辑短信内容：放到，服务id：38', 'MODIFY', '2018-06-28 10:19:05', '2018-06-28 10:19:07', '小程序b端服务');
INSERT INTO `system_user_oper_log` VALUES ('1936', '67', '蒋春明', '自主营销', '编辑短信内容：的，服务id：39', 'MODIFY', '2018-06-28 10:25:32', '2018-06-28 10:25:35', '小程序b端服务');
INSERT INTO `system_user_oper_log` VALUES ('1937', '67', '蒋春明', '自主营销', '编辑短信内容：是，服务id：40', 'MODIFY', '2018-06-28 10:31:42', '2018-06-28 10:31:44', '小程序b端服务');
INSERT INTO `system_user_oper_log` VALUES ('1938', '67', '蒋春明', '自主营销', '编辑短信内容：是，服务id：41', 'MODIFY', '2018-06-28 10:33:39', '2018-06-28 10:33:42', '小程序b端服务');
INSERT INTO `system_user_oper_log` VALUES ('1939', '67', '蒋春明', '新客推荐', '编辑短信内容：是，服务id：2', 'MODIFY', '2018-06-28 10:40:45', '2018-06-28 10:40:47', '小程序b端服务');
INSERT INTO `system_user_oper_log` VALUES ('1940', '67', '蒋春明', '新客推荐', '编辑短信内容：的，服务id：2', 'MODIFY', '2018-06-28 10:47:53', '2018-06-28 10:47:55', '小程序b端服务');
INSERT INTO `system_user_oper_log` VALUES ('1941', '67', '蒋春明', '新客推荐', '编辑短信内容：啊，服务id：2', 'MODIFY', '2018-06-28 11:13:13', '2018-06-28 11:13:15', '小程序b端服务');
INSERT INTO `system_user_oper_log` VALUES ('1942', '67', '蒋春明', '新客推荐', '编辑短信内容：啊，服务id：2', 'MODIFY', '2018-06-28 11:15:14', '2018-06-28 11:15:16', '小程序b端服务');
INSERT INTO `system_user_oper_log` VALUES ('1943', '86', '崔小崔', '删除企业图片', '删除企业图片，企业id为:1', 'DELETE', '2018-06-28 11:18:24', '2018-06-28 11:18:21', '小程序b端服务');
INSERT INTO `system_user_oper_log` VALUES ('1944', '86', '崔小崔', '删除企业图片', '删除企业图片，企业id为:1', 'DELETE', '2018-06-28 11:18:26', '2018-06-28 11:18:24', '小程序b端服务');
INSERT INTO `system_user_oper_log` VALUES ('1945', '86', '崔小崔', '上传企业图片', '上传企业图片，企业id为:1 图片名:1530155921167.png', 'ADD', '2018-06-28 11:18:41', '2018-06-28 11:18:39', '小程序b端服务');
INSERT INTO `system_user_oper_log` VALUES ('1946', '82', '思念向海。', '新客推荐', '编辑短信内容：qwe，服务id：2', 'MODIFY', '2018-06-28 11:28:07', '2018-06-28 11:28:06', '小程序b端服务');
INSERT INTO `system_user_oper_log` VALUES ('1947', '67', '蒋春明', '新客推荐', '编辑短信内容：我，服务id：2', 'MODIFY', '2018-06-28 11:32:49', '2018-06-28 11:32:51', '小程序b端服务');
INSERT INTO `system_user_oper_log` VALUES ('1948', '82', '思念向海。', '新客推荐', '编辑短信内容：qwe，服务id：2', 'MODIFY', '2018-06-28 11:46:00', '2018-06-28 11:45:59', '小程序b端服务');
INSERT INTO `system_user_oper_log` VALUES ('1949', '104', '崔小崔', '上传企业图片', '上传企业图片，企业id为:1 图片名:1530163281315.png', 'ADD', '2018-06-28 13:21:21', '2018-06-28 13:21:19', '小程序b端服务');
INSERT INTO `system_user_oper_log` VALUES ('1950', '105', '崔小崔', '删除企业图片', '删除企业图片，企业id为:1', 'DELETE', '2018-06-28 13:35:24', '2018-06-28 13:35:22', '小程序b端服务');
INSERT INTO `system_user_oper_log` VALUES ('1951', '105', '崔小崔', '删除企业图片', '删除企业图片，企业id为:1', 'DELETE', '2018-06-28 13:35:28', '2018-06-28 13:35:26', '小程序b端服务');
INSERT INTO `system_user_oper_log` VALUES ('1952', '105', '崔小崔', '产品管理', '添加产品，产品名称：wer', 'ADD', '2018-06-28 13:38:25', '2018-06-28 13:38:23', '小程序b端服务');
INSERT INTO `system_user_oper_log` VALUES ('1953', '105', '崔小崔', '卡片管理', '编辑卡片名称为:的we', 'MODIFY', '2018-06-28 14:05:21', '2018-06-28 14:05:19', '小程序b端服务');
INSERT INTO `system_user_oper_log` VALUES ('1954', '105', '崔小崔', '卡片管理', '编辑卡片名称为:的we34', 'MODIFY', '2018-06-28 14:08:01', '2018-06-28 14:07:59', '小程序b端服务');
INSERT INTO `system_user_oper_log` VALUES ('1955', '105', '崔小崔', '卡片管理', '编辑卡片名称为:的w', 'MODIFY', '2018-06-28 14:08:08', '2018-06-28 14:08:06', '小程序b端服务');
INSERT INTO `system_user_oper_log` VALUES ('1956', '105', '崔小崔', '卡片管理', '编辑卡片名称为:铂金', 'MODIFY', '2018-06-28 14:08:49', '2018-06-28 14:08:47', '小程序b端服务');
INSERT INTO `system_user_oper_log` VALUES ('1957', '105', '崔小崔', '卡片管理', '编辑卡片名称为:金会', 'MODIFY', '2018-06-28 14:08:58', '2018-06-28 14:08:56', '小程序b端服务');
INSERT INTO `system_user_oper_log` VALUES ('1958', '105', '崔小崔', '卡片管理', '编辑卡片名称为:金', 'MODIFY', '2018-06-28 14:13:43', '2018-06-28 14:13:41', '小程序b端服务');
INSERT INTO `system_user_oper_log` VALUES ('1959', '105', '崔小崔', '上传企业图片', '上传企业图片，企业id为:1 图片名:1530166832238.png', 'ADD', '2018-06-28 14:20:32', '2018-06-28 14:20:30', '小程序b端服务');
INSERT INTO `system_user_oper_log` VALUES ('1960', '105', '崔小崔', '产品管理', '添加产品图片，图片名称：1530166849750.png，产品id：15', 'ADD', '2018-06-28 14:20:50', '2018-06-28 14:20:48', '小程序b端服务');
INSERT INTO `system_user_oper_log` VALUES ('1961', '105', '崔小崔', '上传企业图片', '上传企业图片，企业id为:1 图片名:1530166958582.png', 'ADD', '2018-06-28 14:22:39', '2018-06-28 14:22:36', '小程序b端服务');
INSERT INTO `system_user_oper_log` VALUES ('1962', '105', '崔小崔', '产品管理', '添加产品图片，图片名称：1530166999459.png，产品id：15', 'ADD', '2018-06-28 14:23:19', '2018-06-28 14:23:17', '小程序b端服务');
INSERT INTO `system_user_oper_log` VALUES ('1963', '98', '蒋春明', '自主营销', '编辑短信内容：1，服务id：42', 'MODIFY', '2018-06-28 14:26:48', '2018-06-28 14:26:50', '小程序b端服务');
INSERT INTO `system_user_oper_log` VALUES ('1964', '105', '崔小崔', '更新用户卡片', '更新用户卡片，企业id为:1 用户id为:35 卡片id为:3 卡片种类id为:3', 'MODIFY', '2018-06-28 14:32:06', '2018-06-28 14:32:04', '小程序b端服务');
INSERT INTO `system_user_oper_log` VALUES ('1965', '98', '蒋春明', '更新企业地址', '更新企业地址，企业id为:1 地址:地方', 'MODIFY', '2018-06-28 14:40:28', '2018-06-28 14:40:30', '小程序b端服务');
INSERT INTO `system_user_oper_log` VALUES ('1966', '98', '蒋春明', '更新企业地址', '更新企业地址，企业id为:1 地址:地方', 'MODIFY', '2018-06-28 14:42:11', '2018-06-28 14:42:13', '小程序b端服务');
INSERT INTO `system_user_oper_log` VALUES ('1967', '98', '蒋春明', '更新企业地址', '更新企业地址，企业id为:1 地址:地方', 'MODIFY', '2018-06-28 14:42:38', '2018-06-28 14:42:40', '小程序b端服务');
INSERT INTO `system_user_oper_log` VALUES ('1968', '98', '蒋春明', '更新企业地址', '更新企业地址，企业id为:1 地址:地方', 'MODIFY', '2018-06-28 14:42:44', '2018-06-28 14:42:46', '小程序b端服务');
INSERT INTO `system_user_oper_log` VALUES ('1969', '98', '蒋春明', '自主营销', '编辑短信内容：是，服务id：43', 'MODIFY', '2018-06-28 14:46:37', '2018-06-28 14:46:39', '小程序b端服务');
INSERT INTO `system_user_oper_log` VALUES ('1970', '98', '蒋春明', '更新企业地址', '更新企业地址，企业id为:1 地址:地方', 'MODIFY', '2018-06-28 14:46:54', '2018-06-28 14:46:56', '小程序b端服务');
INSERT INTO `system_user_oper_log` VALUES ('1971', '98', '蒋春明', '更新企业地址', '更新企业地址，企业id为:1 地址:地方的萨芬', 'MODIFY', '2018-06-28 14:47:42', '2018-06-28 14:47:44', '小程序b端服务');
INSERT INTO `system_user_oper_log` VALUES ('1972', '98', '蒋春明', '更新企业地址', '更新企业地址，企业id为:1 地址:地方的萨芬数字三十的萨芬撒旦撒撒旦发生啊发士大夫是是是是是', 'MODIFY', '2018-06-28 14:51:56', '2018-06-28 14:51:58', '小程序b端服务');
INSERT INTO `system_user_oper_log` VALUES ('1973', '98', '蒋春明', '更新企业地址', '更新企业地址，企业id为:1 地址:地方的萨芬数字三十的萨芬撒旦撒撒旦发生啊发士大夫是是是是是', 'MODIFY', '2018-06-28 14:53:52', '2018-06-28 14:53:53', '小程序b端服务');
INSERT INTO `system_user_oper_log` VALUES ('1974', '98', '蒋春明', '更新企业描述', '更新企业描述，企业id为:1 描述:的', 'MODIFY', '2018-06-28 14:54:57', '2018-06-28 14:54:59', '小程序b端服务');
INSERT INTO `system_user_oper_log` VALUES ('1975', '98', '蒋春明', '更新企业地址', '更新企业地址，企业id为:1 地址:地方的萨芬数字三十的萨芬撒旦撒撒旦发生啊发士大夫是是是是是', 'MODIFY', '2018-06-28 14:55:08', '2018-06-28 14:55:10', '小程序b端服务');
INSERT INTO `system_user_oper_log` VALUES ('1976', '98', '蒋春明', '更新企业地址', '更新企业地址，企业id为:1 地址:地方的萨芬数字三十的萨芬撒旦撒撒旦发生啊发士大夫是是是是是', 'MODIFY', '2018-06-28 14:55:13', '2018-06-28 14:55:15', '小程序b端服务');
INSERT INTO `system_user_oper_log` VALUES ('1977', '98', '蒋春明', '更新企业地址', '更新企业地址，企业id为:1 地址:地方的萨芬数字三十的萨芬撒旦撒撒旦发生啊发士大夫', 'MODIFY', '2018-06-28 14:55:26', '2018-06-28 14:55:28', '小程序b端服务');
INSERT INTO `system_user_oper_log` VALUES ('1978', '98', '蒋春明', '更新企业地址', '更新企业地址，企业id为:1 地址:地方的萨芬数字三十的萨芬撒旦撒撒旦发生啊发士大夫', 'MODIFY', '2018-06-28 14:55:36', '2018-06-28 14:55:38', '小程序b端服务');
INSERT INTO `system_user_oper_log` VALUES ('1979', '98', '蒋春明', '更新企业地址', '更新企业地址，企业id为:1 地址:地方的萨芬数字三十的萨芬撒旦撒撒旦发生啊发士大夫', 'MODIFY', '2018-06-28 14:55:45', '2018-06-28 14:55:47', '小程序b端服务');
INSERT INTO `system_user_oper_log` VALUES ('1980', '98', '蒋春明', '更新企业地址', '更新企业地址，企业id为:1 地址:地方的萨芬数字三十的萨芬撒旦撒撒旦发生啊发士大夫', 'MODIFY', '2018-06-28 14:56:58', '2018-06-28 14:57:00', '小程序b端服务');
INSERT INTO `system_user_oper_log` VALUES ('1981', '98', '蒋春明', '更新企业地址', '更新企业地址，企业id为:1 地址:地方的萨芬数字三十的萨芬撒旦撒撒旦发生啊发士大夫是', 'MODIFY', '2018-06-28 14:57:05', '2018-06-28 14:57:07', '小程序b端服务');
INSERT INTO `system_user_oper_log` VALUES ('1982', '98', '蒋春明', '更新企业地址', '更新企业地址，企业id为:1 地址:地方的萨芬数字三十的萨芬撒旦撒撒旦发生啊发士大', 'MODIFY', '2018-06-28 14:57:25', '2018-06-28 14:57:27', '小程序b端服务');
INSERT INTO `system_user_oper_log` VALUES ('1983', '98', '蒋春明', '更新企业地址', '更新企业地址，企业id为:1 地址:地方的萨芬数字三十的萨芬撒旦撒撒旦发生啊发士大', 'MODIFY', '2018-06-28 14:57:40', '2018-06-28 14:57:42', '小程序b端服务');
INSERT INTO `system_user_oper_log` VALUES ('1984', '98', '蒋春明', '更新企业地址', '更新企业地址，企业id为:1 地址:地方的萨芬数字三十的萨芬撒旦撒撒旦发生啊发士大', 'MODIFY', '2018-06-28 14:58:53', '2018-06-28 14:58:55', '小程序b端服务');
INSERT INTO `system_user_oper_log` VALUES ('1985', '98', '蒋春明', '更新企业地址', '更新企业地址，企业id为:1 地址:地方的萨芬数字三十的萨芬撒旦撒撒旦发生啊发士大', 'MODIFY', '2018-06-28 14:59:00', '2018-06-28 14:59:02', '小程序b端服务');
INSERT INTO `system_user_oper_log` VALUES ('1986', '98', '蒋春明', '更新企业地址', '更新企业地址，企业id为:1 地址:地方的萨芬数字三十的萨芬撒旦撒撒旦发生啊发士大有', 'MODIFY', '2018-06-28 15:06:08', '2018-06-28 15:06:10', '小程序b端服务');
INSERT INTO `system_user_oper_log` VALUES ('1987', '105', '崔小崔', '产品管理', '添加产品，产品名称：12132', 'ADD', '2018-06-28 15:28:40', '2018-06-28 15:28:38', '小程序b端服务');
INSERT INTO `system_user_oper_log` VALUES ('1988', '105', '崔小崔', '产品管理', '添加产品，产品名称：位', 'ADD', '2018-06-28 15:30:37', '2018-06-28 15:30:35', '小程序b端服务');
INSERT INTO `system_user_oper_log` VALUES ('1989', '105', '崔小崔', '产品管理', '添加产品，产品名称：在', 'ADD', '2018-06-28 15:31:18', '2018-06-28 15:31:15', '小程序b端服务');
INSERT INTO `system_user_oper_log` VALUES ('1990', '105', '崔小崔', '产品管理', '添加产品，产品名称：测试跳转', 'ADD', '2018-06-28 16:06:54', '2018-06-28 16:06:51', '小程序b端服务');
INSERT INTO `system_user_oper_log` VALUES ('1991', '105', '崔小崔', '产品管理', '添加产品，产品名称：1213211', 'ADD', '2018-06-28 16:56:01', '2018-06-28 16:55:58', '小程序b端服务');
INSERT INTO `system_user_oper_log` VALUES ('1992', '98', '蒋春明', '产品管理', '编辑产品名称测试产品2，产品id：2', 'MODIFY', '2018-06-28 17:13:08', '2018-06-28 17:13:08', '小程序b端服务');
INSERT INTO `system_user_oper_log` VALUES ('1993', '98', '蒋春明', '产品管理', '添加产品图片，图片名称：1530177524314.png，产品id：9', 'ADD', '2018-06-28 17:18:44', '2018-06-28 17:18:44', '小程序b端服务');
INSERT INTO `system_user_oper_log` VALUES ('1994', '98', '蒋春明', '产品管理', '删除产品图片，图片名称：1529984038527.png，产品id：9', 'DELETE', '2018-06-28 17:18:52', '2018-06-28 17:18:52', '小程序b端服务');
INSERT INTO `system_user_oper_log` VALUES ('1995', '98', '蒋春明', '产品管理', '添加产品图片，图片名称：1530177547097.png，产品id：9', 'ADD', '2018-06-28 17:19:07', '2018-06-28 17:19:07', '小程序b端服务');
INSERT INTO `system_user_oper_log` VALUES ('1996', '98', '蒋春明', '产品管理', '添加产品图片，图片名称：1530177604166.png，产品id：9', 'ADD', '2018-06-28 17:20:04', '2018-06-28 17:20:04', '小程序b端服务');
INSERT INTO `system_user_oper_log` VALUES ('1997', '98', '蒋春明', '产品管理', '删除产品图片，图片名称：1530177524314.png，产品id：9', 'DELETE', '2018-06-28 17:20:17', '2018-06-28 17:20:16', '小程序b端服务');
INSERT INTO `system_user_oper_log` VALUES ('1998', '98', '蒋春明', '产品管理', '删除产品图片，图片名称：1530177547097.png，产品id：9', 'DELETE', '2018-06-28 17:20:32', '2018-06-28 17:20:31', '小程序b端服务');
INSERT INTO `system_user_oper_log` VALUES ('1999', '98', '蒋春明', '产品管理', '添加产品图片，图片名称：1530177674844.png，产品id：9', 'ADD', '2018-06-28 17:21:15', '2018-06-28 17:21:14', '小程序b端服务');
INSERT INTO `system_user_oper_log` VALUES ('2000', '98', '蒋春明', '产品管理', '添加产品图片，图片名称：1530177873988.png，产品id：12', 'ADD', '2018-06-28 17:24:34', '2018-06-28 17:24:33', '小程序b端服务');
INSERT INTO `system_user_oper_log` VALUES ('2001', '98', '蒋春明', '卡片管理', '编辑卡片说明，卡片id：1', 'MODIFY', '2018-06-28 17:57:11', '2018-06-28 17:57:10', '小程序b端服务');
INSERT INTO `system_user_oper_log` VALUES ('2002', '98', '蒋春明', '卡片管理', '编辑卡片说明，卡片id：1', 'MODIFY', '2018-06-28 17:57:15', '2018-06-28 17:57:14', '小程序b端服务');
INSERT INTO `system_user_oper_log` VALUES ('2003', '98', '蒋春明', '卡片管理', '编辑卡片说明，卡片id：1', 'MODIFY', '2018-06-28 17:57:18', '2018-06-28 17:57:17', '小程序b端服务');
INSERT INTO `system_user_oper_log` VALUES ('2004', '98', '蒋春明', '卡片管理', '编辑卡片说明，卡片id：1', 'MODIFY', '2018-06-28 17:57:53', '2018-06-28 17:57:52', '小程序b端服务');
INSERT INTO `system_user_oper_log` VALUES ('2005', '98', '蒋春明', '自主营销', '编辑短信内容：我，服务id：44', 'MODIFY', '2018-06-29 09:37:25', '2018-06-29 09:37:26', '小程序b端服务');
INSERT INTO `system_user_oper_log` VALUES ('2006', '98', '蒋春明', '自主营销', '编辑短信内容：是，服务id：45', 'MODIFY', '2018-06-29 09:40:24', '2018-06-29 09:40:26', '小程序b端服务');
INSERT INTO `system_user_oper_log` VALUES ('2007', '98', '蒋春明', '自主营销', '编辑短信内容：说我，服务id：46', 'MODIFY', '2018-06-29 09:50:34', '2018-06-29 09:50:35', '小程序b端服务');
INSERT INTO `system_user_oper_log` VALUES ('2008', '98', '蒋春明', '更新企业描述', '更新企业描述，企业id为:1 描述:的', 'MODIFY', '2018-06-29 11:04:08', '2018-06-29 11:04:10', '小程序b端服务');
INSERT INTO `system_user_oper_log` VALUES ('2009', '98', '蒋春明', '更新企业描述', '更新企业描述，企业id为:1 描述:的', 'MODIFY', '2018-06-29 11:04:10', '2018-06-29 11:04:11', '小程序b端服务');
INSERT INTO `system_user_oper_log` VALUES ('2010', '98', '蒋春明', '更新企业描述', '更新企业描述，企业id为:1 描述:的', 'MODIFY', '2018-06-29 11:04:11', '2018-06-29 11:04:12', '小程序b端服务');
INSERT INTO `system_user_oper_log` VALUES ('2011', '98', '蒋春明', '更新企业描述', '更新企业描述，企业id为:1 描述:的', 'MODIFY', '2018-06-29 11:04:12', '2018-06-29 11:04:13', '小程序b端服务');
INSERT INTO `system_user_oper_log` VALUES ('2012', '105', '崔小崔', '产品管理', '编辑产品描述1111111111111111111111111111111111111111111111111111111111111111123，产品id：4', 'MODIFY', '2018-06-29 13:34:03', '2018-06-29 13:34:03', '小程序b端服务');
INSERT INTO `system_user_oper_log` VALUES ('2013', '105', '崔小崔', '产品管理', '编辑产品描述1111111111111测试换行测试换行测试换行测试换行测试换行测试换哈活动手册都是女生，产品id：4', 'MODIFY', '2018-06-29 13:35:34', '2018-06-29 13:35:34', '小程序b端服务');
INSERT INTO `system_user_oper_log` VALUES ('2014', '106', '蒋春明', '上传企业图片', '上传企业图片，企业id为:27 图片名:1530251230233.png', 'ADD', '2018-06-29 13:47:10', '2018-06-29 13:47:12', '小程序b端服务');
INSERT INTO `system_user_oper_log` VALUES ('2015', '106', '蒋春明', '上传企业图片', '上传企业图片，企业id为:27 图片名:1530251250239.png', 'ADD', '2018-06-29 13:47:30', '2018-06-29 13:47:32', '小程序b端服务');
INSERT INTO `system_user_oper_log` VALUES ('2016', '106', '蒋春明', '删除企业图片', '删除企业图片，企业id为:27', 'DELETE', '2018-06-29 13:47:36', '2018-06-29 13:47:38', '小程序b端服务');
INSERT INTO `system_user_oper_log` VALUES ('2017', '106', '蒋春明', '上传企业图片', '上传企业图片，企业id为:27 图片名:1530251292606.png', 'ADD', '2018-06-29 13:48:13', '2018-06-29 13:48:14', '小程序b端服务');
INSERT INTO `system_user_oper_log` VALUES ('2018', '106', '蒋春明', '更新企业描述', '更新企业描述，企业id为:27 描述:北京亿美软通科技有限公司是具备国际水准的移动商务平台技术和应用方案提供商，是中国领先的移动商务服务商，致力于为企业提供基于3G技术的精准营销、高效管理和个性服务解决方案。亿美软通积极倡导软件行业、互联网企业和各类技术厂商与服务商，共同推进移动商务在中国的发展。亿美软通是中国主要电信运营商资深的战略合作伙伴，在移动商务的平台技术、应用产品、销售渠道和服务网络等方面开展了全方位的深度合作。', 'MODIFY', '2018-06-29 13:51:20', '2018-06-29 13:51:22', '小程序b端服务');
INSERT INTO `system_user_oper_log` VALUES ('2019', '105', '崔小崔', '产品管理', '编辑产品名称你说什么产品测试韩品测试产品测试产品测试产品测试产品测试产品，产品id：4', 'MODIFY', '2018-06-29 13:51:29', '2018-06-29 13:51:28', '小程序b端服务');
INSERT INTO `system_user_oper_log` VALUES ('2020', '106', '蒋春明', '更新企业电话', '更新企业电话，企业id为:27 电话:400-779-7255', 'MODIFY', '2018-06-29 13:52:08', '2018-06-29 13:52:09', '小程序b端服务');
INSERT INTO `system_user_oper_log` VALUES ('2021', '106', '蒋春明', '更新企业地址', '更新企业地址，企业id为:27 地址:北京市朝阳区通惠河畔文化创意产业园1131号君天大厦六层', 'MODIFY', '2018-06-29 13:53:33', '2018-06-29 13:53:34', '小程序b端服务');
INSERT INTO `system_user_oper_log` VALUES ('2022', '106', '蒋春明', '更新企业地址', '更新企业地址，企业id为:27 地址:北京市朝阳区通惠河畔文化创意产业园1131号君天大厦六层', 'MODIFY', '2018-06-29 13:53:37', '2018-06-29 13:53:39', '小程序b端服务');
INSERT INTO `system_user_oper_log` VALUES ('2023', '106', '蒋春明', '更新企业地址', '更新企业地址，企业id为:27 地址:北京市朝阳区通惠河畔文化创意产业园1131号君天大厦六层', 'MODIFY', '2018-06-29 14:02:11', '2018-06-29 14:02:13', '小程序b端服务');
INSERT INTO `system_user_oper_log` VALUES ('2024', '106', '蒋春明', '更新企业地址', '更新企业地址，企业id为:27 地址:北京市朝阳区通惠河畔文化创意产业园1131号君天大厦六层', 'MODIFY', '2018-06-29 14:02:30', '2018-06-29 14:02:31', '小程序b端服务');
INSERT INTO `system_user_oper_log` VALUES ('2025', '107', '崔小崔', '更新用户卡片', '更新用户卡片，企业id为:1 用户id为:35 卡片id为:3 卡片种类id为:2', 'MODIFY', '2018-06-29 14:27:55', '2018-06-29 14:27:55', '小程序b端服务');
INSERT INTO `system_user_oper_log` VALUES ('2026', '107', '崔小崔', '更新用户卡片', '更新用户卡片，企业id为:1 用户id为:35 卡片id为:3 卡片种类id为:1', 'MODIFY', '2018-06-29 14:28:05', '2018-06-29 14:28:04', '小程序b端服务');
INSERT INTO `system_user_oper_log` VALUES ('2027', '107', '崔小崔', '更新用户卡片', '更新用户卡片，企业id为:1 用户id为:35 卡片id为:3 卡片种类id为:3', 'MODIFY', '2018-06-29 14:28:15', '2018-06-29 14:28:14', '小程序b端服务');
INSERT INTO `system_user_oper_log` VALUES ('2028', '107', '崔小崔', '更新用户卡片', '更新用户卡片，企业id为:1 用户id为:35 卡片id为:3 卡片种类id为:2', 'MODIFY', '2018-06-29 14:28:22', '2018-06-29 14:28:22', '小程序b端服务');
INSERT INTO `system_user_oper_log` VALUES ('2029', '106', '蒋春明', '卡片管理', '编辑卡片说明，卡片id：49', 'MODIFY', '2018-06-29 14:49:53', '2018-06-29 14:49:54', '小程序b端服务');
INSERT INTO `system_user_oper_log` VALUES ('2030', '106', '蒋春明', '上传企业图片', '上传企业图片，企业id为:27 图片名:1530255280989.png', 'ADD', '2018-06-29 14:54:41', '2018-06-29 14:54:42', '小程序b端服务');
INSERT INTO `system_user_oper_log` VALUES ('2031', '106', '蒋春明', '上传企业图片', '上传企业图片，企业id为:27 图片名:1530255303845.png', 'ADD', '2018-06-29 14:55:04', '2018-06-29 14:55:05', '小程序b端服务');
INSERT INTO `system_user_oper_log` VALUES ('2032', '106', '蒋春明', '卡片管理', '编辑卡片名称为:金', 'MODIFY', '2018-06-29 15:04:37', '2018-06-29 15:04:38', '小程序b端服务');
INSERT INTO `system_user_oper_log` VALUES ('2033', '106', '蒋春明', '卡片管理', '编辑卡片名称为:金dddd', 'MODIFY', '2018-06-29 15:09:07', '2018-06-29 15:09:08', '小程序b端服务');
INSERT INTO `system_user_oper_log` VALUES ('2034', '106', '蒋春明', '删除企业图片', '删除企业图片，企业id为:27', 'DELETE', '2018-06-29 15:26:34', '2018-06-29 15:26:35', '小程序b端服务');
INSERT INTO `system_user_oper_log` VALUES ('2035', '106', '蒋春明', '删除企业图片', '删除企业图片，企业id为:27', 'DELETE', '2018-06-29 15:26:37', '2018-06-29 15:26:39', '小程序b端服务');
INSERT INTO `system_user_oper_log` VALUES ('2036', '106', '蒋春明', '删除企业图片', '删除企业图片，企业id为:27', 'DELETE', '2018-06-29 15:26:40', '2018-06-29 15:26:41', '小程序b端服务');
INSERT INTO `system_user_oper_log` VALUES ('2037', '106', '蒋春明', '上传企业图片', '上传企业图片，企业id为:27 图片名:1530257211013.png', 'ADD', '2018-06-29 15:26:51', '2018-06-29 15:26:52', '小程序b端服务');
INSERT INTO `system_user_oper_log` VALUES ('2038', '106', '蒋春明', '删除企业图片', '删除企业图片，企业id为:27', 'DELETE', '2018-06-29 15:26:54', '2018-06-29 15:26:55', '小程序b端服务');
INSERT INTO `system_user_oper_log` VALUES ('2039', '106', '蒋春明', '上传企业图片', '上传企业图片，企业id为:27 图片名:1530257227960.png', 'ADD', '2018-06-29 15:27:08', '2018-06-29 15:27:09', '小程序b端服务');
INSERT INTO `system_user_oper_log` VALUES ('2040', '106', '蒋春明', '上传企业图片', '上传企业图片，企业id为:27 图片名:1530257235823.png', 'ADD', '2018-06-29 15:27:16', '2018-06-29 15:27:17', '小程序b端服务');
INSERT INTO `system_user_oper_log` VALUES ('2041', '106', '蒋春明', '上传企业图片', '上传企业图片，企业id为:27 图片名:1530257250908.png', 'ADD', '2018-06-29 15:27:31', '2018-06-29 15:27:32', '小程序b端服务');
INSERT INTO `system_user_oper_log` VALUES ('2042', '109', '崔小崔', '产品管理', '产品置顶，产品id：9', 'MODIFY', '2018-06-29 15:27:38', '2018-06-29 15:27:38', '小程序b端服务');
INSERT INTO `system_user_oper_log` VALUES ('2043', '109', '崔小崔', '产品管理', '产品置顶，产品id：15', 'MODIFY', '2018-06-29 15:27:44', '2018-06-29 15:27:44', '小程序b端服务');
INSERT INTO `system_user_oper_log` VALUES ('2044', '109', '崔小崔', '产品管理', '产品置顶，产品id：9', 'MODIFY', '2018-06-29 15:27:52', '2018-06-29 15:27:52', '小程序b端服务');
INSERT INTO `system_user_oper_log` VALUES ('2045', '106', '蒋春明', '产品管理', '添加产品，产品名称：技术的开发了', 'ADD', '2018-06-29 15:50:34', '2018-06-29 15:50:35', '小程序b端服务');
INSERT INTO `system_user_oper_log` VALUES ('2046', '110', '崔小崔', '卡片管理', '编辑卡片名称为:金金', 'MODIFY', '2018-06-29 15:52:20', '2018-06-29 15:52:20', '小程序b端服务');
INSERT INTO `system_user_oper_log` VALUES ('2047', '110', '崔小崔', '卡片管理', '编辑卡片名称为:铜', 'MODIFY', '2018-06-29 15:52:32', '2018-06-29 15:52:31', '小程序b端服务');
INSERT INTO `system_user_oper_log` VALUES ('2048', '106', '蒋春明', '产品管理', '编辑产品描述阿斯顿发生大幅士大夫的事故的发生广泛大使馆反对海南购房二人风格的服饰广东省分公司梵蒂冈犯得上广泛大使馆岁的法国对方是个发士大夫敢死队风格发生的故事的的方式广泛的广泛的十公分的身高，产品id：38', 'MODIFY', '2018-06-29 15:52:49', '2018-06-29 15:52:50', '小程序b端服务');
INSERT INTO `system_user_oper_log` VALUES ('2049', '110', '崔小崔', '更新用户卡片', '更新用户卡片，企业id为:1 用户id为:35 卡片id为:3 卡片种类id为:1', 'MODIFY', '2018-06-29 15:55:32', '2018-06-29 15:55:32', '小程序b端服务');
INSERT INTO `system_user_oper_log` VALUES ('2050', '110', '崔小崔', '更新用户卡片', '更新用户卡片，企业id为:1 用户id为:35 卡片id为:3 卡片种类id为:2', 'MODIFY', '2018-06-29 15:55:57', '2018-06-29 15:55:56', '小程序b端服务');
INSERT INTO `system_user_oper_log` VALUES ('2051', '110', '崔小崔', '更新用户卡片', '更新用户卡片，企业id为:1 用户id为:35 卡片id为:3 卡片种类id为:3', 'MODIFY', '2018-06-29 15:55:59', '2018-06-29 15:55:59', '小程序b端服务');
INSERT INTO `system_user_oper_log` VALUES ('2052', '110', '崔小崔', '更新用户卡片', '更新用户卡片，企业id为:1 用户id为:71 卡片id为:31 卡片种类id为:1', 'MODIFY', '2018-06-29 16:08:28', '2018-06-29 16:08:28', '小程序b端服务');
INSERT INTO `system_user_oper_log` VALUES ('2053', '110', '崔小崔', '更新用户卡片', '更新用户卡片，企业id为:1 用户id为:89 卡片id为:44 卡片种类id为:1', 'MODIFY', '2018-06-29 16:08:38', '2018-06-29 16:08:37', '小程序b端服务');
INSERT INTO `system_user_oper_log` VALUES ('2054', '110', '崔小崔', '产品管理', '产品置顶，产品id：6', 'MODIFY', '2018-06-29 16:17:55', '2018-06-29 16:17:55', '小程序b端服务');
INSERT INTO `system_user_oper_log` VALUES ('2055', '110', '崔小崔', '产品管理', '产品置顶，产品id：13', 'MODIFY', '2018-06-29 16:19:57', '2018-06-29 16:19:56', '小程序b端服务');
INSERT INTO `system_user_oper_log` VALUES ('2056', '110', '崔小崔', '产品管理', '删除产品，产品id：13', 'DELETE', '2018-06-29 16:20:06', '2018-06-29 16:20:05', '小程序b端服务');
INSERT INTO `system_user_oper_log` VALUES ('2057', '110', '崔小崔', '产品管理', '产品置顶，产品id：8', 'MODIFY', '2018-06-29 16:21:05', '2018-06-29 16:21:05', '小程序b端服务');
INSERT INTO `system_user_oper_log` VALUES ('2058', '106', '蒋春明', '产品管理', '添加产品图片，图片名称：1530260962432.png，产品id：38', 'ADD', '2018-06-29 16:29:22', '2018-06-29 16:29:24', '小程序b端服务');
INSERT INTO `system_user_oper_log` VALUES ('2059', '106', '蒋春明', '产品管理', '删除产品图片，图片名称：1530258633814.png，产品id：38', 'DELETE', '2018-06-29 16:29:30', '2018-06-29 16:29:31', '小程序b端服务');
INSERT INTO `system_user_oper_log` VALUES ('2060', '106', '蒋春明', '产品管理', '编辑产品描述阿斯顿发生大幅士大夫的事故的发生广泛大使馆反对海南购房二人风格的服饰广东省分公司梵蒂冈犯得上广泛大使馆岁的法国对方是个发士大夫敢死队风格发生的故事的的方式广泛的广泛的十公分的身高，产品id：38', 'MODIFY', '2018-06-29 16:34:32', '2018-06-29 16:34:33', '小程序b端服务');
INSERT INTO `system_user_oper_log` VALUES ('2061', '106', '蒋春明', '产品管理', '编辑产品描述阿斯顿发生大幅士大夫的事故的发生广泛大使馆反对海南购房二人风格的服饰广东省分公司梵蒂冈犯得上广泛大使馆岁的法国对方是个发士大夫敢死队风格发生的故事的的方式广泛的广泛的十公分的身高稍等是是是搜索是是是是，产品id：38', 'MODIFY', '2018-06-29 16:34:42', '2018-06-29 16:34:44', '小程序b端服务');
INSERT INTO `system_user_oper_log` VALUES ('2062', '106', '蒋春明', '产品管理', '编辑产品名称技术的开发了顶顶顶顶顶顶顶顶顶顶顶顶顶顶顶顶顶顶的淡定的的的，产品id：38', 'MODIFY', '2018-06-29 16:35:54', '2018-06-29 16:35:56', '小程序b端服务');
INSERT INTO `system_user_oper_log` VALUES ('2063', '106', '蒋春明', '产品管理', '编辑产品名称技术的开发了顶顶顶顶顶顶顶顶顶顶顶顶顶顶顶顶顶顶的淡定的的的，产品id：38', 'MODIFY', '2018-06-29 16:36:04', '2018-06-29 16:36:05', '小程序b端服务');
INSERT INTO `system_user_oper_log` VALUES ('2064', '106', '蒋春明', '产品管理', '编辑产品名称技术的开发了顶顶顶顶顶顶顶顶顶顶顶顶顶顶顶顶顶顶的淡定的的的，产品id：38', 'MODIFY', '2018-06-29 16:36:05', '2018-06-29 16:36:06', '小程序b端服务');
INSERT INTO `system_user_oper_log` VALUES ('2065', '106', '蒋春明', '产品管理', '编辑产品名称技术的开发了顶顶顶顶顶顶顶顶顶顶顶顶顶顶顶顶顶顶的淡定的的的，产品id：38', 'MODIFY', '2018-06-29 16:36:06', '2018-06-29 16:36:07', '小程序b端服务');
INSERT INTO `system_user_oper_log` VALUES ('2066', '106', '蒋春明', '产品管理', '编辑产品描述阿斯顿发生大幅士大夫的事故的发生广泛大使馆反对海南购房二人风格的服饰广东省分公司梵蒂冈犯得上广泛大使馆岁的法国对方是个发士大夫敢死队风格发生的故事的的方式广泛的广泛的十公分的身高稍等是是是搜索是是是是，产品id：38', 'MODIFY', '2018-06-29 16:36:08', '2018-06-29 16:36:09', '小程序b端服务');
INSERT INTO `system_user_oper_log` VALUES ('2067', '106', '蒋春明', '产品管理', '编辑产品原价1，产品id：38', 'MODIFY', '2018-06-29 16:42:33', '2018-06-29 16:42:34', '小程序b端服务');
INSERT INTO `system_user_oper_log` VALUES ('2068', '106', '蒋春明', '产品管理', '编辑产品原价1，产品id：38', 'MODIFY', '2018-06-29 16:42:37', '2018-06-29 16:42:38', '小程序b端服务');
INSERT INTO `system_user_oper_log` VALUES ('2069', '106', '蒋春明', '产品管理', '编辑产品折后价11，产品id：38', 'MODIFY', '2018-06-29 16:42:39', '2018-06-29 16:42:40', '小程序b端服务');
INSERT INTO `system_user_oper_log` VALUES ('2070', '106', '蒋春明', '产品管理', '编辑产品原价1，产品id：38', 'MODIFY', '2018-06-29 16:42:40', '2018-06-29 16:42:41', '小程序b端服务');
INSERT INTO `system_user_oper_log` VALUES ('2071', '106', '蒋春明', '产品管理', '编辑产品原价1，产品id：38', 'MODIFY', '2018-06-29 16:42:44', '2018-06-29 16:42:45', '小程序b端服务');
INSERT INTO `system_user_oper_log` VALUES ('2072', '106', '蒋春明', '产品管理', '编辑产品原价1，产品id：38', 'MODIFY', '2018-06-29 16:42:45', '2018-06-29 16:42:46', '小程序b端服务');
INSERT INTO `system_user_oper_log` VALUES ('2073', '106', '蒋春明', '产品管理', '编辑产品原价1，产品id：38', 'MODIFY', '2018-06-29 16:42:48', '2018-06-29 16:42:49', '小程序b端服务');
INSERT INTO `system_user_oper_log` VALUES ('2074', '106', '蒋春明', '产品管理', '编辑产品原价1，产品id：38', 'MODIFY', '2018-06-29 16:44:08', '2018-06-29 16:44:09', '小程序b端服务');
INSERT INTO `system_user_oper_log` VALUES ('2075', '106', '蒋春明', '产品管理', '编辑产品折后价11，产品id：38', 'MODIFY', '2018-06-29 16:44:12', '2018-06-29 16:44:13', '小程序b端服务');
INSERT INTO `system_user_oper_log` VALUES ('2076', '106', '蒋春明', '产品管理', '编辑产品原价1，产品id：38', 'MODIFY', '2018-06-29 16:44:16', '2018-06-29 16:44:17', '小程序b端服务');
INSERT INTO `system_user_oper_log` VALUES ('2077', '106', '蒋春明', '产品管理', '编辑产品描述阿斯顿发生大幅士大夫的事故的发生广泛大使馆反对海南购房二人风格的服饰广东省分公司梵蒂冈犯得上广泛大使馆岁的法国对方是个发士大夫敢死队风格发生的故事的的方式广泛的广泛的十公分的身高稍等是是是搜索是是是是，产品id：38', 'MODIFY', '2018-06-29 16:47:22', '2018-06-29 16:47:24', '小程序b端服务');
INSERT INTO `system_user_oper_log` VALUES ('2078', '106', '蒋春明', '产品管理', '添加产品，产品名称：s\'s\'s\'s\'s\'s\'s\'s\'s\'s\'s\'s\'s\'s\'s\'', 'ADD', '2018-06-29 16:51:59', '2018-06-29 16:52:00', '小程序b端服务');
INSERT INTO `system_user_oper_log` VALUES ('2079', '106', '蒋春明', '产品管理', '编辑产品原价1,111，产品id：39', 'MODIFY', '2018-06-29 16:52:48', '2018-06-29 16:52:49', '小程序b端服务');
INSERT INTO `system_user_oper_log` VALUES ('2080', '106', '蒋春明', '卡片管理', '编辑卡片名称为:铜', 'MODIFY', '2018-06-29 17:16:42', '2018-06-29 17:16:43', '小程序b端服务');
INSERT INTO `system_user_oper_log` VALUES ('2081', '106', '蒋春明', '卡片管理', '编辑卡片名称为:铜', 'MODIFY', '2018-06-29 17:16:52', '2018-06-29 17:16:53', '小程序b端服务');
INSERT INTO `system_user_oper_log` VALUES ('2082', '106', '蒋春明', '更新企业地址', '更新企业地址，企业id为:27 地址:北京市朝阳区通惠河畔文化创意产业园1131号君天大厦六层', 'MODIFY', '2018-07-02 10:56:09', '2018-07-02 10:56:17', '小程序b端服务');
INSERT INTO `system_user_oper_log` VALUES ('2083', '106', '蒋春明', '自主营销', '编辑短信内容：搜索，服务id：47', 'MODIFY', '2018-07-02 11:34:42', '2018-07-02 11:34:50', '小程序b端服务');
INSERT INTO `system_user_oper_log` VALUES ('2084', '106', '蒋春明', '自主营销', '编辑短信内容：搜索，服务id：48', 'MODIFY', '2018-07-02 11:34:43', '2018-07-02 11:34:51', '小程序b端服务');
INSERT INTO `system_user_oper_log` VALUES ('2085', '106', '蒋春明', '自主营销', '编辑短信内容：搜索，服务id：49', 'MODIFY', '2018-07-02 11:34:52', '2018-07-02 11:35:00', '小程序b端服务');
INSERT INTO `system_user_oper_log` VALUES ('2086', '106', '蒋春明', '自主营销', '编辑短信内容：搜索，服务id：50', 'MODIFY', '2018-07-02 11:34:54', '2018-07-02 11:35:02', '小程序b端服务');
INSERT INTO `system_user_oper_log` VALUES ('2087', '106', '蒋春明', '自主营销', '编辑短信内容：搜索，服务id：51', 'MODIFY', '2018-07-02 11:34:56', '2018-07-02 11:35:03', '小程序b端服务');
INSERT INTO `system_user_oper_log` VALUES ('2088', '110', '崔小崔', '自主营销', '编辑短信内容：13234345456，服务id：52', 'MODIFY', '2018-07-02 13:23:28', '2018-07-02 13:23:26', '小程序b端服务');
INSERT INTO `system_user_oper_log` VALUES ('2089', '110', '崔小崔', '老客营销', '编辑短信内容：edfefsrd，服务id：34', 'MODIFY', '2018-07-02 13:25:03', '2018-07-02 13:25:01', '小程序b端服务');
INSERT INTO `system_user_oper_log` VALUES ('2090', '110', '崔小崔', '产品管理', '产品置顶，产品id：35', 'MODIFY', '2018-07-02 15:28:55', '2018-07-02 15:28:53', '小程序b端服务');
INSERT INTO `system_user_oper_log` VALUES ('2091', '110', '崔小崔', '产品管理', '删除产品，产品id：9', 'DELETE', '2018-07-02 15:30:33', '2018-07-02 15:30:31', '小程序b端服务');
INSERT INTO `system_user_oper_log` VALUES ('2092', '110', '崔小崔', '删除企业图片', '删除企业图片，企业id为:1', 'DELETE', '2018-07-02 15:36:47', '2018-07-02 15:36:45', '小程序b端服务');
INSERT INTO `system_user_oper_log` VALUES ('2093', '110', '崔小崔', '上传企业图片', '上传企业图片，企业id为:1 图片名:1530517863984.png', 'ADD', '2018-07-02 15:51:04', '2018-07-02 15:51:02', '小程序b端服务');
INSERT INTO `system_user_oper_log` VALUES ('2094', '110', '崔小崔', '删除企业图片', '删除企业图片，企业id为:1', 'DELETE', '2018-07-02 15:51:30', '2018-07-02 15:51:28', '小程序b端服务');
INSERT INTO `system_user_oper_log` VALUES ('2095', '106', '蒋春明', '删除企业图片', '删除企业图片，企业id为:27', 'DELETE', '2018-07-02 16:00:54', '2018-07-02 16:01:02', '小程序b端服务');
INSERT INTO `system_user_oper_log` VALUES ('2096', '106', '蒋春明', '删除企业图片', '删除企业图片，企业id为:27', 'DELETE', '2018-07-02 16:01:41', '2018-07-02 16:01:49', '小程序b端服务');
INSERT INTO `system_user_oper_log` VALUES ('2097', '106', '蒋春明', '删除企业图片', '删除企业图片，企业id为:27', 'DELETE', '2018-07-02 16:01:49', '2018-07-02 16:01:56', '小程序b端服务');
INSERT INTO `system_user_oper_log` VALUES ('2098', '110', '崔小崔', '上传企业图片', '上传企业图片，企业id为:1 图片名:1530524713540.png', 'ADD', '2018-07-02 17:45:14', '2018-07-02 17:45:11', '小程序b端服务');
INSERT INTO `system_user_oper_log` VALUES ('2099', '110', '崔小崔', '删除企业图片', '删除企业图片，企业id为:1', 'DELETE', '2018-07-02 17:45:17', '2018-07-02 17:45:14', '小程序b端服务');
INSERT INTO `system_user_oper_log` VALUES ('2100', '110', '崔小崔', '删除企业图片', '删除企业图片，企业id为:1', 'DELETE', '2018-07-02 17:45:24', '2018-07-02 17:45:22', '小程序b端服务');
INSERT INTO `system_user_oper_log` VALUES ('2101', '110', '崔小崔', '上传企业图片', '上传企业图片，企业id为:1 图片名:1530582864445.png', 'ADD', '2018-07-03 09:54:24', '2018-07-03 09:54:22', '小程序b端服务');
INSERT INTO `system_user_oper_log` VALUES ('2102', '110', '崔小崔', '上传企业图片', '上传企业图片，企业id为:1 图片名:1530582866739.png', 'ADD', '2018-07-03 09:54:27', '2018-07-03 09:54:24', '小程序b端服务');
INSERT INTO `system_user_oper_log` VALUES ('2103', '110', '崔小崔', '删除企业图片', '删除企业图片，企业id为:1', 'DELETE', '2018-07-03 09:56:06', '2018-07-03 09:56:03', '小程序b端服务');
INSERT INTO `system_user_oper_log` VALUES ('2104', '110', '崔小崔', '删除企业图片', '删除企业图片，企业id为:1', 'DELETE', '2018-07-03 09:56:30', '2018-07-03 09:56:28', '小程序b端服务');
INSERT INTO `system_user_oper_log` VALUES ('2105', '106', '蒋春明', '用户管理', '更新用户卡片，企业id为:27 用户id为:94 卡片id为:49 卡片种类id为:49', 'MODIFY', '2018-07-03 10:24:57', '2018-07-03 10:25:08', '小程序b端服务');
INSERT INTO `system_user_oper_log` VALUES ('2106', '106', '蒋春明', '企业管理', '上传企业图片，企业id为:27 图片名:1530586521492.png', 'ADD', '2018-07-03 10:55:21', '2018-07-03 10:55:33', '小程序b端服务');
INSERT INTO `system_user_oper_log` VALUES ('2107', '106', '蒋春明', '企业管理', '更新企业电话，企业id为:27 电话:400-779-7255', 'MODIFY', '2018-07-03 10:55:31', '2018-07-03 10:55:42', '小程序b端服务');
INSERT INTO `system_user_oper_log` VALUES ('2108', '106', '蒋春明', '企业管理', '更新企业地址，企业id为:27 地址:北京市朝阳区通惠河畔文化创意产业园1131号君天大厦六层', 'MODIFY', '2018-07-03 10:55:39', '2018-07-03 10:55:50', '小程序b端服务');
INSERT INTO `system_user_oper_log` VALUES ('2109', '106', '蒋春明', '企业管理', '更新企业地址，企业id为:27 地址:北京市朝阳区通惠河畔文化创意产业园1131号君天大厦六层', 'MODIFY', '2018-07-03 10:56:21', '2018-07-03 10:56:32', '小程序b端服务');
INSERT INTO `system_user_oper_log` VALUES ('2110', '106', '蒋春明', '企业管理', '更新企业地址，企业id为:27 地址:北京市朝阳区通惠河畔文化创意产业园1131号君天大厦六层', 'MODIFY', '2018-07-03 10:58:20', '2018-07-03 10:58:31', '小程序b端服务');
INSERT INTO `system_user_oper_log` VALUES ('2111', '106', '蒋春明', '企业管理', '更新企业地址，企业id为:27 地址:北京市朝阳区通惠河畔文化创意产业园1131号君天大厦六层', 'MODIFY', '2018-07-03 10:58:33', '2018-07-03 10:58:44', '小程序b端服务');
INSERT INTO `system_user_oper_log` VALUES ('2112', '106', '蒋春明', '企业管理', '更新企业地址，企业id为:27 地址:北京市朝阳区通惠河畔文化创意产业园1131号君天大厦六层', 'MODIFY', '2018-07-03 10:58:37', '2018-07-03 10:58:48', '小程序b端服务');
INSERT INTO `system_user_oper_log` VALUES ('2113', '106', '蒋春明', '企业管理', '更新企业描述，企业id为:27 描述:北京亿美软通科技有限公司是具备国际水准的移动商务平台技术和应用方案提供商，是中国领先的移动商务服务商，致力于为企业提供基于3G技术的精准营销、高效管理和个性服务解决方案。亿美软通积极倡导软件行业、互联网企业和各类技术厂商与服务商，共同推进移动商务在中国的发展。亿美软通是中国主要电信运营商资深的战略合作伙伴，在移动商务的平台技术、应用产品、销售渠道和服务网络等方面开展了全方位的深度合作。', 'MODIFY', '2018-07-03 11:05:38', '2018-07-03 11:05:49', '小程序b端服务');
INSERT INTO `system_user_oper_log` VALUES ('2114', '106', '蒋春明', '企业管理', '更新企业电话，企业id为:27 电话:400-779-7255', 'MODIFY', '2018-07-03 11:05:39', '2018-07-03 11:05:50', '小程序b端服务');
INSERT INTO `system_user_oper_log` VALUES ('2115', '106', '蒋春明', '企业管理', '更新企业地址，企业id为:27 地址:北京市朝阳区通惠河畔文化创意产业园1131号君天大厦六层', 'MODIFY', '2018-07-03 11:05:41', '2018-07-03 11:05:52', '小程序b端服务');
INSERT INTO `system_user_oper_log` VALUES ('2116', '106', '蒋春明', '产品管理', '编辑产品折后价11，产品id：38', 'MODIFY', '2018-07-03 11:06:03', '2018-07-03 11:06:14', '小程序b端服务');
INSERT INTO `system_user_oper_log` VALUES ('2117', '106', '蒋春明', '产品管理', '编辑产品原价1，产品id：38', 'MODIFY', '2018-07-03 11:06:05', '2018-07-03 11:06:16', '小程序b端服务');
INSERT INTO `system_user_oper_log` VALUES ('2118', '106', '蒋春明', '产品管理', '编辑产品折后价1，产品id：39', 'MODIFY', '2018-07-03 11:06:40', '2018-07-03 11:06:51', '小程序b端服务');
INSERT INTO `system_user_oper_log` VALUES ('2119', '106', '蒋春明', '产品管理', '编辑产品折后价1，产品id：39', 'MODIFY', '2018-07-03 11:06:47', '2018-07-03 11:06:58', '小程序b端服务');
INSERT INTO `system_user_oper_log` VALUES ('2120', '106', '蒋春明', '自主营销', '编辑短信内容：的尺寸v，服务id：53', 'MODIFY', '2018-07-03 11:27:47', '2018-07-03 11:27:46', '小程序b端服务');
INSERT INTO `system_user_oper_log` VALUES ('2121', '106', '蒋春明', '自主营销', '编辑短信内容：的，服务id：54', 'MODIFY', '2018-07-03 11:31:41', '2018-07-03 11:31:41', '小程序b端服务');
INSERT INTO `system_user_oper_log` VALUES ('2122', '106', '蒋春明', '自主营销', '编辑短信内容：从，服务id：55', 'MODIFY', '2018-07-03 11:34:24', '2018-07-03 11:34:24', '小程序b端服务');
INSERT INTO `system_user_oper_log` VALUES ('2123', '106', '蒋春明', '自主营销', '编辑短信内容：是，服务id：56', 'MODIFY', '2018-07-03 11:35:09', '2018-07-03 11:35:08', '小程序b端服务');
INSERT INTO `system_user_oper_log` VALUES ('2124', '106', '蒋春明', '自主营销', '编辑短信内容：是，服务id：57', 'MODIFY', '2018-07-03 11:35:09', '2018-07-03 11:35:08', '小程序b端服务');
INSERT INTO `system_user_oper_log` VALUES ('2125', '106', '蒋春明', '自主营销', '编辑短信内容：发v，服务id：58', 'MODIFY', '2018-07-03 11:35:24', '2018-07-03 11:35:24', '小程序b端服务');
INSERT INTO `system_user_oper_log` VALUES ('2126', '106', '蒋春明', '自主营销', '编辑短信内容：发，服务id：59', 'MODIFY', '2018-07-03 11:35:51', '2018-07-03 11:35:50', '小程序b端服务');
INSERT INTO `system_user_oper_log` VALUES ('2127', '106', '蒋春明', '自主营销', '编辑短信内容：是，服务id：60', 'MODIFY', '2018-07-03 11:36:55', '2018-07-03 11:36:54', '小程序b端服务');
INSERT INTO `system_user_oper_log` VALUES ('2128', '106', '蒋春明', '自主营销', '编辑短信内容：是，服务id：61', 'MODIFY', '2018-07-03 11:36:55', '2018-07-03 11:36:54', '小程序b端服务');
INSERT INTO `system_user_oper_log` VALUES ('2129', '106', '蒋春明', '自主营销', '编辑短信内容：的，服务id：62', 'MODIFY', '2018-07-03 11:37:37', '2018-07-03 11:37:37', '小程序b端服务');
INSERT INTO `system_user_oper_log` VALUES ('2130', '106', '蒋春明', '自主营销', '编辑短信内容：是，服务id：63', 'MODIFY', '2018-07-03 11:38:28', '2018-07-03 11:38:28', '小程序b端服务');
INSERT INTO `system_user_oper_log` VALUES ('2131', '106', '蒋春明', '自主营销', '编辑短信内容：发，服务id：64', 'MODIFY', '2018-07-03 11:39:25', '2018-07-03 11:39:25', '小程序b端服务');
INSERT INTO `system_user_oper_log` VALUES ('2132', '106', '蒋春明', '自主营销', '编辑短信内容：的，服务id：65', 'MODIFY', '2018-07-03 11:54:59', '2018-07-03 11:54:59', '小程序b端服务');
INSERT INTO `system_user_oper_log` VALUES ('2133', '106', '蒋春明', '自主营销', '编辑短信内容：从，服务id：66', 'MODIFY', '2018-07-03 11:58:16', '2018-07-03 11:58:16', '小程序b端服务');
INSERT INTO `system_user_oper_log` VALUES ('2134', '106', '蒋春明', '自主营销', '编辑短信内容：功发，服务id：67', 'MODIFY', '2018-07-03 12:37:32', '2018-07-03 12:37:32', '小程序b端服务');
INSERT INTO `system_user_oper_log` VALUES ('2135', '106', '蒋春明', '自主营销', '编辑短信内容：发，服务id：68', 'MODIFY', '2018-07-03 13:42:46', '2018-07-03 13:42:45', '小程序b端服务');
INSERT INTO `system_user_oper_log` VALUES ('2136', '106', '蒋春明', '企业管理', '更新企业电话，企业id为:27 电话:400-779-7255', 'MODIFY', '2018-07-03 14:23:02', '2018-07-03 14:23:02', '小程序b端服务');
INSERT INTO `system_user_oper_log` VALUES ('2137', '106', '蒋春明', '企业管理', '更新企业电话，企业id为:27 电话:400-779-7255', 'MODIFY', '2018-07-03 14:23:03', '2018-07-03 14:23:03', '小程序b端服务');
INSERT INTO `system_user_oper_log` VALUES ('2138', '106', '蒋春明', '企业管理', '更新企业电话，企业id为:27 电话:400-779-7255', 'MODIFY', '2018-07-03 14:23:04', '2018-07-03 14:23:03', '小程序b端服务');
INSERT INTO `system_user_oper_log` VALUES ('2139', '106', '蒋春明', '企业管理', '更新企业电话，企业id为:27 电话:400-779-7255', 'MODIFY', '2018-07-03 14:23:05', '2018-07-03 14:23:04', '小程序b端服务');
INSERT INTO `system_user_oper_log` VALUES ('2140', '106', '蒋春明', '企业管理', '更新企业电话，企业id为:27 电话:400-779-7255', 'MODIFY', '2018-07-03 14:23:06', '2018-07-03 14:23:06', '小程序b端服务');
INSERT INTO `system_user_oper_log` VALUES ('2141', '106', '蒋春明', '自主营销', '编辑短信内容：是，服务id：69', 'MODIFY', '2018-07-03 14:49:32', '2018-07-03 14:49:31', '小程序b端服务');
INSERT INTO `system_user_oper_log` VALUES ('2142', '106', '蒋春明', '用户管理', '更新用户卡号，企业id为:27 用户id为:94 卡片id为:49 卡片种类id为:49', 'MODIFY', '2018-07-03 14:50:11', '2018-07-03 14:50:10', '小程序b端服务');
INSERT INTO `system_user_oper_log` VALUES ('2143', '106', '蒋春明', '用户管理', '更新用户卡号，企业id为:27 用户id为:94 卡片id为:49 卡片种类id为:49', 'MODIFY', '2018-07-03 14:50:12', '2018-07-03 14:50:12', '小程序b端服务');
INSERT INTO `system_user_oper_log` VALUES ('2144', '106', '蒋春明', '用户管理', '更新用户卡号，企业id为:27 用户id为:94 卡片id为:49 卡片种类id为:49', 'MODIFY', '2018-07-03 14:51:11', '2018-07-03 14:51:11', '小程序b端服务');
INSERT INTO `system_user_oper_log` VALUES ('2145', '106', '蒋春明', '企业管理', '上传企业图片，企业id为:27 图片名:1530600978185.png', 'ADD', '2018-07-03 14:56:18', '2018-07-03 14:56:18', '小程序b端服务');
INSERT INTO `system_user_oper_log` VALUES ('2146', '106', '蒋春明', '企业管理', '上传企业图片，企业id为:27 图片名:1530601050870.png', 'ADD', '2018-07-03 14:57:31', '2018-07-03 14:57:30', '小程序b端服务');
INSERT INTO `system_user_oper_log` VALUES ('2147', '106', '蒋春明', '自主营销', '编辑短信内容：大的，服务id：70', 'MODIFY', '2018-07-03 14:58:00', '2018-07-03 14:57:59', '小程序b端服务');
INSERT INTO `system_user_oper_log` VALUES ('2148', '106', '蒋春明', '用户管理', '更新用户卡号，企业id为:27 用户id为:94 卡片id为:49 卡片种类id为:49', 'MODIFY', '2018-07-03 15:02:36', '2018-07-03 15:02:36', '小程序b端服务');
INSERT INTO `system_user_oper_log` VALUES ('2149', '106', '蒋春明', '用户管理', '更新用户卡号，企业id为:27 用户id为:94 卡片id为:49 卡片种类id为:49', 'MODIFY', '2018-07-03 15:02:44', '2018-07-03 15:02:44', '小程序b端服务');
INSERT INTO `system_user_oper_log` VALUES ('2150', '106', '蒋春明', '用户管理', '更新用户卡号，企业id为:27 用户id为:94 卡片id为:49 卡片种类id为:49', 'MODIFY', '2018-07-03 15:04:49', '2018-07-03 15:04:49', '小程序b端服务');
INSERT INTO `system_user_oper_log` VALUES ('2151', '106', '蒋春明', '用户管理', '更新用户卡号，企业id为:27 用户id为:94 卡片id为:49 卡片种类id为:49', 'MODIFY', '2018-07-03 15:12:57', '2018-07-03 15:12:56', '小程序b端服务');
INSERT INTO `system_user_oper_log` VALUES ('2152', '106', '蒋春明', '用户管理', '更新用户卡片，企业id为:27 用户id为:94 卡片id为:49 卡片种类id为:51', 'MODIFY', '2018-07-03 15:13:48', '2018-07-03 15:13:47', '小程序b端服务');
INSERT INTO `system_user_oper_log` VALUES ('2153', '106', '蒋春明', '用户管理', '更新用户卡号，企业id为:27 用户id为:94 卡片id为:49 卡片种类id为:51', 'MODIFY', '2018-07-03 15:13:59', '2018-07-03 15:13:58', '小程序b端服务');
INSERT INTO `system_user_oper_log` VALUES ('2154', '106', '蒋春明', '用户管理', '更新用户卡号，企业id为:27 用户id为:94 卡片id为:49 卡片种类id为:51', 'MODIFY', '2018-07-03 15:17:52', '2018-07-03 15:17:51', '小程序b端服务');
INSERT INTO `system_user_oper_log` VALUES ('2155', '106', '蒋春明', '用户管理', '更新用户卡号，企业id为:27 用户id为:94 卡片id为:49 卡片种类id为:51', 'MODIFY', '2018-07-03 15:40:18', '2018-07-03 15:40:17', '小程序b端服务');
INSERT INTO `system_user_oper_log` VALUES ('2156', '128', '崔小崔', '更新用户卡片', '更新用户卡片，企业id为:1 用户id为:35 卡片id为:3 卡片种类id为:2', 'MODIFY', '2018-07-03 17:11:01', '2018-07-03 17:11:00', '小程序b端服务');
INSERT INTO `system_user_oper_log` VALUES ('2157', '128', '崔小崔', '更新用户卡片', '更新用户卡片，企业id为:1 用户id为:35 卡片id为:3 卡片种类id为:1', 'MODIFY', '2018-07-03 17:11:18', '2018-07-03 17:11:18', '小程序b端服务');
INSERT INTO `system_user_oper_log` VALUES ('2158', '128', '崔小崔', '删除企业图片', '删除企业图片，企业id为:1', 'DELETE', '2018-07-04 09:36:13', '2018-07-04 09:36:13', '小程序b端服务');
INSERT INTO `system_user_oper_log` VALUES ('2159', '128', '崔小崔', '删除企业图片', '删除企业图片，企业id为:1', 'DELETE', '2018-07-04 09:36:18', '2018-07-04 09:36:18', '小程序b端服务');
INSERT INTO `system_user_oper_log` VALUES ('2160', '128', '崔小崔', '上传企业图片', '上传企业图片，企业id为:1 图片名:1530668201052.png', 'ADD', '2018-07-04 09:36:41', '2018-07-04 09:36:41', '小程序b端服务');
INSERT INTO `system_user_oper_log` VALUES ('2161', '128', '崔小崔', '删除企业图片', '删除企业图片，企业id为:1', 'DELETE', '2018-07-04 09:36:54', '2018-07-04 09:36:54', '小程序b端服务');
INSERT INTO `system_user_oper_log` VALUES ('2162', '128', '崔小崔', '上传企业图片', '上传企业图片，企业id为:1 图片名:1530668225901.png', 'ADD', '2018-07-04 09:37:06', '2018-07-04 09:37:06', '小程序b端服务');
INSERT INTO `system_user_oper_log` VALUES ('2163', '128', '崔小崔', '上传企业图片', '上传企业图片，企业id为:1 图片名:1530668235002.png', 'ADD', '2018-07-04 09:37:15', '2018-07-04 09:37:15', '小程序b端服务');
INSERT INTO `system_user_oper_log` VALUES ('2164', '128', '崔小崔', '删除企业图片', '删除企业图片，企业id为:1', 'DELETE', '2018-07-04 09:37:23', '2018-07-04 09:37:23', '小程序b端服务');
INSERT INTO `system_user_oper_log` VALUES ('2165', '128', '崔小崔', '上传企业图片', '上传企业图片，企业id为:1 图片名:1530668253624.png', 'ADD', '2018-07-04 09:37:34', '2018-07-04 09:37:33', '小程序b端服务');
INSERT INTO `system_user_oper_log` VALUES ('2166', '128', '崔小崔', '删除企业图片', '删除企业图片，企业id为:1', 'DELETE', '2018-07-04 09:37:43', '2018-07-04 09:37:43', '小程序b端服务');
INSERT INTO `system_user_oper_log` VALUES ('2167', '128', '崔小崔', '上传企业图片', '上传企业图片，企业id为:1 图片名:1530668270569.png', 'ADD', '2018-07-04 09:37:51', '2018-07-04 09:37:50', '小程序b端服务');
INSERT INTO `system_user_oper_log` VALUES ('2168', '128', '崔小崔', '产品管理', '添加产品图片，图片名称：1530668308867.png，产品id：8', 'ADD', '2018-07-04 09:38:29', '2018-07-04 09:38:29', '小程序b端服务');
INSERT INTO `system_user_oper_log` VALUES ('2169', '128', '崔小崔', '产品管理', '添加产品图片，图片名称：1530668323460.png，产品id：6', 'ADD', '2018-07-04 09:38:43', '2018-07-04 09:38:43', '小程序b端服务');
INSERT INTO `system_user_oper_log` VALUES ('2170', '128', '崔小崔', '产品管理', '添加产品图片，图片名称：1530668335479.png，产品id：12', 'ADD', '2018-07-04 09:38:55', '2018-07-04 09:38:55', '小程序b端服务');
INSERT INTO `system_user_oper_log` VALUES ('2171', '128', '崔小崔', '产品管理', '产品置顶，产品id：6', 'MODIFY', '2018-07-04 09:39:25', '2018-07-04 09:39:25', '小程序b端服务');
INSERT INTO `system_user_oper_log` VALUES ('2172', '128', '崔小崔', '删除企业图片', '删除企业图片，企业id为:1', 'DELETE', '2018-07-04 09:46:11', '2018-07-04 09:46:10', '小程序b端服务');
INSERT INTO `system_user_oper_log` VALUES ('2173', '128', '崔小崔', '删除企业图片', '删除企业图片，企业id为:1', 'DELETE', '2018-07-04 09:46:18', '2018-07-04 09:46:18', '小程序b端服务');
INSERT INTO `system_user_oper_log` VALUES ('2174', '128', '崔小崔', '上传企业图片', '上传企业图片，企业id为:1 图片名:1530668787659.png', 'ADD', '2018-07-04 09:46:28', '2018-07-04 09:46:27', '小程序b端服务');
INSERT INTO `system_user_oper_log` VALUES ('2175', '128', '崔小崔', '上传企业图片', '上传企业图片，企业id为:1 图片名:1530668847592.png', 'ADD', '2018-07-04 09:47:28', '2018-07-04 09:47:27', '小程序b端服务');
INSERT INTO `system_user_oper_log` VALUES ('2176', '128', '崔小崔', '上传企业图片', '上传企业图片，企业id为:1 图片名:1530669065288.png', 'ADD', '2018-07-04 09:51:05', '2018-07-04 09:51:05', '小程序b端服务');
INSERT INTO `system_user_oper_log` VALUES ('2177', '128', '崔小崔', '删除企业图片', '删除企业图片，企业id为:1', 'DELETE', '2018-07-04 09:54:02', '2018-07-04 09:54:01', '小程序b端服务');
INSERT INTO `system_user_oper_log` VALUES ('2178', '128', '崔小崔', '上传企业图片', '上传企业图片，企业id为:1 图片名:1530669248064.png', 'ADD', '2018-07-04 09:54:08', '2018-07-04 09:54:08', '小程序b端服务');
INSERT INTO `system_user_oper_log` VALUES ('2179', '128', '崔小崔', '删除企业图片', '删除企业图片，企业id为:1', 'DELETE', '2018-07-04 10:04:21', '2018-07-04 10:04:20', '小程序b端服务');
INSERT INTO `system_user_oper_log` VALUES ('2180', '130', '崔小崔', '产品管理', '添加产品，产品名称：测试结果', 'ADD', '2018-07-04 14:14:22', '2018-07-04 14:14:22', '小程序b端服务');
INSERT INTO `system_user_oper_log` VALUES ('2181', '130', '崔小崔', '用户管理', '更新用户卡片，企业id为:1 用户id为:89 卡片id为:44 卡片种类id为:2', 'MODIFY', '2018-07-04 14:15:58', '2018-07-04 14:15:58', '小程序b端服务');
INSERT INTO `system_user_oper_log` VALUES ('2182', '130', '崔小崔', '卡片管理', '编辑卡片说明，卡片id：1', 'MODIFY', '2018-07-04 14:16:39', '2018-07-04 14:16:39', '小程序b端服务');
INSERT INTO `system_user_oper_log` VALUES ('2183', '130', '崔小崔', '卡片管理', '编辑卡片名称为:银', 'MODIFY', '2018-07-04 14:16:48', '2018-07-04 14:16:48', '小程序b端服务');
INSERT INTO `system_user_oper_log` VALUES ('2184', '130', '崔小崔', '自主营销', '编辑短信内容：我的小时候，服务id：71', 'MODIFY', '2018-07-04 14:18:07', '2018-07-04 14:18:07', '小程序b端服务');
INSERT INTO `system_user_oper_log` VALUES ('2185', '130', '崔小崔', '自主营销', '编辑短信内容：我的小时候，服务id：72', 'MODIFY', '2018-07-04 14:18:08', '2018-07-04 14:18:08', '小程序b端服务');
INSERT INTO `system_user_oper_log` VALUES ('2186', '130', '崔小崔', '自主营销', '编辑短信内容：我的，服务id：73', 'MODIFY', '2018-07-04 14:18:29', '2018-07-04 14:18:29', '小程序b端服务');
INSERT INTO `system_user_oper_log` VALUES ('2187', '130', '崔小崔', '产品管理', '添加产品，产品名称：jn', 'ADD', '2018-07-04 16:36:56', '2018-07-04 16:36:55', '小程序b端服务');
INSERT INTO `system_user_oper_log` VALUES ('2188', '82', '思念向海。', '自主营销', '编辑短信内容：asd，服务id：74', 'MODIFY', '2018-07-04 17:01:41', '2018-07-04 17:01:38', '小程序b端服务');
INSERT INTO `system_user_oper_log` VALUES ('2189', '82', '思念向海。', '自主营销', '编辑短信内容：qewqwe，服务id：75', 'MODIFY', '2018-07-04 17:07:22', '2018-07-04 17:07:20', '小程序b端服务');
INSERT INTO `system_user_oper_log` VALUES ('2190', '130', '崔小崔', '企业管理', '更新企业描述，企业id为:1 描述:的', 'MODIFY', '2018-07-04 18:11:49', '2018-07-04 18:11:48', '小程序b端服务');
INSERT INTO `system_user_oper_log` VALUES ('2191', '82', '思念向海。', '自主营销', '编辑短信内容：qwe，服务id：76', 'MODIFY', '2018-07-05 11:31:27', '2018-07-05 11:31:24', '小程序b端服务');
INSERT INTO `system_user_oper_log` VALUES ('2192', '82', '思念向海。', '自主营销', '编辑短信内容：123，服务id：77', 'MODIFY', '2018-07-05 11:45:05', '2018-07-05 11:45:01', '小程序b端服务');
INSERT INTO `system_user_oper_log` VALUES ('2193', '82', '思念向海。', '自主营销', '编辑短信内容：123，服务id：78', 'MODIFY', '2018-07-05 11:50:06', '2018-07-05 11:50:02', '小程序b端服务');
INSERT INTO `system_user_oper_log` VALUES ('2194', '82', '思念向海。', '自主营销', '编辑短信内容：qwe，服务id：79', 'MODIFY', '2018-07-05 11:52:07', '2018-07-05 11:52:04', '小程序b端服务');
INSERT INTO `system_user_oper_log` VALUES ('2195', '129', '蒋春明', '产品管理', '添加产品图片，图片名称：1530767149024.png，产品id：2', 'ADD', '2018-07-05 13:05:49', '2018-07-05 13:05:51', '小程序b端服务');
INSERT INTO `system_user_oper_log` VALUES ('2196', '129', '蒋春明', '产品管理', '编辑产品名称测试产品2，产品id：2', 'MODIFY', '2018-07-05 13:06:08', '2018-07-05 13:06:10', '小程序b端服务');
INSERT INTO `system_user_oper_log` VALUES ('2197', '129', '蒋春明', '产品管理', '编辑产品描述:1111111，产品id：2', 'MODIFY', '2018-07-05 13:06:12', '2018-07-05 13:06:14', '小程序b端服务');
INSERT INTO `system_user_oper_log` VALUES ('2198', '129', '蒋春明', '产品管理', '编辑产品原价100，产品id：2', 'MODIFY', '2018-07-05 13:06:27', '2018-07-05 13:06:29', '小程序b端服务');
INSERT INTO `system_user_oper_log` VALUES ('2199', '129', '蒋春明', '企业管理', '上传企业图片，企业id为:1 图片名:1530767976905.png', 'ADD', '2018-07-05 13:19:37', '2018-07-05 13:19:39', '小程序b端服务');
INSERT INTO `system_user_oper_log` VALUES ('2200', '129', '蒋春明', '企业管理', '删除企业图片，企业id为:1', 'DELETE', '2018-07-05 13:19:46', '2018-07-05 13:19:48', '小程序b端服务');
INSERT INTO `system_user_oper_log` VALUES ('2201', '129', '蒋春明', '智能营销', '编辑短信内容：变不变，服务id：26', 'MODIFY', '2018-07-05 13:44:45', '2018-07-05 13:44:47', '小程序b端服务');
INSERT INTO `system_user_oper_log` VALUES ('2202', '129', '蒋春明', '产品管理', '添加产品图片，图片名称：1530770007189.png，产品id：40', 'ADD', '2018-07-05 13:53:27', '2018-07-05 13:53:29', '小程序b端服务');
INSERT INTO `system_user_oper_log` VALUES ('2203', '129', '蒋春明', '产品管理', '添加产品图片，图片名称：1530776207673.png，产品id：4', 'ADD', '2018-07-05 15:36:48', '2018-07-05 15:36:47', '小程序b端服务');
INSERT INTO `system_user_oper_log` VALUES ('2204', '129', '蒋春明', '产品管理', '添加产品图片，图片名称：1530776249967.png，产品id：4', 'ADD', '2018-07-05 15:37:30', '2018-07-05 15:37:29', '小程序b端服务');
INSERT INTO `system_user_oper_log` VALUES ('2205', '129', '蒋春明', '精准营销', '编辑短信内容：1，服务id：1', 'MODIFY', '2018-07-05 15:39:54', '2018-07-05 15:39:54', '小程序b端服务');
INSERT INTO `system_user_oper_log` VALUES ('2206', '129', '蒋春明', '产品管理', '删除产品，产品id：6', 'DELETE', '2018-07-05 16:43:40', '2018-07-05 16:43:39', '小程序b端服务');
INSERT INTO `system_user_oper_log` VALUES ('2207', '129', '蒋春明', '产品管理', '删除产品，产品id：35', 'DELETE', '2018-07-05 16:43:43', '2018-07-05 16:43:42', '小程序b端服务');
INSERT INTO `system_user_oper_log` VALUES ('2208', '129', '蒋春明', '产品管理', '删除产品，产品id：8', 'DELETE', '2018-07-05 16:43:45', '2018-07-05 16:43:45', '小程序b端服务');
INSERT INTO `system_user_oper_log` VALUES ('2209', '129', '蒋春明', '产品管理', '删除产品，产品id：15', 'DELETE', '2018-07-05 16:43:49', '2018-07-05 16:43:48', '小程序b端服务');
INSERT INTO `system_user_oper_log` VALUES ('2210', '129', '蒋春明', '产品管理', '删除产品，产品id：41', 'DELETE', '2018-07-05 16:43:52', '2018-07-05 16:43:52', '小程序b端服务');
INSERT INTO `system_user_oper_log` VALUES ('2211', '129', '蒋春明', '产品管理', '删除产品，产品id：37', 'DELETE', '2018-07-05 16:43:55', '2018-07-05 16:43:54', '小程序b端服务');
INSERT INTO `system_user_oper_log` VALUES ('2212', '129', '蒋春明', '产品管理', '删除产品，产品id：36', 'DELETE', '2018-07-05 16:43:59', '2018-07-05 16:43:58', '小程序b端服务');
INSERT INTO `system_user_oper_log` VALUES ('2213', '129', '蒋春明', '产品管理', '删除产品，产品id：34', 'DELETE', '2018-07-05 16:44:01', '2018-07-05 16:44:01', '小程序b端服务');
INSERT INTO `system_user_oper_log` VALUES ('2214', '129', '蒋春明', '产品管理', '删除产品，产品id：33', 'DELETE', '2018-07-05 16:44:05', '2018-07-05 16:44:05', '小程序b端服务');
INSERT INTO `system_user_oper_log` VALUES ('2215', '132', '崔小崔', '自主营销', '编辑短信内容：111，服务id：80', 'MODIFY', '2018-07-06 10:23:34', '2018-07-06 10:23:33', '小程序b端服务');
INSERT INTO `system_user_oper_log` VALUES ('2216', '132', '崔小崔', '自主营销', '编辑短信内容：23234高跟鞋的发表回复你，服务id：81', 'MODIFY', '2018-07-06 10:27:47', '2018-07-06 10:27:46', '小程序b端服务');
INSERT INTO `system_user_oper_log` VALUES ('2217', '132', '崔小崔', '企业管理', '上传企业图片，企业id为:1 图片名:1530845071336.png', 'ADD', '2018-07-06 10:44:31', '2018-07-06 10:44:30', '小程序b端服务');
INSERT INTO `system_user_oper_log` VALUES ('2218', '132', '崔小崔', '企业管理', '上传企业图片，企业id为:1 图片名:1530846482213.png', 'ADD', '2018-07-06 11:08:02', '2018-07-06 11:08:01', '小程序b端服务');
INSERT INTO `system_user_oper_log` VALUES ('2219', '132', '崔小崔', '企业管理', '删除企业图片，企业id为:1', 'DELETE', '2018-07-06 11:08:08', '2018-07-06 11:08:06', '小程序b端服务');
INSERT INTO `system_user_oper_log` VALUES ('2220', '132', '崔小崔', '企业管理', '删除企业图片，企业id为:1', 'DELETE', '2018-07-06 11:08:10', '2018-07-06 11:08:09', '小程序b端服务');
INSERT INTO `system_user_oper_log` VALUES ('2221', '129', '蒋春明', '企业管理', '更新企业地址，企业id为:1 地址:地方的萨芬数字三十的萨芬撒旦撒撒旦发生啊发士大有', 'MODIFY', '2018-07-06 12:01:59', '2018-07-06 12:02:00', '小程序b端服务');
INSERT INTO `system_user_oper_log` VALUES ('2222', '132', '崔小崔', '产品管理', '编辑产品名称及撒地方，产品id：12', 'MODIFY', '2018-07-06 12:27:47', '2018-07-06 12:27:45', '小程序b端服务');
INSERT INTO `system_user_oper_log` VALUES ('2223', '132', '崔小崔', '产品管理', '编辑产品名称及撒地方，产品id：12', 'MODIFY', '2018-07-06 12:27:53', '2018-07-06 12:27:51', '小程序b端服务');
INSERT INTO `system_user_oper_log` VALUES ('2224', '129', '蒋春明', '企业管理', '更新企业地址，企业id为:1 地址:地方的萨芬数字三十的萨芬撒旦撒撒旦发生啊发士大有', 'MODIFY', '2018-07-06 12:50:13', '2018-07-06 12:50:14', '小程序b端服务');
INSERT INTO `system_user_oper_log` VALUES ('2225', '129', '蒋春明', '企业管理', '更新企业地址，企业id为:1 地址:地方的萨芬数字三十的萨芬撒旦撒撒旦发生啊发士大有', 'MODIFY', '2018-07-06 12:52:09', '2018-07-06 12:52:10', '小程序b端服务');
INSERT INTO `system_user_oper_log` VALUES ('2226', '129', '蒋春明', '企业管理', '更新企业地址，企业id为:1 地址:地方的萨芬数字三十的萨芬撒旦撒撒旦发生啊发士大有', 'MODIFY', '2018-07-06 12:53:48', '2018-07-06 12:53:49', '小程序b端服务');
INSERT INTO `system_user_oper_log` VALUES ('2227', '129', '蒋春明', '企业管理', '更新企业地址，企业id为:1 地址:地方的萨芬数字三十的萨芬撒旦撒撒旦发生啊发士大有', 'MODIFY', '2018-07-06 12:56:24', '2018-07-06 12:56:25', '小程序b端服务');
INSERT INTO `system_user_oper_log` VALUES ('2228', '129', '蒋春明', '企业管理', '更新企业地址，企业id为:1 地址:地方的萨芬数字三十的萨芬撒旦撒撒旦发生啊发士大有', 'MODIFY', '2018-07-06 13:01:04', '2018-07-06 13:01:05', '小程序b端服务');
INSERT INTO `system_user_oper_log` VALUES ('2229', '129', '蒋春明', '企业管理', '更新企业地址，企业id为:1 地址:地方的萨芬数字三十的萨芬撒旦撒撒旦发生啊发士大有', 'MODIFY', '2018-07-06 13:11:59', '2018-07-06 13:12:00', '小程序b端服务');
INSERT INTO `system_user_oper_log` VALUES ('2230', '129', '蒋春明', '企业管理', '更新企业地址，企业id为:1 地址:地方的萨芬数字三十的萨芬撒旦撒撒旦发生啊发士大有', 'MODIFY', '2018-07-06 13:19:40', '2018-07-06 13:19:41', '小程序b端服务');
INSERT INTO `system_user_oper_log` VALUES ('2231', '129', '蒋春明', '企业管理', '更新企业地址，企业id为:1 地址:地方的萨芬数字三十的萨芬撒旦撒撒旦发生啊发士大有', 'MODIFY', '2018-07-06 13:20:10', '2018-07-06 13:20:11', '小程序b端服务');
INSERT INTO `system_user_oper_log` VALUES ('2232', '129', '蒋春明', '企业管理', '更新企业地址，企业id为:1 地址:地方的萨芬数字三十的萨芬撒旦撒撒旦发生啊发士大有', 'MODIFY', '2018-07-06 13:21:37', '2018-07-06 13:21:38', '小程序b端服务');
INSERT INTO `system_user_oper_log` VALUES ('2233', '129', '蒋春明', '企业管理', '更新企业地址，企业id为:1 地址:地方的萨芬数字三十的萨芬撒旦撒撒旦发生啊发士大有', 'MODIFY', '2018-07-06 13:24:23', '2018-07-06 13:24:24', '小程序b端服务');
INSERT INTO `system_user_oper_log` VALUES ('2234', '129', '蒋春明', '企业管理', '更新企业地址，企业id为:1 地址:地方的萨芬数字三十的萨芬撒旦撒撒旦发生啊发士大有', 'MODIFY', '2018-07-06 13:24:34', '2018-07-06 13:24:35', '小程序b端服务');
INSERT INTO `system_user_oper_log` VALUES ('2235', '129', '蒋春明', '企业管理', '更新企业地址，企业id为:1 地址:地方的萨芬数字三十的萨芬撒旦撒撒旦发生啊发士大有', 'MODIFY', '2018-07-06 13:25:03', '2018-07-06 13:25:04', '小程序b端服务');
INSERT INTO `system_user_oper_log` VALUES ('2236', '129', '蒋春明', '企业管理', '更新企业地址，企业id为:1 地址:地方的萨芬数字三十的萨芬撒旦撒撒旦发生啊发士大有', 'MODIFY', '2018-07-06 13:27:22', '2018-07-06 13:27:23', '小程序b端服务');
INSERT INTO `system_user_oper_log` VALUES ('2237', '132', '崔小崔', '产品管理', '编辑产品名称及撒地方，产品id：12', 'MODIFY', '2018-07-06 13:28:37', '2018-07-06 13:28:35', '小程序b端服务');
INSERT INTO `system_user_oper_log` VALUES ('2238', '129', '蒋春明', '企业管理', '更新企业地址，企业id为:1 地址:地方的萨芬数字三十的萨芬撒旦撒撒旦发生啊发士大有', 'MODIFY', '2018-07-06 13:31:01', '2018-07-06 13:31:02', '小程序b端服务');
INSERT INTO `system_user_oper_log` VALUES ('2239', '129', '蒋春明', '企业管理', '更新企业地址，企业id为:1 地址:地方的萨芬数字三十的萨芬撒旦撒撒旦发生啊发士大有', 'MODIFY', '2018-07-06 13:32:07', '2018-07-06 13:32:08', '小程序b端服务');
INSERT INTO `system_user_oper_log` VALUES ('2240', '129', '蒋春明', '企业管理', '更新企业地址，企业id为:1 地址:地方的萨芬数字三十的萨芬撒旦撒撒旦发生啊发士大有', 'MODIFY', '2018-07-06 13:33:23', '2018-07-06 13:33:24', '小程序b端服务');
INSERT INTO `system_user_oper_log` VALUES ('2241', '129', '蒋春明', '企业管理', '更新企业地址，企业id为:1 地址:地方的萨芬数字三十的萨芬撒旦撒撒旦发生啊发士大有', 'MODIFY', '2018-07-06 13:37:50', '2018-07-06 13:37:51', '小程序b端服务');
INSERT INTO `system_user_oper_log` VALUES ('2242', '129', '蒋春明', '企业管理', '更新企业地址，企业id为:1 地址:地方的萨芬数字三十的萨芬撒旦撒撒旦发生啊发士大有', 'MODIFY', '2018-07-06 13:38:01', '2018-07-06 13:38:02', '小程序b端服务');
INSERT INTO `system_user_oper_log` VALUES ('2243', '129', '蒋春明', '企业管理', '更新企业地址，企业id为:1 地址:地方的萨芬数字三十的萨芬撒旦撒撒旦发生啊发士大有', 'MODIFY', '2018-07-06 13:39:53', '2018-07-06 13:39:54', '小程序b端服务');
INSERT INTO `system_user_oper_log` VALUES ('2244', '129', '蒋春明', '企业管理', '更新企业地址，企业id为:1 地址:地方的萨芬数字三十的萨芬撒旦撒撒旦发生啊发士大有', 'MODIFY', '2018-07-06 13:40:45', '2018-07-06 13:40:45', '小程序b端服务');
INSERT INTO `system_user_oper_log` VALUES ('2245', '132', '崔小崔', '产品管理', '编辑产品名称及撒地方111，产品id：12', 'MODIFY', '2018-07-06 13:46:36', '2018-07-06 13:46:34', '小程序b端服务');
INSERT INTO `system_user_oper_log` VALUES ('2246', '132', '崔小崔', '产品管理', '编辑产品名称及撒地方1111122，产品id：12', 'MODIFY', '2018-07-06 13:47:10', '2018-07-06 13:47:08', '小程序b端服务');
INSERT INTO `system_user_oper_log` VALUES ('2247', '129', '蒋春明', '企业管理', '更新企业地址，企业id为:1 地址:地方的萨芬数字三十的萨芬撒旦撒撒旦发生啊发士大有', 'MODIFY', '2018-07-06 13:47:56', '2018-07-06 13:47:57', '小程序b端服务');
INSERT INTO `system_user_oper_log` VALUES ('2248', '129', '蒋春明', '企业管理', '更新企业地址，企业id为:1 地址:地方的萨芬数字三十的萨芬撒旦撒撒旦发生啊发士大有', 'MODIFY', '2018-07-06 13:49:32', '2018-07-06 13:49:33', '小程序b端服务');
INSERT INTO `system_user_oper_log` VALUES ('2249', '129', '蒋春明', '企业管理', '更新企业地址，企业id为:1 地址:地方的萨芬数字三十的萨芬撒旦撒撒旦发生啊发士大有', 'MODIFY', '2018-07-06 13:50:03', '2018-07-06 13:50:04', '小程序b端服务');
INSERT INTO `system_user_oper_log` VALUES ('2250', '129', '蒋春明', '企业管理', '更新企业地址，企业id为:1 地址:地方的萨芬数字三十的萨芬撒旦撒撒旦发生啊发士大有', 'MODIFY', '2018-07-06 13:50:12', '2018-07-06 13:50:13', '小程序b端服务');
INSERT INTO `system_user_oper_log` VALUES ('2251', '129', '蒋春明', '企业管理', '更新企业地址，企业id为:1 地址:地方的萨芬数字三十的萨芬撒旦撒撒旦发生啊发士大有', 'MODIFY', '2018-07-06 13:52:05', '2018-07-06 13:52:06', '小程序b端服务');
INSERT INTO `system_user_oper_log` VALUES ('2252', '129', '蒋春明', '企业管理', '更新企业地址，企业id为:1 地址:地方的萨芬数字三十的萨芬撒旦撒撒旦发生啊发士大有', 'MODIFY', '2018-07-06 13:52:23', '2018-07-06 13:52:24', '小程序b端服务');
INSERT INTO `system_user_oper_log` VALUES ('2253', '129', '蒋春明', '企业管理', '更新企业地址，企业id为:1 地址:地方的萨芬数字三十的萨芬撒旦撒撒旦发生啊发士大有', 'MODIFY', '2018-07-06 13:53:40', '2018-07-06 13:53:41', '小程序b端服务');
INSERT INTO `system_user_oper_log` VALUES ('2254', '129', '蒋春明', '企业管理', '更新企业地址，企业id为:1 地址:地方的萨芬数字三十的萨芬撒旦撒撒旦发生啊发士大有', 'MODIFY', '2018-07-06 13:55:29', '2018-07-06 13:55:30', '小程序b端服务');
INSERT INTO `system_user_oper_log` VALUES ('2255', '129', '蒋春明', '企业管理', '更新企业地址，企业id为:1 地址:地方的萨芬数字三十的萨芬撒旦撒撒旦发生啊发士大有', 'MODIFY', '2018-07-06 13:56:05', '2018-07-06 13:56:06', '小程序b端服务');
INSERT INTO `system_user_oper_log` VALUES ('2256', '129', '蒋春明', '企业管理', '更新企业地址，企业id为:1 地址:地方的萨芬数字三十的萨芬撒旦撒撒旦发生啊发士大有', 'MODIFY', '2018-07-06 13:56:38', '2018-07-06 13:56:39', '小程序b端服务');
INSERT INTO `system_user_oper_log` VALUES ('2257', '129', '蒋春明', '企业管理', '更新企业地址，企业id为:1 地址:地方的萨芬数字三十的萨芬撒旦撒撒旦发生啊发士大有', 'MODIFY', '2018-07-06 13:57:35', '2018-07-06 13:57:36', '小程序b端服务');
INSERT INTO `system_user_oper_log` VALUES ('2258', '129', '蒋春明', '企业管理', '更新企业地址，企业id为:1 地址:地方的萨芬数字三十的萨芬撒旦撒撒旦发生啊发士大有', 'MODIFY', '2018-07-06 13:58:07', '2018-07-06 13:58:08', '小程序b端服务');
INSERT INTO `system_user_oper_log` VALUES ('2259', '129', '蒋春明', '企业管理', '更新企业地址，企业id为:1 地址:地方的萨芬数字三十的萨芬撒旦撒撒旦发生啊发士大有', 'MODIFY', '2018-07-06 13:58:15', '2018-07-06 13:58:16', '小程序b端服务');
INSERT INTO `system_user_oper_log` VALUES ('2260', '129', '蒋春明', '企业管理', '更新企业地址，企业id为:1 地址:地方的萨芬数字三十的萨芬撒旦撒撒旦发生啊发士大有', 'MODIFY', '2018-07-06 13:58:22', '2018-07-06 13:58:23', '小程序b端服务');
INSERT INTO `system_user_oper_log` VALUES ('2261', '129', '蒋春明', '企业管理', '更新企业地址，企业id为:1 地址:地方的萨芬数字三十的萨芬撒旦撒撒旦发生啊发士大有', 'MODIFY', '2018-07-06 13:59:07', '2018-07-06 13:59:08', '小程序b端服务');
INSERT INTO `system_user_oper_log` VALUES ('2262', '129', '蒋春明', '企业管理', '更新企业地址，企业id为:1 地址:地方的萨芬数字三十的萨芬撒旦撒撒旦发生啊发士大有', 'MODIFY', '2018-07-06 14:01:05', '2018-07-06 14:01:06', '小程序b端服务');
INSERT INTO `system_user_oper_log` VALUES ('2263', '129', '蒋春明', '企业管理', '更新企业地址，企业id为:1 地址:地方的萨芬数字三十的萨芬撒旦撒撒旦发生啊发士大有', 'MODIFY', '2018-07-06 14:03:41', '2018-07-06 14:03:42', '小程序b端服务');
INSERT INTO `system_user_oper_log` VALUES ('2264', '129', '蒋春明', '企业管理', '更新企业地址，企业id为:1 地址:地方的萨芬数字三十的萨撒旦发生啊发士大有', 'MODIFY', '2018-07-06 14:04:15', '2018-07-06 14:04:16', '小程序b端服务');
INSERT INTO `system_user_oper_log` VALUES ('2265', '129', '蒋春明', '企业管理', '更新企业地址，企业id为:1 地址:地方的萨芬数字三十的萨撒旦发生啊发士大有', 'MODIFY', '2018-07-06 14:06:28', '2018-07-06 14:06:29', '小程序b端服务');
INSERT INTO `system_user_oper_log` VALUES ('2266', '129', '蒋春明', '企业管理', '更新企业地址，企业id为:1 地址:地方的萨芬数字三十的萨撒旦发生啊发士大有', 'MODIFY', '2018-07-06 14:06:40', '2018-07-06 14:06:41', '小程序b端服务');
INSERT INTO `system_user_oper_log` VALUES ('2267', '129', '蒋春明', '企业管理', '更新企业地址，企业id为:1 地址:地方的萨芬数字三十的萨撒旦发生啊发士大有', 'MODIFY', '2018-07-06 14:06:44', '2018-07-06 14:06:45', '小程序b端服务');
INSERT INTO `system_user_oper_log` VALUES ('2268', '129', '蒋春明', '企业管理', '更新企业地址，企业id为:1 地址:地方的萨芬数字三十的萨撒旦发生啊发士大有', 'MODIFY', '2018-07-06 14:07:32', '2018-07-06 14:07:33', '小程序b端服务');
INSERT INTO `system_user_oper_log` VALUES ('2269', '129', '蒋春明', '企业管理', '更新企业地址，企业id为:1 地址:地方的萨芬数字三十的萨撒旦发生啊发士大有', 'MODIFY', '2018-07-06 14:09:48', '2018-07-06 14:09:49', '小程序b端服务');
INSERT INTO `system_user_oper_log` VALUES ('2270', '129', '蒋春明', '企业管理', '更新企业地址，企业id为:1 地址:地方的萨芬数字三十的萨撒旦发生啊发士大有', 'MODIFY', '2018-07-06 14:09:53', '2018-07-06 14:09:54', '小程序b端服务');
INSERT INTO `system_user_oper_log` VALUES ('2271', '129', '蒋春明', '企业管理', '更新企业地址，企业id为:1 地址:地方的萨芬数字三十的萨撒旦发生啊发士大有', 'MODIFY', '2018-07-06 14:10:26', '2018-07-06 14:10:27', '小程序b端服务');
INSERT INTO `system_user_oper_log` VALUES ('2272', '129', '蒋春明', '企业管理', '更新企业地址，企业id为:1 地址:地方的萨芬数字三十的萨撒旦发生啊发士大有', 'MODIFY', '2018-07-06 14:11:11', '2018-07-06 14:11:12', '小程序b端服务');
INSERT INTO `system_user_oper_log` VALUES ('2273', '129', '蒋春明', '企业管理', '更新企业地址，企业id为:1 地址:地方的萨芬数字三十的萨撒旦发生啊发士大有', 'MODIFY', '2018-07-06 14:11:20', '2018-07-06 14:11:21', '小程序b端服务');
INSERT INTO `system_user_oper_log` VALUES ('2274', '129', '蒋春明', '企业管理', '更新企业地址，企业id为:1 地址:地方的萨芬数字三十的萨撒旦发生啊发士大有', 'MODIFY', '2018-07-06 14:11:27', '2018-07-06 14:11:28', '小程序b端服务');
INSERT INTO `system_user_oper_log` VALUES ('2275', '129', '蒋春明', '企业管理', '更新企业地址，企业id为:1 地址:地方的萨芬数字三十的萨撒旦发生啊发士大有', 'MODIFY', '2018-07-06 14:11:31', '2018-07-06 14:11:32', '小程序b端服务');
INSERT INTO `system_user_oper_log` VALUES ('2276', '129', '蒋春明', '企业管理', '更新企业地址，企业id为:1 地址:地方的萨芬数字三十的萨撒旦发生啊发士大有', 'MODIFY', '2018-07-06 14:11:34', '2018-07-06 14:11:35', '小程序b端服务');
INSERT INTO `system_user_oper_log` VALUES ('2277', '129', '蒋春明', '企业管理', '更新企业地址，企业id为:1 地址:地方的萨芬数字三十的萨撒旦发生啊发士大有', 'MODIFY', '2018-07-06 14:15:44', '2018-07-06 14:15:45', '小程序b端服务');
INSERT INTO `system_user_oper_log` VALUES ('2278', '129', '蒋春明', '企业管理', '更新企业地址，企业id为:1 地址:地方的萨芬数字三十的萨撒旦发生啊发士大有', 'MODIFY', '2018-07-06 14:16:36', '2018-07-06 14:16:36', '小程序b端服务');
INSERT INTO `system_user_oper_log` VALUES ('2279', '129', '蒋春明', '企业管理', '更新企业地址，企业id为:1 地址:地方的萨芬数字三十的萨撒旦发生啊发士大有', 'MODIFY', '2018-07-06 14:20:08', '2018-07-06 14:20:09', '小程序b端服务');
INSERT INTO `system_user_oper_log` VALUES ('2280', '129', '蒋春明', '企业管理', '更新企业地址，企业id为:1 地址:地方的萨芬数字三十的萨撒旦发生啊发士大有', 'MODIFY', '2018-07-06 14:20:08', '2018-07-06 14:20:09', '小程序b端服务');
INSERT INTO `system_user_oper_log` VALUES ('2281', '129', '蒋春明', '企业管理', '更新企业地址，企业id为:1 地址:地方的萨芬数字三十的萨撒旦发生啊发士大有', 'MODIFY', '2018-07-06 14:20:34', '2018-07-06 14:20:35', '小程序b端服务');
INSERT INTO `system_user_oper_log` VALUES ('2282', '129', '蒋春明', '企业管理', '更新企业地址，企业id为:1 地址:地方的萨芬数字三十的萨撒旦发生啊发士大有', 'MODIFY', '2018-07-06 14:23:22', '2018-07-06 14:23:23', '小程序b端服务');
INSERT INTO `system_user_oper_log` VALUES ('2283', '129', '蒋春明', '企业管理', '更新企业地址，企业id为:1 地址:地方的萨芬数字三十的萨撒旦发生啊发士大有', 'MODIFY', '2018-07-06 14:23:32', '2018-07-06 14:23:33', '小程序b端服务');
INSERT INTO `system_user_oper_log` VALUES ('2284', '129', '蒋春明', '企业管理', '更新企业地址，企业id为:1 地址:有', 'MODIFY', '2018-07-06 14:24:51', '2018-07-06 14:24:52', '小程序b端服务');
INSERT INTO `system_user_oper_log` VALUES ('2285', '129', '蒋春明', '企业管理', '更新企业地址，企业id为:1 地址:有', 'MODIFY', '2018-07-06 14:27:41', '2018-07-06 14:27:42', '小程序b端服务');
INSERT INTO `system_user_oper_log` VALUES ('2286', '129', '蒋春明', '企业管理', '更新企业地址，企业id为:1 地址:有', 'MODIFY', '2018-07-06 14:30:38', '2018-07-06 14:30:39', '小程序b端服务');
INSERT INTO `system_user_oper_log` VALUES ('2287', '129', '蒋春明', '企业管理', '更新企业地址，企业id为:1 地址:有', 'MODIFY', '2018-07-06 14:33:40', '2018-07-06 14:33:41', '小程序b端服务');
INSERT INTO `system_user_oper_log` VALUES ('2288', '132', '崔小崔', '产品管理', '编辑产品名称及撒地方111112234544，产品id：12', 'MODIFY', '2018-07-06 14:35:29', '2018-07-06 14:35:27', '小程序b端服务');
INSERT INTO `system_user_oper_log` VALUES ('2289', '132', '崔小崔', '产品管理', '添加产品图片，图片名称：1530858941075.png，产品id：12', 'ADD', '2018-07-06 14:35:41', '2018-07-06 14:35:39', '小程序b端服务');
INSERT INTO `system_user_oper_log` VALUES ('2290', '132', '崔小崔', '产品管理', '编辑产品名称及撒地方111112234544122222，产品id：12', 'MODIFY', '2018-07-06 14:40:51', '2018-07-06 14:40:50', '小程序b端服务');
INSERT INTO `system_user_oper_log` VALUES ('2291', '132', '崔小崔', '产品管理', '编辑产品描述:撒地方333，产品id：12', 'MODIFY', '2018-07-06 14:41:05', '2018-07-06 14:41:04', '小程序b端服务');
INSERT INTO `system_user_oper_log` VALUES ('2292', '132', '崔小崔', '产品管理', '编辑产品折后价100，产品id：12', 'MODIFY', '2018-07-06 14:41:21', '2018-07-06 14:41:20', '小程序b端服务');
INSERT INTO `system_user_oper_log` VALUES ('2293', '132', '崔小崔', '产品管理', '编辑产品原价100，产品id：12', 'MODIFY', '2018-07-06 14:41:59', '2018-07-06 14:41:57', '小程序b端服务');
INSERT INTO `system_user_oper_log` VALUES ('2294', '132', '崔小崔', '产品管理', '编辑产品原价1,000,000，产品id：4', 'MODIFY', '2018-07-06 14:43:03', '2018-07-06 14:43:02', '小程序b端服务');
INSERT INTO `system_user_oper_log` VALUES ('2295', '129', '蒋春明', '企业管理', '更新企业地址，企业id为:1 地址:有', 'MODIFY', '2018-07-06 14:44:06', '2018-07-06 14:44:07', '小程序b端服务');
INSERT INTO `system_user_oper_log` VALUES ('2296', '129', '蒋春明', '企业管理', '更新企业地址，企业id为:1 地址:有', 'MODIFY', '2018-07-06 14:44:20', '2018-07-06 14:44:21', '小程序b端服务');
INSERT INTO `system_user_oper_log` VALUES ('2297', '132', '崔小崔', '产品管理', '编辑产品名称你说什么产品测试韩品测试产品测试产品测试产品测试产品测，产品id：4', 'MODIFY', '2018-07-06 14:44:35', '2018-07-06 14:44:33', '小程序b端服务');
INSERT INTO `system_user_oper_log` VALUES ('2298', '132', '崔小崔', '产品管理', '编辑产品描述:1111111111111测试换行测试换行测试换行测试换行测试换行测试换哈活动手册都是女生11，产品id：4', 'MODIFY', '2018-07-06 14:44:44', '2018-07-06 14:44:42', '小程序b端服务');
INSERT INTO `system_user_oper_log` VALUES ('2299', '132', '崔小崔', '产品管理', '编辑产品折后价100，产品id：4', 'MODIFY', '2018-07-06 14:44:56', '2018-07-06 14:44:54', '小程序b端服务');
INSERT INTO `system_user_oper_log` VALUES ('2300', '132', '崔小崔', '产品管理', '编辑产品原价200，产品id：4', 'MODIFY', '2018-07-06 14:45:03', '2018-07-06 14:45:01', '小程序b端服务');
INSERT INTO `system_user_oper_log` VALUES ('2301', '132', '崔小崔', '产品管理', '编辑产品原价300，产品id：4', 'MODIFY', '2018-07-06 14:45:57', '2018-07-06 14:45:55', '小程序b端服务');
INSERT INTO `system_user_oper_log` VALUES ('2302', '129', '蒋春明', '企业管理', '更新企业地址，企业id为:1 地址:有', 'MODIFY', '2018-07-06 14:49:31', '2018-07-06 14:49:32', '小程序b端服务');
INSERT INTO `system_user_oper_log` VALUES ('2303', '129', '蒋春明', '企业管理', '更新企业地址，企业id为:1 地址:有', 'MODIFY', '2018-07-06 14:51:09', '2018-07-06 14:51:10', '小程序b端服务');
INSERT INTO `system_user_oper_log` VALUES ('2304', '129', '蒋春明', '企业管理', '更新企业地址，企业id为:1 地址:有', 'MODIFY', '2018-07-06 14:56:25', '2018-07-06 14:56:26', '小程序b端服务');
INSERT INTO `system_user_oper_log` VALUES ('2305', '132', '崔小崔', '产品管理', '编辑产品折后价100,111，产品id：4', 'MODIFY', '2018-07-06 15:13:27', '2018-07-06 15:13:25', '小程序b端服务');
INSERT INTO `system_user_oper_log` VALUES ('2306', '132', '崔小崔', '产品管理', '编辑产品原价300,222，产品id：4', 'MODIFY', '2018-07-06 15:14:25', '2018-07-06 15:14:23', '小程序b端服务');
INSERT INTO `system_user_oper_log` VALUES ('2307', '132', '崔小崔', '产品管理', '编辑产品名称你说什么产品测试韩品测试产品测试产品测试产品测试，产品id：4', 'MODIFY', '2018-07-06 16:01:41', '2018-07-06 16:01:39', '小程序b端服务');
INSERT INTO `system_user_oper_log` VALUES ('2308', '132', '崔小崔', '产品管理', '编辑产品名称你说什么产品测试韩品测试产品测试产品测试产品测试uyyu，产品id：4', 'MODIFY', '2018-07-06 16:11:15', '2018-07-06 16:11:13', '小程序b端服务');
INSERT INTO `system_user_oper_log` VALUES ('2309', '133', '蒋春明', '企业管理', '更新企业地址，企业id为:2 地址:的', 'MODIFY', '2018-07-06 16:11:45', '2018-07-06 16:11:46', '小程序b端服务');
INSERT INTO `system_user_oper_log` VALUES ('2310', '133', '蒋春明', '企业管理', '更新企业地址，企业id为:2 地址:的', 'MODIFY', '2018-07-06 16:11:47', '2018-07-06 16:11:48', '小程序b端服务');
INSERT INTO `system_user_oper_log` VALUES ('2311', '133', '蒋春明', '企业管理', '更新企业地址，企业id为:2 地址:的', 'MODIFY', '2018-07-06 16:11:48', '2018-07-06 16:11:49', '小程序b端服务');
INSERT INTO `system_user_oper_log` VALUES ('2312', '133', '蒋春明', '企业管理', '更新企业地址，企业id为:2 地址:的', 'MODIFY', '2018-07-06 16:11:50', '2018-07-06 16:11:51', '小程序b端服务');
INSERT INTO `system_user_oper_log` VALUES ('2313', '133', '蒋春明', '企业管理', '更新企业地址，企业id为:2 地址:的', 'MODIFY', '2018-07-06 16:12:32', '2018-07-06 16:12:33', '小程序b端服务');
INSERT INTO `system_user_oper_log` VALUES ('2314', '133', '蒋春明', '企业管理', '更新企业地址，企业id为:2 地址:的', 'MODIFY', '2018-07-06 16:12:34', '2018-07-06 16:12:35', '小程序b端服务');
INSERT INTO `system_user_oper_log` VALUES ('2315', '133', '蒋春明', '企业管理', '更新企业地址，企业id为:2 地址:的', 'MODIFY', '2018-07-06 16:12:36', '2018-07-06 16:12:37', '小程序b端服务');
INSERT INTO `system_user_oper_log` VALUES ('2316', '133', '蒋春明', '企业管理', '更新企业地址，企业id为:2 地址:的', 'MODIFY', '2018-07-06 16:12:54', '2018-07-06 16:12:55', '小程序b端服务');
INSERT INTO `system_user_oper_log` VALUES ('2317', '133', '蒋春明', '企业管理', '更新企业地址，企业id为:2 地址:的', 'MODIFY', '2018-07-06 16:13:35', '2018-07-06 16:13:36', '小程序b端服务');
INSERT INTO `system_user_oper_log` VALUES ('2318', '133', '蒋春明', '企业管理', '更新企业地址，企业id为:2 地址:的', 'MODIFY', '2018-07-06 16:13:37', '2018-07-06 16:13:37', '小程序b端服务');
INSERT INTO `system_user_oper_log` VALUES ('2319', '133', '蒋春明', '企业管理', '更新企业地址，企业id为:2 地址:的', 'MODIFY', '2018-07-06 16:14:17', '2018-07-06 16:14:18', '小程序b端服务');
INSERT INTO `system_user_oper_log` VALUES ('2320', '133', '蒋春明', '企业管理', '更新企业地址，企业id为:2 地址:的', 'MODIFY', '2018-07-06 16:14:18', '2018-07-06 16:14:19', '小程序b端服务');
INSERT INTO `system_user_oper_log` VALUES ('2321', '133', '蒋春明', '企业管理', '更新企业地址，企业id为:2 地址:的', 'MODIFY', '2018-07-06 16:14:18', '2018-07-06 16:14:19', '小程序b端服务');
INSERT INTO `system_user_oper_log` VALUES ('2322', '133', '蒋春明', '企业管理', '更新企业地址，企业id为:2 地址:的', 'MODIFY', '2018-07-06 16:14:19', '2018-07-06 16:14:20', '小程序b端服务');
INSERT INTO `system_user_oper_log` VALUES ('2323', '133', '蒋春明', '企业管理', '更新企业地址，企业id为:2 地址:的', 'MODIFY', '2018-07-06 16:14:20', '2018-07-06 16:14:21', '小程序b端服务');
INSERT INTO `system_user_oper_log` VALUES ('2324', '133', '蒋春明', '企业管理', '更新企业地址，企业id为:2 地址:的', 'MODIFY', '2018-07-06 16:14:21', '2018-07-06 16:14:22', '小程序b端服务');
INSERT INTO `system_user_oper_log` VALUES ('2325', '133', '蒋春明', '企业管理', '更新企业地址，企业id为:2 地址:的', 'MODIFY', '2018-07-06 16:14:23', '2018-07-06 16:14:24', '小程序b端服务');
INSERT INTO `system_user_oper_log` VALUES ('2326', '133', '蒋春明', '企业管理', '更新企业地址，企业id为:2 地址:的', 'MODIFY', '2018-07-06 16:17:19', '2018-07-06 16:17:20', '小程序b端服务');
INSERT INTO `system_user_oper_log` VALUES ('2327', '133', '蒋春明', '企业管理', '更新企业地址，企业id为:2 地址:的', 'MODIFY', '2018-07-06 16:18:17', '2018-07-06 16:18:18', '小程序b端服务');
INSERT INTO `system_user_oper_log` VALUES ('2328', '133', '蒋春明', '企业管理', '更新企业地址，企业id为:2 地址:的', 'MODIFY', '2018-07-06 16:18:29', '2018-07-06 16:18:30', '小程序b端服务');
INSERT INTO `system_user_oper_log` VALUES ('2329', '132', '崔小崔', '产品管理', '编辑产品名称你说什么产品测试韩品测试产品测试产品测试产品测试uyyu，产品id：4', 'MODIFY', '2018-07-06 16:19:13', '2018-07-06 16:19:12', '小程序b端服务');
INSERT INTO `system_user_oper_log` VALUES ('2330', '132', '崔小崔', '产品管理', '编辑产品名称你说什么产品测试韩品测试产品测试产品测试产品测试uyyu，产品id：4', 'MODIFY', '2018-07-06 16:19:25', '2018-07-06 16:19:23', '小程序b端服务');
INSERT INTO `system_user_oper_log` VALUES ('2331', '133', '蒋春明', '企业管理', '更新企业地址，企业id为:2 地址:的', 'MODIFY', '2018-07-06 16:19:46', '2018-07-06 16:19:47', '小程序b端服务');
INSERT INTO `system_user_oper_log` VALUES ('2332', '133', '蒋春明', '企业管理', '更新企业地址，企业id为:2 地址:的', 'MODIFY', '2018-07-06 16:21:18', '2018-07-06 16:21:19', '小程序b端服务');
INSERT INTO `system_user_oper_log` VALUES ('2333', '133', '蒋春明', '企业管理', '更新企业地址，企业id为:2 地址:的', 'MODIFY', '2018-07-06 16:21:28', '2018-07-06 16:21:29', '小程序b端服务');
INSERT INTO `system_user_oper_log` VALUES ('2334', '132', '崔小崔', '产品管理', '编辑产品名称你说什么产品测试韩品测试产品测试产品测试产品测试uyyu1，产品id：4', 'MODIFY', '2018-07-06 16:22:16', '2018-07-06 16:22:15', '小程序b端服务');
INSERT INTO `system_user_oper_log` VALUES ('2335', '132', '崔小崔', '产品管理', '编辑产品名称你说什么产品测试韩品测试产品测试产品测试产品测试uyyu1，产品id：4', 'MODIFY', '2018-07-06 16:22:21', '2018-07-06 16:22:19', '小程序b端服务');
INSERT INTO `system_user_oper_log` VALUES ('2336', '133', '蒋春明', '企业管理', '更新企业地址，企业id为:2 地址:的', 'MODIFY', '2018-07-06 16:24:12', '2018-07-06 16:24:13', '小程序b端服务');
INSERT INTO `system_user_oper_log` VALUES ('2337', '133', '蒋春明', '企业管理', '更新企业地址，企业id为:2 地址:的', 'MODIFY', '2018-07-06 16:24:30', '2018-07-06 16:24:30', '小程序b端服务');
INSERT INTO `system_user_oper_log` VALUES ('2338', '133', '蒋春明', '企业管理', '更新企业地址，企业id为:2 地址:的', 'MODIFY', '2018-07-06 16:30:43', '2018-07-06 16:30:44', '小程序b端服务');
INSERT INTO `system_user_oper_log` VALUES ('2339', '133', '蒋春明', '企业管理', '更新企业地址，企业id为:2 地址:的', 'MODIFY', '2018-07-06 16:32:02', '2018-07-06 16:32:03', '小程序b端服务');
INSERT INTO `system_user_oper_log` VALUES ('2340', '133', '蒋春明', '企业管理', '更新企业地址，企业id为:2 地址:中国地区', 'MODIFY', '2018-07-06 16:33:49', '2018-07-06 16:33:50', '小程序b端服务');
INSERT INTO `system_user_oper_log` VALUES ('2341', '133', '蒋春明', '企业管理', '更新企业地址，企业id为:2 地址:汉庭酒店(四惠东地铁站店)', 'MODIFY', '2018-07-06 16:35:41', '2018-07-06 16:35:42', '小程序b端服务');
INSERT INTO `system_user_oper_log` VALUES ('2342', '133', '蒋春明', '企业管理', '更新企业地址，企业id为:2 地址:北京市朝阳区高碑店兴隆西街10号', 'MODIFY', '2018-07-06 16:40:05', '2018-07-06 16:40:06', '小程序b端服务');
INSERT INTO `system_user_oper_log` VALUES ('2343', '133', '蒋春明', '企业管理', '更新企业地址，企业id为:2 地址:北京市朝阳区高碑店兴隆西街10号', 'MODIFY', '2018-07-06 16:40:59', '2018-07-06 16:40:59', '小程序b端服务');
INSERT INTO `system_user_oper_log` VALUES ('2344', '133', '蒋春明', '企业管理', '更新企业地址，企业id为:2 地址:北京市朝阳区西店村1131号', 'MODIFY', '2018-07-06 16:41:08', '2018-07-06 16:41:09', '小程序b端服务');
INSERT INTO `system_user_oper_log` VALUES ('2345', '133', '蒋春明', '企业管理', '更新企业地址，企业id为:2 地址:北京市朝阳区惠河南街1131号君天大厦1层', 'MODIFY', '2018-07-06 16:41:18', '2018-07-06 16:41:19', '小程序b端服务');
INSERT INTO `system_user_oper_log` VALUES ('2346', '133', '蒋春明', '企业管理', '更新企业地址，企业id为:2 地址:北京市朝阳区惠河南街22号', 'MODIFY', '2018-07-06 16:43:32', '2018-07-06 16:43:33', '小程序b端服务');
INSERT INTO `system_user_oper_log` VALUES ('2347', '133', '蒋春明', '企业管理', '更新企业地址，企业id为:2 地址:北京市朝阳区朝阳门外大街乙12号昆泰嘉华酒店2层', 'MODIFY', '2018-07-06 16:43:47', '2018-07-06 16:43:48', '小程序b端服务');
INSERT INTO `system_user_oper_log` VALUES ('2348', '132', '崔小崔', '产品管理', '编辑产品名称测试产品21，产品id：2', 'MODIFY', '2018-07-06 16:47:20', '2018-07-06 16:47:18', '小程序b端服务');
INSERT INTO `system_user_oper_log` VALUES ('2349', '132', '崔小崔', '产品管理', '编辑产品名称测试产品21，产品id：2', 'MODIFY', '2018-07-06 16:47:23', '2018-07-06 16:47:21', '小程序b端服务');
INSERT INTO `system_user_oper_log` VALUES ('2350', '132', '崔小崔', '产品管理', '编辑产品描述:测试产品21，产品id：2', 'MODIFY', '2018-07-06 16:47:30', '2018-07-06 16:47:29', '小程序b端服务');
INSERT INTO `system_user_oper_log` VALUES ('2351', '132', '崔小崔', '产品管理', '编辑产品描述:测试产品21，产品id：2', 'MODIFY', '2018-07-06 16:47:35', '2018-07-06 16:47:33', '小程序b端服务');
INSERT INTO `system_user_oper_log` VALUES ('2352', '132', '崔小崔', '产品管理', '编辑产品描述:测试产品2112，产品id：2', 'MODIFY', '2018-07-06 16:47:54', '2018-07-06 16:47:52', '小程序b端服务');
INSERT INTO `system_user_oper_log` VALUES ('2353', '132', '崔小崔', '产品管理', '编辑产品名称测试产品211123，产品id：2', 'MODIFY', '2018-07-06 16:47:59', '2018-07-06 16:47:57', '小程序b端服务');
INSERT INTO `system_user_oper_log` VALUES ('2354', '132', '崔小崔', '产品管理', '编辑产品名称及撒地方11111223454，产品id：12', 'MODIFY', '2018-07-06 16:50:11', '2018-07-06 16:50:10', '小程序b端服务');
INSERT INTO `system_user_oper_log` VALUES ('2355', '132', '崔小崔', '企业管理', '更新企业描述，企业id为:1 描述:的1111', 'MODIFY', '2018-07-06 16:50:52', '2018-07-06 16:50:51', '小程序b端服务');
INSERT INTO `system_user_oper_log` VALUES ('2356', '133', '蒋春明', '企业管理', '更新企业地址，企业id为:2 地址:北京市朝阳区朝阳门外大街乙12号昆泰嘉华酒店2层', 'MODIFY', '2018-07-06 16:53:55', '2018-07-06 16:53:56', '小程序b端服务');
INSERT INTO `system_user_oper_log` VALUES ('2357', '133', '蒋春明', '企业管理', '更新企业地址，企业id为:2 地址:北京市朝阳区水南庄壹号(北区)1', 'MODIFY', '2018-07-06 16:54:18', '2018-07-06 16:54:19', '小程序b端服务');
INSERT INTO `system_user_oper_log` VALUES ('2358', '133', '蒋春明', '企业管理', '更新企业地址，企业id为:2 地址:北京市朝阳区四惠国投尚科大厦(惠河南街南)', 'MODIFY', '2018-07-06 16:54:31', '2018-07-06 16:54:32', '小程序b端服务');
INSERT INTO `system_user_oper_log` VALUES ('2359', '132', '崔小崔', '产品管理', '编辑产品名称及撒地方11111223454，产品id：12', 'MODIFY', '2018-07-06 16:55:52', '2018-07-06 16:55:50', '小程序b端服务');
INSERT INTO `system_user_oper_log` VALUES ('2360', '132', '崔小崔', '产品管理', '编辑产品名称及撒地方11111223454123，产品id：12', 'MODIFY', '2018-07-06 16:55:59', '2018-07-06 16:55:57', '小程序b端服务');
INSERT INTO `system_user_oper_log` VALUES ('2361', '132', '崔小崔', '产品管理', '编辑产品描述:撒地方333456，产品id：12', 'MODIFY', '2018-07-06 16:56:08', '2018-07-06 16:56:06', '小程序b端服务');
INSERT INTO `system_user_oper_log` VALUES ('2362', '132', '崔小崔', '产品管理', '编辑产品折后价100，产品id：12', 'MODIFY', '2018-07-06 16:56:15', '2018-07-06 16:56:13', '小程序b端服务');
INSERT INTO `system_user_oper_log` VALUES ('2363', '133', '蒋春明', '企业管理', '更新企业地址，企业id为:2 地址:北京市朝阳区四惠国投尚科大厦(惠河南街南)', 'MODIFY', '2018-07-06 16:56:26', '2018-07-06 16:56:27', '小程序b端服务');
INSERT INTO `system_user_oper_log` VALUES ('2364', '132', '崔小崔', '产品管理', '编辑产品名称测试产品21112312，产品id：2', 'MODIFY', '2018-07-06 16:58:22', '2018-07-06 16:58:20', '小程序b端服务');
INSERT INTO `system_user_oper_log` VALUES ('2365', '132', '崔小崔', '产品管理', '编辑产品描述:测试产品2112，产品id：2', 'MODIFY', '2018-07-06 16:58:26', '2018-07-06 16:58:25', '小程序b端服务');
INSERT INTO `system_user_oper_log` VALUES ('2366', '132', '崔小崔', '企业管理', '更新企业地址，企业id为:1 地址:北京市朝阳区四惠国投尚科大厦(惠河南街南)', 'MODIFY', '2018-07-06 17:10:14', '2018-07-06 17:10:15', '小程序b端服务');
INSERT INTO `system_user_oper_log` VALUES ('2367', '132', '崔小崔', '企业管理', '更新企业描述，企业id为:1 描述:的1111', 'MODIFY', '2018-07-06 17:14:02', '2018-07-06 17:14:01', '小程序b端服务');
INSERT INTO `system_user_oper_log` VALUES ('2368', '132', '崔小崔', '企业管理', '更新企业描述，企业id为:1 描述:的1111', 'MODIFY', '2018-07-06 17:14:13', '2018-07-06 17:14:12', '小程序b端服务');
INSERT INTO `system_user_oper_log` VALUES ('2369', '132', '崔小崔', '企业管理', '更新企业描述，企业id为:1 描述:的1111', 'MODIFY', '2018-07-06 17:14:23', '2018-07-06 17:14:21', '小程序b端服务');
INSERT INTO `system_user_oper_log` VALUES ('2370', '132', '崔小崔', '企业管理', '更新企业描述，企业id为:1 描述:的1111111111', 'MODIFY', '2018-07-06 17:14:30', '2018-07-06 17:14:28', '小程序b端服务');
INSERT INTO `system_user_oper_log` VALUES ('2371', '132', '崔小崔', '企业管理', '更新企业电话，企业id为:1 电话:400-222-2221', 'MODIFY', '2018-07-06 17:16:24', '2018-07-06 17:16:23', '小程序b端服务');
INSERT INTO `system_user_oper_log` VALUES ('2372', '132', '崔小崔', '企业管理', '更新企业地址，企业id为:1 地址:北京市朝阳区四惠国投尚科大厦(惠河南街南)', 'MODIFY', '2018-07-06 17:16:40', '2018-07-06 17:16:38', '小程序b端服务');
INSERT INTO `system_user_oper_log` VALUES ('2373', '132', '崔小崔', '企业管理', '更新企业地址，企业id为:1 地址:北京市朝阳区西店村1131号', 'MODIFY', '2018-07-06 17:21:20', '2018-07-06 17:21:18', '小程序b端服务');
INSERT INTO `system_user_oper_log` VALUES ('2374', '132', '崔小崔', '企业管理', '更新企业描述，企业id为:1 描述:的1111111111', 'MODIFY', '2018-07-06 17:30:30', '2018-07-06 17:30:28', '小程序b端服务');
INSERT INTO `system_user_oper_log` VALUES ('2375', '133', '蒋春明', '企业管理', '更新企业地址，企业id为:2 地址:北京市朝阳区四惠国投尚科大厦(惠河南街南)', 'MODIFY', '2018-07-06 17:31:54', '2018-07-06 17:31:52', '小程序b端服务');
INSERT INTO `system_user_oper_log` VALUES ('2376', '132', '崔小崔', '企业管理', '更新企业电话，企业id为:1 电话:400-222-2221', 'MODIFY', '2018-07-06 17:33:14', '2018-07-06 17:33:12', '小程序b端服务');
INSERT INTO `system_user_oper_log` VALUES ('2377', '132', '崔小崔', '企业管理', '更新企业描述，企业id为:1 描述:的1111111111', 'MODIFY', '2018-07-06 17:36:46', '2018-07-06 17:36:45', '小程序b端服务');
INSERT INTO `system_user_oper_log` VALUES ('2378', '133', '蒋春明', '产品管理', '添加产品，产品名称：都是 ', 'ADD', '2018-07-06 19:03:36', '2018-07-06 19:03:34', '小程序b端服务');
INSERT INTO `system_user_oper_log` VALUES ('2379', '132', '崔小崔', '企业管理', '上传企业图片，企业id为:1 图片名:1530876207851.png', 'ADD', '2018-07-06 19:23:28', '2018-07-06 19:23:26', '小程序b端服务');
INSERT INTO `system_user_oper_log` VALUES ('2380', '132', '崔小崔', '企业管理', '上传企业图片，企业id为:1 图片名:1530876293071.png', 'ADD', '2018-07-06 19:24:53', '2018-07-06 19:24:51', '小程序b端服务');
INSERT INTO `system_user_oper_log` VALUES ('2381', '132', '崔小崔', '企业管理', '删除企业图片，企业id为:1', 'DELETE', '2018-07-06 19:34:43', '2018-07-06 19:34:41', '小程序b端服务');
INSERT INTO `system_user_oper_log` VALUES ('2382', '132', '崔小崔', '企业管理', '删除企业图片，企业id为:1', 'DELETE', '2018-07-06 19:34:46', '2018-07-06 19:34:45', '小程序b端服务');
INSERT INTO `system_user_oper_log` VALUES ('2383', '132', '崔小崔', '企业管理', '删除企业图片，企业id为:1', 'DELETE', '2018-07-06 19:42:04', '2018-07-06 19:42:02', '小程序b端服务');
INSERT INTO `system_user_oper_log` VALUES ('2384', '132', '崔小崔', '企业管理', '删除企业图片，企业id为:1', 'DELETE', '2018-07-06 19:42:10', '2018-07-06 19:42:08', '小程序b端服务');
INSERT INTO `system_user_oper_log` VALUES ('2385', '132', '崔小崔', '产品管理', '删除产品图片，图片名称：1530858941075.png，产品id：12', 'DELETE', '2018-07-06 19:42:54', '2018-07-06 19:42:52', '小程序b端服务');
INSERT INTO `system_user_oper_log` VALUES ('2386', '132', '崔小崔', '产品管理', '添加产品图片，图片名称：1530877448095.png，产品id：12', 'ADD', '2018-07-06 19:44:08', '2018-07-06 19:44:06', '小程序b端服务');
INSERT INTO `system_user_oper_log` VALUES ('2387', '132', '崔小崔', '产品管理', '删除产品图片，图片名称：1530877448095.png，产品id：12', 'DELETE', '2018-07-06 19:44:16', '2018-07-06 19:44:14', '小程序b端服务');
INSERT INTO `system_user_oper_log` VALUES ('2388', '132', '崔小崔', '产品管理', '添加产品图片，图片名称：1530877461563.png，产品id：12', 'ADD', '2018-07-06 19:44:22', '2018-07-06 19:44:20', '小程序b端服务');
INSERT INTO `system_user_oper_log` VALUES ('2389', '132', '崔小崔', '产品管理', '添加产品图片，图片名称：1530877469019.png，产品id：12', 'ADD', '2018-07-06 19:44:29', '2018-07-06 19:44:27', '小程序b端服务');
INSERT INTO `system_user_oper_log` VALUES ('2390', '132', '崔小崔', '产品管理', '删除产品图片，图片名称：1530877461563.png，产品id：12', 'DELETE', '2018-07-06 19:44:34', '2018-07-06 19:44:32', '小程序b端服务');
INSERT INTO `system_user_oper_log` VALUES ('2391', '132', '崔小崔', '企业管理', '上传企业图片，企业id为:1 图片名:1530877562094.png', 'ADD', '2018-07-06 19:46:02', '2018-07-06 19:46:00', '小程序b端服务');
INSERT INTO `system_user_oper_log` VALUES ('2392', '132', '崔小崔', '企业管理', '删除企业图片，企业id为:1', 'DELETE', '2018-07-06 19:46:06', '2018-07-06 19:46:05', '小程序b端服务');
INSERT INTO `system_user_oper_log` VALUES ('2393', '132', '崔小崔', '企业管理', '上传企业图片，企业id为:1 图片名:1530877577062.png', 'ADD', '2018-07-06 19:46:17', '2018-07-06 19:46:15', '小程序b端服务');
INSERT INTO `system_user_oper_log` VALUES ('2394', '132', '崔小崔', '企业管理', '删除企业图片，企业id为:1', 'DELETE', '2018-07-06 19:46:22', '2018-07-06 19:46:20', '小程序b端服务');
INSERT INTO `system_user_oper_log` VALUES ('2395', '132', '崔小崔', '企业管理', '上传企业图片，企业id为:1 图片名:1530877593270.png', 'ADD', '2018-07-06 19:46:33', '2018-07-06 19:46:31', '小程序b端服务');
INSERT INTO `system_user_oper_log` VALUES ('2396', '132', '崔小崔', '企业管理', '删除企业图片，企业id为:1', 'DELETE', '2018-07-06 19:46:39', '2018-07-06 19:46:37', '小程序b端服务');
INSERT INTO `system_user_oper_log` VALUES ('2397', '133', '蒋春明', '企业管理', '更新企业地址，企业id为:30 地址:中国地区', 'MODIFY', '2018-07-06 19:49:43', '2018-07-06 19:49:41', '小程序b端服务');
INSERT INTO `system_user_oper_log` VALUES ('2398', '133', '蒋春明', '企业管理', '更新企业地址，企业id为:30 地址:中国地区', 'MODIFY', '2018-07-06 19:50:05', '2018-07-06 19:50:03', '小程序b端服务');
INSERT INTO `system_user_oper_log` VALUES ('2399', '133', '蒋春明', '企业管理', '更新企业地址，企业id为:30 地址:北京市朝阳区朝阳门外大街141号', 'MODIFY', '2018-07-06 19:51:16', '2018-07-06 19:51:14', '小程序b端服务');
INSERT INTO `system_user_oper_log` VALUES ('2400', '133', '蒋春明', '企业管理', '更新企业地址，企业id为:30 地址:北京市朝阳区日坛北街33号', 'MODIFY', '2018-07-06 19:52:00', '2018-07-06 19:51:58', '小程序b端服务');
INSERT INTO `system_user_oper_log` VALUES ('2401', '133', '蒋春明', '企业管理', '更新企业地址，企业id为:30 地址:北京市朝阳区工人体育场南路甲1号', 'MODIFY', '2018-07-06 19:52:59', '2018-07-06 19:52:57', '小程序b端服务');
INSERT INTO `system_user_oper_log` VALUES ('2402', '133', '蒋春明', '企业管理', '更新企业地址，企业id为:30 地址:北京市北京市', 'MODIFY', '2018-07-06 19:53:23', '2018-07-06 19:53:21', '小程序b端服务');
INSERT INTO `system_user_oper_log` VALUES ('2403', '133', '蒋春明', '企业管理', '更新企业地址，企业id为:30 地址:北京市朝阳区工人体育场南门', 'MODIFY', '2018-07-06 19:54:48', '2018-07-06 19:54:47', '小程序b端服务');
INSERT INTO `system_user_oper_log` VALUES ('2404', '133', '蒋春明', '企业管理', '更新企业地址，企业id为:30 地址:北京市北京市', 'MODIFY', '2018-07-06 19:56:17', '2018-07-06 19:56:15', '小程序b端服务');
INSERT INTO `system_user_oper_log` VALUES ('2405', '133', '蒋春明', '企业管理', '更新企业地址，企业id为:30 地址:中国地区', 'MODIFY', '2018-07-06 19:56:57', '2018-07-06 19:56:55', '小程序b端服务');
INSERT INTO `system_user_oper_log` VALUES ('2406', '133', '蒋春明', '企业管理', '更新企业地址，企业id为:30 地址:北京市朝阳区日坛北街33号', 'MODIFY', '2018-07-06 19:57:42', '2018-07-06 19:57:40', '小程序b端服务');
INSERT INTO `system_user_oper_log` VALUES ('2407', '133', '蒋春明', '企业管理', '更新企业地址，企业id为:30 地址:北京市朝阳区朝阳门外大街乙12号昆泰嘉华酒店2层', 'MODIFY', '2018-07-06 20:01:15', '2018-07-06 20:01:14', '小程序b端服务');
INSERT INTO `system_user_oper_log` VALUES ('2408', '133', '蒋春明', '企业管理', '更新企业地址，企业id为:30 地址:中国地区', 'MODIFY', '2018-07-06 20:08:20', '2018-07-06 20:08:19', '小程序b端服务');
INSERT INTO `system_user_oper_log` VALUES ('2409', '133', '蒋春明', '企业管理', '更新企业地址，企业id为:30 地址:北京市朝阳区日坛北路17号日坛国际贸易中心B座', 'MODIFY', '2018-07-06 20:08:41', '2018-07-06 20:08:39', '小程序b端服务');
INSERT INTO `system_user_oper_log` VALUES ('2410', '133', '蒋春明', '企业管理', '更新企业地址，企业id为:30 地址:北京市朝阳区朝阳门外大街乙12号昆泰嘉华酒店2层', 'MODIFY', '2018-07-06 20:11:01', '2018-07-06 20:10:59', '小程序b端服务');
INSERT INTO `system_user_oper_log` VALUES ('2411', '133', '蒋春明', '企业管理', '更新企业地址，企业id为:30 地址:北京市朝阳区日坛北路17号日坛国际贸易中心B座', 'MODIFY', '2018-07-06 20:13:06', '2018-07-06 20:13:04', '小程序b端服务');
INSERT INTO `system_user_oper_log` VALUES ('2412', '133', '蒋春明', '企业管理', '更新企业地址，企业id为:30 地址:北京市北京市', 'MODIFY', '2018-07-06 20:13:56', '2018-07-06 20:13:54', '小程序b端服务');
INSERT INTO `system_user_oper_log` VALUES ('2413', '133', '蒋春明', '企业管理', '更新企业地址，企业id为:30 地址:北京市朝阳区日坛北街33号', 'MODIFY', '2018-07-06 20:25:13', '2018-07-06 20:25:11', '小程序b端服务');
INSERT INTO `system_user_oper_log` VALUES ('2414', '133', '蒋春明', '企业管理', '更新企业地址，企业id为:30 地址:北京市北京市', 'MODIFY', '2018-07-06 20:27:53', '2018-07-06 20:27:51', '小程序b端服务');
INSERT INTO `system_user_oper_log` VALUES ('2415', '133', '蒋春明', '企业管理', '更新企业地址，企业id为:30 地址:北京市朝阳区朝阳门外大街乙12号昆泰嘉华酒店2层', 'MODIFY', '2018-07-06 20:45:05', '2018-07-06 20:45:06', '小程序b端服务');
INSERT INTO `system_user_oper_log` VALUES ('2416', '133', '蒋春明', '企业管理', '更新企业地址，企业id为:30 地址:北京市朝阳区日坛北街33号', 'MODIFY', '2018-07-06 20:45:17', '2018-07-06 20:45:18', '小程序b端服务');
INSERT INTO `system_user_oper_log` VALUES ('2417', '133', '蒋春明', '企业管理', '更新企业地址，企业id为:30 地址:北京市朝阳区朝阳门外大街乙12号昆泰嘉华酒店2层', 'MODIFY', '2018-07-06 20:45:56', '2018-07-06 20:45:57', '小程序b端服务');
INSERT INTO `system_user_oper_log` VALUES ('2418', '133', '蒋春明', '企业管理', '更新企业地址，企业id为:30 地址:北京市朝阳区日坛北街33号', 'MODIFY', '2018-07-06 20:49:24', '2018-07-06 20:49:25', '小程序b端服务');
INSERT INTO `system_user_oper_log` VALUES ('2419', '133', '蒋春明', '企业管理', '更新企业地址，企业id为:30 地址:北京市朝阳区日坛北路17号日坛国际贸易中心B座', 'MODIFY', '2018-07-06 20:49:54', '2018-07-06 20:49:54', '小程序b端服务');
INSERT INTO `system_user_oper_log` VALUES ('2420', '133', '蒋春明', '企业管理', '更新企业地址，企业id为:30 地址:北京市朝阳区朝阳门外大街神路街39号', 'MODIFY', '2018-07-06 20:50:37', '2018-07-06 20:50:37', '小程序b端服务');
INSERT INTO `system_user_oper_log` VALUES ('2421', '133', '蒋春明', '企业管理', '更新企业地址，企业id为:30 地址:北京市朝阳区日坛北路17号日坛国际贸易中心B座', 'MODIFY', '2018-07-06 20:52:59', '2018-07-06 20:53:00', '小程序b端服务');
INSERT INTO `system_user_oper_log` VALUES ('2422', '133', '蒋春明', '企业管理', '更新企业地址，企业id为:30 地址:北京市北京市', 'MODIFY', '2018-07-06 20:53:19', '2018-07-06 20:53:20', '小程序b端服务');
INSERT INTO `system_user_oper_log` VALUES ('2423', '133', '蒋春明', '企业管理', '更新企业地址，企业id为:30 地址:北京市北京市', 'MODIFY', '2018-07-06 20:53:41', '2018-07-06 20:53:42', '小程序b端服务');
INSERT INTO `system_user_oper_log` VALUES ('2424', '133', '蒋春明', '企业管理', '更新企业地址，企业id为:30 地址:北京市朝阳区日坛北街33号', 'MODIFY', '2018-07-06 20:53:49', '2018-07-06 20:53:50', '小程序b端服务');
INSERT INTO `system_user_oper_log` VALUES ('2425', '133', '蒋春明', '企业管理', '更新企业地址，企业id为:30 地址:北京市朝阳区日坛北路17号日坛国际贸易中心B座', 'MODIFY', '2018-07-06 20:54:26', '2018-07-06 20:54:26', '小程序b端服务');
INSERT INTO `system_user_oper_log` VALUES ('2426', '133', '蒋春明', '企业管理', '更新企业地址，企业id为:30 地址:北京市朝阳区朝阳门外大街116号', 'MODIFY', '2018-07-06 20:55:19', '2018-07-06 20:55:20', '小程序b端服务');
INSERT INTO `system_user_oper_log` VALUES ('2427', '133', '蒋春明', '企业管理', '更新企业地址，企业id为:30 地址:北京市朝阳区日坛北街33号', 'MODIFY', '2018-07-06 20:56:42', '2018-07-06 20:56:43', '小程序b端服务');
INSERT INTO `system_user_oper_log` VALUES ('2428', '133', '蒋春明', '企业管理', '更新企业地址，企业id为:30 地址:北京市海淀区羊坊店路9-1号', 'MODIFY', '2018-07-06 20:58:25', '2018-07-06 20:58:26', '小程序b端服务');
INSERT INTO `system_user_oper_log` VALUES ('2429', '133', '蒋春明', '企业管理', '更新企业地址，企业id为:30 地址:中国地区', 'MODIFY', '2018-07-06 20:58:49', '2018-07-06 20:58:50', '小程序b端服务');
INSERT INTO `system_user_oper_log` VALUES ('2430', '133', '蒋春明', '企业管理', '更新企业地址，企业id为:30 地址:北京市东城区南竹杆胡同2号', 'MODIFY', '2018-07-06 20:58:58', '2018-07-06 20:58:59', '小程序b端服务');
INSERT INTO `system_user_oper_log` VALUES ('2431', '133', '蒋春明', '企业管理', '更新企业地址，企业id为:30 地址:北京市朝阳区日坛北街33号', 'MODIFY', '2018-07-06 21:00:30', '2018-07-06 21:00:31', '小程序b端服务');
INSERT INTO `system_user_oper_log` VALUES ('2432', '133', '蒋春明', '企业管理', '更新企业地址，企业id为:30 地址:北京市朝阳区日坛北路17号日坛国际贸易中心B座', 'MODIFY', '2018-07-06 21:02:26', '2018-07-06 21:02:26', '小程序b端服务');
INSERT INTO `system_user_oper_log` VALUES ('2433', '133', '蒋春明', '企业管理', '更新企业地址，企业id为:30 地址:北京市北京市', 'MODIFY', '2018-07-06 21:03:29', '2018-07-06 21:03:29', '小程序b端服务');
INSERT INTO `system_user_oper_log` VALUES ('2434', '133', '蒋春明', '企业管理', '更新企业地址，企业id为:30 地址:北京市朝阳区东大桥路9号尚都SOHO对面', 'MODIFY', '2018-07-06 21:04:33', '2018-07-06 21:04:34', '小程序b端服务');
INSERT INTO `system_user_oper_log` VALUES ('2435', '133', '蒋春明', '产品管理', '编辑产品描述:稍等形成的v想当初政策性保险出兵朝鲜，产品id：42', 'MODIFY', '2018-07-06 21:07:18', '2018-07-06 21:07:19', '小程序b端服务');
INSERT INTO `system_user_oper_log` VALUES ('2436', '133', '蒋春明', '产品管理', '编辑产品折后价1,000,000，产品id：42', 'MODIFY', '2018-07-06 21:07:35', '2018-07-06 21:07:35', '小程序b端服务');
INSERT INTO `system_user_oper_log` VALUES ('2437', '132', '崔小崔', '企业管理', '上传企业图片，企业id为:1 图片名:1530882794910.png', 'ADD', '2018-07-06 21:13:15', '2018-07-06 21:13:13', '小程序b端服务');
INSERT INTO `system_user_oper_log` VALUES ('2438', '132', '崔小崔', '企业管理', '上传企业图片，企业id为:1 图片名:1530882802279.png', 'ADD', '2018-07-06 21:13:22', '2018-07-06 21:13:20', '小程序b端服务');
INSERT INTO `system_user_oper_log` VALUES ('2439', '132', '崔小崔', '企业管理', '上传企业图片，企业id为:1 图片名:1530882807754.png', 'ADD', '2018-07-06 21:13:28', '2018-07-06 21:13:26', '小程序b端服务');
INSERT INTO `system_user_oper_log` VALUES ('2440', '132', '崔小崔', '企业管理', '删除企业图片，企业id为:1', 'DELETE', '2018-07-06 21:13:35', '2018-07-06 21:13:33', '小程序b端服务');
INSERT INTO `system_user_oper_log` VALUES ('2441', '132', '崔小崔', '企业管理', '删除企业图片，企业id为:1', 'DELETE', '2018-07-06 21:15:38', '2018-07-06 21:15:36', '小程序b端服务');
INSERT INTO `system_user_oper_log` VALUES ('2442', '132', '崔小崔', '企业管理', '上传企业图片，企业id为:1 图片名:1530882944420.png', 'ADD', '2018-07-06 21:15:44', '2018-07-06 21:15:43', '小程序b端服务');
INSERT INTO `system_user_oper_log` VALUES ('2443', '132', '崔小崔', '企业管理', '删除企业图片，企业id为:1', 'DELETE', '2018-07-06 21:15:49', '2018-07-06 21:15:47', '小程序b端服务');
INSERT INTO `system_user_oper_log` VALUES ('2444', '132', '崔小崔', '企业管理', '上传企业图片，企业id为:1 图片名:1530883061938.png', 'ADD', '2018-07-06 21:17:42', '2018-07-06 21:17:40', '小程序b端服务');
INSERT INTO `system_user_oper_log` VALUES ('2445', '132', '崔小崔', '企业管理', '上传企业图片，企业id为:1 图片名:1530883067759.png', 'ADD', '2018-07-06 21:17:48', '2018-07-06 21:17:46', '小程序b端服务');
INSERT INTO `system_user_oper_log` VALUES ('2446', '132', '崔小崔', '企业管理', '删除企业图片，企业id为:1', 'DELETE', '2018-07-06 21:17:51', '2018-07-06 21:17:49', '小程序b端服务');
INSERT INTO `system_user_oper_log` VALUES ('2447', '132', '崔小崔', '企业管理', '删除企业图片，企业id为:1', 'DELETE', '2018-07-06 21:17:54', '2018-07-06 21:17:52', '小程序b端服务');
INSERT INTO `system_user_oper_log` VALUES ('2448', '132', '崔小崔', '企业管理', '删除企业图片，企业id为:1', 'DELETE', '2018-07-06 21:17:56', '2018-07-06 21:17:54', '小程序b端服务');
INSERT INTO `system_user_oper_log` VALUES ('2449', '132', '崔小崔', '企业管理', '上传企业图片，企业id为:1 图片名:1530883081840.png', 'ADD', '2018-07-06 21:18:02', '2018-07-06 21:18:00', '小程序b端服务');
INSERT INTO `system_user_oper_log` VALUES ('2450', '132', '崔小崔', '企业管理', '上传企业图片，企业id为:1 图片名:1530883087340.png', 'ADD', '2018-07-06 21:18:07', '2018-07-06 21:18:05', '小程序b端服务');
INSERT INTO `system_user_oper_log` VALUES ('2451', '132', '崔小崔', '企业管理', '上传企业图片，企业id为:1 图片名:1530883095115.png', 'ADD', '2018-07-06 21:18:15', '2018-07-06 21:18:13', '小程序b端服务');
INSERT INTO `system_user_oper_log` VALUES ('2452', '132', '崔小崔', '企业管理', '删除企业图片，企业id为:1', 'DELETE', '2018-07-06 21:18:31', '2018-07-06 21:18:29', '小程序b端服务');
INSERT INTO `system_user_oper_log` VALUES ('2453', '132', '崔小崔', '企业管理', '上传企业图片，企业id为:1 图片名:1530883166808.png', 'ADD', '2018-07-06 21:19:27', '2018-07-06 21:19:25', '小程序b端服务');
INSERT INTO `system_user_oper_log` VALUES ('2454', '132', '崔小崔', '企业管理', '删除企业图片，企业id为:1', 'DELETE', '2018-07-06 21:19:32', '2018-07-06 21:19:30', '小程序b端服务');
INSERT INTO `system_user_oper_log` VALUES ('2455', '132', '崔小崔', '企业管理', '删除企业图片，企业id为:1', 'DELETE', '2018-07-06 21:20:45', '2018-07-06 21:20:43', '小程序b端服务');
INSERT INTO `system_user_oper_log` VALUES ('2456', '132', '崔小崔', '企业管理', '上传企业图片，企业id为:1 图片名:1530883266130.png', 'ADD', '2018-07-06 21:21:06', '2018-07-06 21:21:04', '小程序b端服务');
INSERT INTO `system_user_oper_log` VALUES ('2457', '132', '崔小崔', '企业管理', '删除企业图片，企业id为:1', 'DELETE', '2018-07-06 21:21:12', '2018-07-06 21:21:10', '小程序b端服务');
INSERT INTO `system_user_oper_log` VALUES ('2458', '133', '蒋春明', '企业管理', '更新企业电话，企业id为:30 电话:40000000', 'MODIFY', '2018-07-06 21:23:00', '2018-07-06 21:23:00', '小程序b端服务');
INSERT INTO `system_user_oper_log` VALUES ('2459', '133', '蒋春明', '企业管理', '更新企业电话，企业id为:30 电话:400-430-4300', 'MODIFY', '2018-07-06 21:23:25', '2018-07-06 21:23:26', '小程序b端服务');
INSERT INTO `system_user_oper_log` VALUES ('2460', '132', '崔小崔', '产品管理', '添加产品图片，图片名称：1530883409073.png，产品id：2', 'ADD', '2018-07-06 21:23:29', '2018-07-06 21:23:27', '小程序b端服务');
INSERT INTO `system_user_oper_log` VALUES ('2461', '132', '崔小崔', '产品管理', '添加产品图片，图片名称：1530883414023.png，产品id：2', 'ADD', '2018-07-06 21:23:34', '2018-07-06 21:23:32', '小程序b端服务');
INSERT INTO `system_user_oper_log` VALUES ('2462', '132', '崔小崔', '产品管理', '删除产品图片，图片名称：1530883409073.png，产品id：2', 'DELETE', '2018-07-06 21:23:37', '2018-07-06 21:23:35', '小程序b端服务');
INSERT INTO `system_user_oper_log` VALUES ('2463', '132', '崔小崔', '产品管理', '删除产品图片，图片名称：1529655191738.png，产品id：2', 'DELETE', '2018-07-06 21:23:40', '2018-07-06 21:23:39', '小程序b端服务');
INSERT INTO `system_user_oper_log` VALUES ('2464', '132', '崔小崔', '产品管理', '添加产品图片，图片名称：1530883426177.png，产品id：2', 'ADD', '2018-07-06 21:23:46', '2018-07-06 21:23:44', '小程序b端服务');
INSERT INTO `system_user_oper_log` VALUES ('2465', '132', '崔小崔', '产品管理', '添加产品图片，图片名称：1530883431847.png，产品id：2', 'ADD', '2018-07-06 21:23:52', '2018-07-06 21:23:50', '小程序b端服务');
INSERT INTO `system_user_oper_log` VALUES ('2466', '133', '蒋春明', '企业管理', '更新企业描述，企业id为:30 描述:手动阀实打实打算啊实打实的阿斯蒂啊实打实法国瑞士的规范化部分的支持者g\'gDFewa DSFD fASFwqefD F ZDSFVSDZAD FRSefDZXFAzsdfv fzdssdzfvf\'v\'d\'z\'s\'g\'re\'a gfsdF S Sf erfdsz fd\'f\'g\'re', 'MODIFY', '2018-07-06 21:23:53', '2018-07-06 21:23:53', '小程序b端服务');
INSERT INTO `system_user_oper_log` VALUES ('2467', '132', '崔小崔', '产品管理', '添加产品图片，图片名称：1530883437410.png，产品id：2', 'ADD', '2018-07-06 21:23:57', '2018-07-06 21:23:56', '小程序b端服务');
INSERT INTO `system_user_oper_log` VALUES ('2468', '132', '崔小崔', '产品管理', '删除产品图片，图片名称：1530883414023.png，产品id：2', 'DELETE', '2018-07-06 21:24:07', '2018-07-06 21:24:05', '小程序b端服务');
INSERT INTO `system_user_oper_log` VALUES ('2469', '133', '蒋春明', '企业管理', '上传企业图片，企业id为:30 图片名:1530883444962.png', 'ADD', '2018-07-06 21:24:05', '2018-07-06 21:24:06', '小程序b端服务');
INSERT INTO `system_user_oper_log` VALUES ('2470', '133', '蒋春明', '产品管理', '添加产品图片，图片名称：1530883456885.png，产品id：42', 'ADD', '2018-07-06 21:24:17', '2018-07-06 21:24:18', '小程序b端服务');
INSERT INTO `system_user_oper_log` VALUES ('2471', '133', '蒋春明', '产品管理', '添加产品图片，图片名称：1530883476658.png，产品id：42', 'ADD', '2018-07-06 21:24:37', '2018-07-06 21:24:37', '小程序b端服务');
INSERT INTO `system_user_oper_log` VALUES ('2472', '133', '蒋春明', '产品管理', '添加产品图片，图片名称：1530883499753.png，产品id：42', 'ADD', '2018-07-06 21:25:00', '2018-07-06 21:25:00', '小程序b端服务');
INSERT INTO `system_user_oper_log` VALUES ('2473', '132', '崔小崔', '产品管理', '添加产品图片，图片名称：1530883563875.png，产品id：12', 'ADD', '2018-07-06 21:26:04', '2018-07-06 21:26:02', '小程序b端服务');
INSERT INTO `system_user_oper_log` VALUES ('2474', '133', '蒋春明', '产品管理', '添加产品图片，图片名称：1530883635836.png，产品id：42', 'ADD', '2018-07-06 21:27:16', '2018-07-06 21:27:16', '小程序b端服务');
INSERT INTO `system_user_oper_log` VALUES ('2475', '132', '崔小崔', '企业管理', '上传企业图片，企业id为:1 图片名:1530883752064.png', 'ADD', '2018-07-06 21:29:12', '2018-07-06 21:29:10', '小程序b端服务');
INSERT INTO `system_user_oper_log` VALUES ('2476', '132', '崔小崔', '企业管理', '删除企业图片，企业id为:1', 'DELETE', '2018-07-06 21:29:15', '2018-07-06 21:29:13', '小程序b端服务');
INSERT INTO `system_user_oper_log` VALUES ('2477', '132', '崔小崔', '企业管理', '删除企业图片，企业id为:1', 'DELETE', '2018-07-06 21:29:18', '2018-07-06 21:29:16', '小程序b端服务');
INSERT INTO `system_user_oper_log` VALUES ('2478', '133', '蒋春明', '产品管理', '添加产品图片，图片名称：1530883779598.png，产品id：42', 'ADD', '2018-07-06 21:29:40', '2018-07-06 21:29:40', '小程序b端服务');
INSERT INTO `system_user_oper_log` VALUES ('2479', '133', '蒋春明', '企业管理', '上传企业图片，企业id为:30 图片名:1530883802206.png', 'ADD', '2018-07-06 21:30:02', '2018-07-06 21:30:03', '小程序b端服务');
INSERT INTO `system_user_oper_log` VALUES ('2480', '133', '蒋春明', '企业管理', '上传企业图片，企业id为:30 图片名:1530883813167.png', 'ADD', '2018-07-06 21:30:13', '2018-07-06 21:30:14', '小程序b端服务');
INSERT INTO `system_user_oper_log` VALUES ('2481', '133', '蒋春明', '企业管理', '删除企业图片，企业id为:30', 'DELETE', '2018-07-06 21:31:48', '2018-07-06 21:31:49', '小程序b端服务');
INSERT INTO `system_user_oper_log` VALUES ('2482', '133', '蒋春明', '企业管理', '上传企业图片，企业id为:30 图片名:1530883935501.png', 'ADD', '2018-07-06 21:32:16', '2018-07-06 21:32:16', '小程序b端服务');
INSERT INTO `system_user_oper_log` VALUES ('2483', '133', '蒋春明', '企业管理', '删除企业图片，企业id为:30', 'DELETE', '2018-07-06 21:32:21', '2018-07-06 21:32:22', '小程序b端服务');
INSERT INTO `system_user_oper_log` VALUES ('2484', '133', '蒋春明', '企业管理', '删除企业图片，企业id为:30', 'DELETE', '2018-07-06 21:32:29', '2018-07-06 21:32:30', '小程序b端服务');
INSERT INTO `system_user_oper_log` VALUES ('2485', '133', '蒋春明', '企业管理', '上传企业图片，企业id为:30 图片名:1530883957533.png', 'ADD', '2018-07-06 21:32:38', '2018-07-06 21:32:38', '小程序b端服务');
INSERT INTO `system_user_oper_log` VALUES ('2486', '133', '蒋春明', '企业管理', '上传企业图片，企业id为:30 图片名:1530883974224.png', 'ADD', '2018-07-06 21:32:54', '2018-07-06 21:32:55', '小程序b端服务');
INSERT INTO `system_user_oper_log` VALUES ('2487', '132', '崔小崔', '产品管理', '删除产品图片，图片名称：1530668335479.png，产品id：12', 'DELETE', '2018-07-06 21:32:57', '2018-07-06 21:32:56', '小程序b端服务');
INSERT INTO `system_user_oper_log` VALUES ('2488', '132', '崔小崔', '产品管理', '删除产品图片，图片名称：1530877469019.png，产品id：12', 'DELETE', '2018-07-06 21:33:05', '2018-07-06 21:33:03', '小程序b端服务');
INSERT INTO `system_user_oper_log` VALUES ('2489', '132', '崔小崔', '产品管理', '添加产品图片，图片名称：1530884004641.png，产品id：12', 'ADD', '2018-07-06 21:33:25', '2018-07-06 21:33:23', '小程序b端服务');
INSERT INTO `system_user_oper_log` VALUES ('2490', '132', '崔小崔', '产品管理', '添加产品图片，图片名称：1530884010326.png，产品id：12', 'ADD', '2018-07-06 21:33:30', '2018-07-06 21:33:28', '小程序b端服务');
INSERT INTO `system_user_oper_log` VALUES ('2491', '133', '蒋春明', '企业管理', '上传企业图片，企业id为:30 图片名:1530884008474.png', 'ADD', '2018-07-06 21:33:28', '2018-07-06 21:33:29', '小程序b端服务');
INSERT INTO `system_user_oper_log` VALUES ('2492', '132', '崔小崔', '产品管理', '删除产品图片，图片名称：1530883563875.png，产品id：12', 'DELETE', '2018-07-06 21:33:36', '2018-07-06 21:33:34', '小程序b端服务');
INSERT INTO `system_user_oper_log` VALUES ('2493', '132', '崔小崔', '产品管理', '删除产品图片，图片名称：1530884010326.png，产品id：12', 'DELETE', '2018-07-06 21:34:03', '2018-07-06 21:34:01', '小程序b端服务');
INSERT INTO `system_user_oper_log` VALUES ('2494', '132', '崔小崔', '产品管理', '添加产品图片，图片名称：1530884067201.png，产品id：12', 'ADD', '2018-07-06 21:34:27', '2018-07-06 21:34:25', '小程序b端服务');
INSERT INTO `system_user_oper_log` VALUES ('2495', '132', '崔小崔', '产品管理', '添加产品图片，图片名称：1530884073455.png，产品id：12', 'ADD', '2018-07-06 21:34:33', '2018-07-06 21:34:32', '小程序b端服务');
INSERT INTO `system_user_oper_log` VALUES ('2496', '132', '崔小崔', '产品管理', '删除产品图片，图片名称：1530884004641.png，产品id：12', 'DELETE', '2018-07-06 21:34:38', '2018-07-06 21:34:37', '小程序b端服务');
INSERT INTO `system_user_oper_log` VALUES ('2497', '133', '蒋春明', '企业管理', '上传企业图片，企业id为:30 图片名:1530884108120.png', 'ADD', '2018-07-06 21:35:08', '2018-07-06 21:35:09', '小程序b端服务');
INSERT INTO `system_user_oper_log` VALUES ('2498', '132', '崔小崔', '产品管理', '添加产品图片，图片名称：1530884194093.png，产品id：12', 'ADD', '2018-07-06 21:36:34', '2018-07-06 21:36:32', '小程序b端服务');
INSERT INTO `system_user_oper_log` VALUES ('2499', '132', '崔小崔', '产品管理', '删除产品图片，图片名称：1530884073455.png，产品id：12', 'DELETE', '2018-07-06 21:36:42', '2018-07-06 21:36:40', '小程序b端服务');
INSERT INTO `system_user_oper_log` VALUES ('2500', '132', '崔小崔', '产品管理', '删除产品图片，图片名称：1530884067201.png，产品id：12', 'DELETE', '2018-07-06 21:36:50', '2018-07-06 21:36:49', '小程序b端服务');
INSERT INTO `system_user_oper_log` VALUES ('2501', '132', '崔小崔', '产品管理', '添加产品图片，图片名称：1530884262457.png，产品id：12', 'ADD', '2018-07-06 21:37:42', '2018-07-06 21:37:41', '小程序b端服务');
INSERT INTO `system_user_oper_log` VALUES ('2502', '132', '崔小崔', '产品管理', '删除产品图片，图片名称：1530884194093.png，产品id：12', 'DELETE', '2018-07-06 21:37:50', '2018-07-06 21:37:48', '小程序b端服务');
INSERT INTO `system_user_oper_log` VALUES ('2503', '133', '蒋春明', '企业管理', '删除企业图片，企业id为:30', 'DELETE', '2018-07-06 21:37:47', '2018-07-06 21:37:48', '小程序b端服务');
INSERT INTO `system_user_oper_log` VALUES ('2504', '133', '蒋春明', '企业管理', '删除企业图片，企业id为:30', 'DELETE', '2018-07-06 21:37:58', '2018-07-06 21:37:59', '小程序b端服务');
INSERT INTO `system_user_oper_log` VALUES ('2505', '133', '蒋春明', '企业管理', '删除企业图片，企业id为:30', 'DELETE', '2018-07-06 21:38:08', '2018-07-06 21:38:09', '小程序b端服务');
INSERT INTO `system_user_oper_log` VALUES ('2506', '133', '蒋春明', '企业管理', '删除企业图片，企业id为:30', 'DELETE', '2018-07-06 21:38:11', '2018-07-06 21:38:12', '小程序b端服务');
INSERT INTO `system_user_oper_log` VALUES ('2507', '133', '蒋春明', '企业管理', '上传企业图片，企业id为:30 图片名:1530884302315.png', 'ADD', '2018-07-06 21:38:22', '2018-07-06 21:38:23', '小程序b端服务');
INSERT INTO `system_user_oper_log` VALUES ('2508', '133', '蒋春明', '企业管理', '上传企业图片，企业id为:30 图片名:1530884311462.png', 'ADD', '2018-07-06 21:38:31', '2018-07-06 21:38:32', '小程序b端服务');
INSERT INTO `system_user_oper_log` VALUES ('2509', '133', '蒋春明', '企业管理', '删除企业图片，企业id为:30', 'DELETE', '2018-07-06 21:38:37', '2018-07-06 21:38:38', '小程序b端服务');
INSERT INTO `system_user_oper_log` VALUES ('2510', '133', '蒋春明', '企业管理', '删除企业图片，企业id为:30', 'DELETE', '2018-07-06 21:38:49', '2018-07-06 21:38:50', '小程序b端服务');
INSERT INTO `system_user_oper_log` VALUES ('2511', '133', '蒋春明', '企业管理', '上传企业图片，企业id为:30 图片名:1530884340150.png', 'ADD', '2018-07-06 21:39:00', '2018-07-06 21:39:01', '小程序b端服务');
INSERT INTO `system_user_oper_log` VALUES ('2512', '133', '蒋春明', '企业管理', '删除企业图片，企业id为:30', 'DELETE', '2018-07-06 21:39:04', '2018-07-06 21:39:05', '小程序b端服务');
INSERT INTO `system_user_oper_log` VALUES ('2513', '132', '崔小崔', '产品管理', '删除产品图片，图片名称：1530776249967.png，产品id：4', 'DELETE', '2018-07-06 21:39:23', '2018-07-06 21:39:23', '小程序b端服务');
INSERT INTO `system_user_oper_log` VALUES ('2514', '132', '崔小崔', '产品管理', '添加产品图片，图片名称：1530884373679.png，产品id：2', 'ADD', '2018-07-06 21:39:34', '2018-07-06 21:39:34', '小程序b端服务');
INSERT INTO `system_user_oper_log` VALUES ('2515', '132', '崔小崔', '产品管理', '添加产品图片，图片名称：1530884380130.png，产品id：2', 'ADD', '2018-07-06 21:39:40', '2018-07-06 21:39:41', '小程序b端服务');
INSERT INTO `system_user_oper_log` VALUES ('2516', '132', '崔小崔', '产品管理', '删除产品图片，图片名称：1530767149024.png，产品id：2', 'DELETE', '2018-07-06 21:39:44', '2018-07-06 21:39:44', '小程序b端服务');
INSERT INTO `system_user_oper_log` VALUES ('2517', '132', '崔小崔', '产品管理', '添加产品图片，图片名称：1530884540538.png，产品id：12', 'ADD', '2018-07-06 21:42:21', '2018-07-06 21:42:21', '小程序b端服务');
INSERT INTO `system_user_oper_log` VALUES ('2518', '132', '崔小崔', '产品管理', '添加产品图片，图片名称：1530884550342.png，产品id：12', 'ADD', '2018-07-06 21:42:30', '2018-07-06 21:42:31', '小程序b端服务');
INSERT INTO `system_user_oper_log` VALUES ('2519', '132', '崔小崔', '产品管理', '添加产品图片，图片名称：1530884556082.png，产品id：12', 'ADD', '2018-07-06 21:42:36', '2018-07-06 21:42:37', '小程序b端服务');
INSERT INTO `system_user_oper_log` VALUES ('2520', '132', '崔小崔', '产品管理', '编辑产品折后价1,001，产品id：4', 'MODIFY', '2018-07-06 22:32:57', '2018-07-06 22:32:55', '小程序b端服务');
INSERT INTO `system_user_oper_log` VALUES ('2521', '132', '崔小崔', '产品管理', '编辑产品折后价100,100，产品id：4', 'MODIFY', '2018-07-06 22:33:15', '2018-07-06 22:33:13', '小程序b端服务');
INSERT INTO `system_user_oper_log` VALUES ('2522', '132', '崔小崔', '产品管理', '编辑产品原价300,256，产品id：4', 'MODIFY', '2018-07-06 22:33:28', '2018-07-06 22:33:26', '小程序b端服务');
INSERT INTO `system_user_oper_log` VALUES ('2523', '132', '崔小崔', '产品管理', '编辑产品折后价100，产品id：4', 'MODIFY', '2018-07-06 22:33:55', '2018-07-06 22:33:53', '小程序b端服务');
INSERT INTO `system_user_oper_log` VALUES ('2524', '133', '蒋春明', '产品管理', '编辑产品折后价1，产品id：42', 'MODIFY', '2018-07-06 22:38:16', '2018-07-06 22:38:17', '小程序b端服务');
INSERT INTO `system_user_oper_log` VALUES ('2525', '133', '蒋春明', '产品管理', '编辑产品原价10，产品id：42', 'MODIFY', '2018-07-06 22:39:06', '2018-07-06 22:39:06', '小程序b端服务');
INSERT INTO `system_user_oper_log` VALUES ('2526', '133', '蒋春明', '产品管理', '编辑产品原价10，产品id：42', 'MODIFY', '2018-07-06 22:39:48', '2018-07-06 22:39:49', '小程序b端服务');
INSERT INTO `system_user_oper_log` VALUES ('2527', '133', '蒋春明', '产品管理', '编辑产品原价10，产品id：42', 'MODIFY', '2018-07-06 22:40:04', '2018-07-06 22:40:05', '小程序b端服务');
INSERT INTO `system_user_oper_log` VALUES ('2528', '133', '蒋春明', '产品管理', '编辑产品原价5，产品id：42', 'MODIFY', '2018-07-06 22:41:21', '2018-07-06 22:41:21', '小程序b端服务');
INSERT INTO `system_user_oper_log` VALUES ('2529', '132', '崔小崔', '产品管理', '编辑产品折后价7，产品id：2', 'MODIFY', '2018-07-06 22:45:09', '2018-07-06 22:45:07', '小程序b端服务');
INSERT INTO `system_user_oper_log` VALUES ('2530', '132', '崔小崔', '产品管理', '编辑产品折后价70，产品id：2', 'MODIFY', '2018-07-06 22:46:03', '2018-07-06 22:46:01', '小程序b端服务');
INSERT INTO `system_user_oper_log` VALUES ('2531', '132', '崔小崔', '产品管理', '编辑产品折后价7，产品id：2', 'MODIFY', '2018-07-06 22:46:14', '2018-07-06 22:46:12', '小程序b端服务');
INSERT INTO `system_user_oper_log` VALUES ('2532', '132', '崔小崔', '产品管理', '编辑产品折后价70，产品id：2', 'MODIFY', '2018-07-06 22:46:33', '2018-07-06 22:46:31', '小程序b端服务');
INSERT INTO `system_user_oper_log` VALUES ('2533', '132', '崔小崔', '产品管理', '编辑产品折后价7，产品id：2', 'MODIFY', '2018-07-06 22:46:47', '2018-07-06 22:46:45', '小程序b端服务');
INSERT INTO `system_user_oper_log` VALUES ('2534', '132', '崔小崔', '产品管理', '编辑产品原价300,256，产品id：4', 'MODIFY', '2018-07-06 22:48:17', '2018-07-06 22:48:15', '小程序b端服务');
INSERT INTO `system_user_oper_log` VALUES ('2535', '132', '崔小崔', '产品管理', '编辑产品折后价1,003，产品id：4', 'MODIFY', '2018-07-06 22:51:15', '2018-07-06 22:51:13', '小程序b端服务');
INSERT INTO `system_user_oper_log` VALUES ('2536', '132', '崔小崔', '产品管理', '编辑产品折后价10,031，产品id：4', 'MODIFY', '2018-07-06 22:56:59', '2018-07-06 22:56:57', '小程序b端服务');
INSERT INTO `system_user_oper_log` VALUES ('2537', '132', '崔小崔', '产品管理', '编辑产品折后价100,314，产品id：4', 'MODIFY', '2018-07-06 22:57:40', '2018-07-06 22:57:38', '小程序b端服务');
INSERT INTO `system_user_oper_log` VALUES ('2538', '132', '崔小崔', '产品管理', '编辑产品折后价1，产品id：2', 'MODIFY', '2018-07-06 22:58:08', '2018-07-06 22:58:06', '小程序b端服务');
INSERT INTO `system_user_oper_log` VALUES ('2539', '132', '崔小崔', '产品管理', '编辑产品原价10，产品id：2', 'MODIFY', '2018-07-06 22:58:27', '2018-07-06 22:58:25', '小程序b端服务');
INSERT INTO `system_user_oper_log` VALUES ('2540', '132', '崔小崔', '产品管理', '编辑产品原价100，产品id：2', 'MODIFY', '2018-07-06 23:04:02', '2018-07-06 23:04:00', '小程序b端服务');
INSERT INTO `system_user_oper_log` VALUES ('2541', '132', '崔小崔', '产品管理', '编辑产品折后价10，产品id：2', 'MODIFY', '2018-07-06 23:04:06', '2018-07-06 23:04:04', '小程序b端服务');
INSERT INTO `system_user_oper_log` VALUES ('2542', '132', '崔小崔', '产品管理', '编辑产品折后价10,031，产品id：4', 'MODIFY', '2018-07-06 23:05:17', '2018-07-06 23:05:15', '小程序b端服务');
INSERT INTO `system_user_oper_log` VALUES ('2543', '132', '崔小崔', '产品管理', '编辑产品原价30,025，产品id：4', 'MODIFY', '2018-07-06 23:05:25', '2018-07-06 23:05:23', '小程序b端服务');
INSERT INTO `system_user_oper_log` VALUES ('2544', '133', '蒋春明', '企业管理', '更新企业地址，企业id为:30 地址:中国地区', 'MODIFY', '2018-07-06 23:55:29', '2018-07-06 23:55:27', '小程序b端服务');
INSERT INTO `system_user_oper_log` VALUES ('2545', '133', '蒋春明', '企业管理', '更新企业地址，企业id为:30 地址:中国地区', 'MODIFY', '2018-07-06 23:58:12', '2018-07-06 23:58:13', '小程序b端服务');
INSERT INTO `system_user_oper_log` VALUES ('2546', '133', '蒋春明', '企业管理', '更新企业地址，企业id为:30 地址:北京市朝阳区日坛北街33号试试', 'MODIFY', '2018-07-07 00:00:01', '2018-07-07 00:00:02', '小程序b端服务');
INSERT INTO `system_user_oper_log` VALUES ('2547', '133', '蒋春明', '企业管理', '更新企业地址，企业id为:30 地址:北京市朝阳区日坛北街33号嗯嗯', 'MODIFY', '2018-07-07 00:00:20', '2018-07-07 00:00:21', '小程序b端服务');
INSERT INTO `system_user_oper_log` VALUES ('2548', '133', '蒋春明', '企业管理', '更新企业地址，企业id为:30 地址:北京市朝阳区日坛北街33号', 'MODIFY', '2018-07-07 00:05:45', '2018-07-07 00:05:46', '小程序b端服务');
INSERT INTO `system_user_oper_log` VALUES ('2549', '133', '蒋春明', '企业管理', '更新企业地址，企业id为:30 地址:中国地区', 'MODIFY', '2018-07-07 00:06:58', '2018-07-07 00:06:59', '小程序b端服务');
INSERT INTO `system_user_oper_log` VALUES ('2550', '133', '蒋春明', '企业管理', '更新企业地址，企业id为:30 地址:中国地区大幅度的', 'MODIFY', '2018-07-07 00:07:09', '2018-07-07 00:07:09', '小程序b端服务');
INSERT INTO `system_user_oper_log` VALUES ('2551', '132', '崔小崔', '企业管理', '更新企业地址，企业id为:1 地址:北京市朝阳区朝阳门外大街乙12号昆泰嘉华酒店2层', 'MODIFY', '2018-07-07 00:08:02', '2018-07-07 00:08:02', '小程序b端服务');
INSERT INTO `system_user_oper_log` VALUES ('2552', '133', '蒋春明', '企业管理', '更新企业地址，企业id为:30 地址:中国地区', 'MODIFY', '2018-07-07 00:09:50', '2018-07-07 00:09:48', '小程序b端服务');
INSERT INTO `system_user_oper_log` VALUES ('2553', '132', '崔小崔', '企业管理', '更新企业地址，企业id为:1 地址:北京市朝阳区怡景园(朝阳区政府西50米)', 'MODIFY', '2018-07-07 00:10:11', '2018-07-07 00:10:11', '小程序b端服务');
INSERT INTO `system_user_oper_log` VALUES ('2554', '132', '崔小崔', '企业管理', '更新企业地址，企业id为:1 地址:北京市朝阳区芳草地西街23', 'MODIFY', '2018-07-07 00:10:18', '2018-07-07 00:10:19', '小程序b端服务');
INSERT INTO `system_user_oper_log` VALUES ('2555', '132', '崔小崔', '企业管理', '更新企业地址，企业id为:1 地址:北京市朝阳区日坛北街33号', 'MODIFY', '2018-07-07 00:10:35', '2018-07-07 00:10:35', '小程序b端服务');
INSERT INTO `system_user_oper_log` VALUES ('2556', '133', '蒋春明', '企业管理', '更新企业地址，企业id为:30 地址:北京市朝阳区日坛北街33号', 'MODIFY', '2018-07-07 00:10:50', '2018-07-07 00:10:49', '小程序b端服务');
INSERT INTO `system_user_oper_log` VALUES ('2557', '133', '蒋春明', '企业管理', '更新企业地址，企业id为:30 地址:北京市朝阳区朝阳门外大街乙12号昆泰嘉华酒店2层', 'MODIFY', '2018-07-07 00:11:03', '2018-07-07 00:11:01', '小程序b端服务');
INSERT INTO `system_user_oper_log` VALUES ('2558', '132', '崔小崔', '企业管理', '更新企业地址，企业id为:1 地址:北京市朝阳区朝阳门外大街乙12号昆泰嘉华酒店2层123', 'MODIFY', '2018-07-07 00:13:05', '2018-07-07 00:13:06', '小程序b端服务');
INSERT INTO `system_user_oper_log` VALUES ('2559', '132', '崔小崔', '企业管理', '更新企业地址，企业id为:1 地址:北京市朝阳区日坛北街33号123', 'MODIFY', '2018-07-07 00:14:46', '2018-07-07 00:14:47', '小程序b端服务');
INSERT INTO `system_user_oper_log` VALUES ('2560', '132', '崔小崔', '企业管理', '更新企业地址，企业id为:1 地址:北京市朝阳区朝阳门外大街乙12号昆泰嘉华酒店2层123', 'MODIFY', '2018-07-07 00:17:21', '2018-07-07 00:17:22', '小程序b端服务');
INSERT INTO `system_user_oper_log` VALUES ('2561', '132', '崔小崔', '产品管理', '添加产品，产品名称：1122', 'ADD', '2018-07-10 09:31:35', '2018-07-10 09:31:31', '小程序b端服务');
INSERT INTO `system_user_oper_log` VALUES ('2562', '132', '崔小崔', '产品管理', '添加产品，产品名称：45测试添加', 'ADD', '2018-07-10 09:32:21', '2018-07-10 09:32:18', '小程序b端服务');
INSERT INTO `system_user_oper_log` VALUES ('2563', '132', '崔小崔', '产品管理', '添加产品，产品名称：567', 'ADD', '2018-07-10 09:34:30', '2018-07-10 09:34:27', '小程序b端服务');
INSERT INTO `system_user_oper_log` VALUES ('2564', '132', '崔小崔', '企业管理', '更新企业电话，企业id为:1 电话:400-222-2226', 'MODIFY', '2018-07-10 09:39:03', '2018-07-10 09:38:59', '小程序b端服务');
INSERT INTO `system_user_oper_log` VALUES ('2565', '132', '崔小崔', '企业管理', '更新企业描述，企业id为:1 描述:的111111111178', 'MODIFY', '2018-07-10 09:39:16', '2018-07-10 09:39:13', '小程序b端服务');
INSERT INTO `system_user_oper_log` VALUES ('2566', '132', '崔小崔', '企业管理', '上传企业图片，企业id为:1 图片名:1531186765101.png', 'ADD', '2018-07-10 09:39:25', '2018-07-10 09:39:22', '小程序b端服务');
INSERT INTO `system_user_oper_log` VALUES ('2567', '132', '崔小崔', '企业管理', '更新企业地址，企业id为:1 地址:北京市朝阳区日坛北街33号', 'MODIFY', '2018-07-10 09:40:22', '2018-07-10 09:40:19', '小程序b端服务');
INSERT INTO `system_user_oper_log` VALUES ('2568', '132', '崔小崔', '企业管理', '更新企业地址，企业id为:1 地址:北京市朝阳区朝阳门外大街2号', 'MODIFY', '2018-07-10 09:41:29', '2018-07-10 09:41:25', '小程序b端服务');
INSERT INTO `system_user_oper_log` VALUES ('2569', '132', '崔小崔', '企业管理', '更新企业地址，企业id为:1 地址:北京市朝阳区朝阳门外大街2号', 'MODIFY', '2018-07-10 09:42:13', '2018-07-10 09:42:09', '小程序b端服务');
INSERT INTO `system_user_oper_log` VALUES ('2570', '132', '崔小崔', '企业管理', '更新企业地址，企业id为:1 地址:北京市朝阳区日坛北街33号', 'MODIFY', '2018-07-10 09:42:41', '2018-07-10 09:42:38', '小程序b端服务');
INSERT INTO `system_user_oper_log` VALUES ('2571', '132', '崔小崔', '企业管理', '更新企业地址，企业id为:1 地址:北京市朝阳区朝阳门外大街乙12号昆泰嘉华酒店2层', 'MODIFY', '2018-07-10 09:52:00', '2018-07-10 09:51:57', '小程序b端服务');
INSERT INTO `system_user_oper_log` VALUES ('2572', '132', '崔小崔', '企业管理', '更新企业地址，企业id为:1 地址:北京市朝阳区朝阳门外大街乙12号昆泰嘉华酒店2层', 'MODIFY', '2018-07-10 09:53:30', '2018-07-10 09:53:27', '小程序b端服务');
INSERT INTO `system_user_oper_log` VALUES ('2573', '132', '崔小崔', '企业管理', '更新企业地址，企业id为:1 地址:北京市朝阳区朝阳门外大街乙12号昆泰嘉华酒店2层', 'MODIFY', '2018-07-10 09:54:50', '2018-07-10 09:54:47', '小程序b端服务');
INSERT INTO `system_user_oper_log` VALUES ('2574', '132', '崔小崔', '企业管理', '更新企业地址，企业id为:1 地址:北京市朝阳区日坛北街33号', 'MODIFY', '2018-07-10 09:55:10', '2018-07-10 09:55:06', '小程序b端服务');
INSERT INTO `system_user_oper_log` VALUES ('2575', '132', '崔小崔', '企业管理', '更新企业地址，企业id为:1 地址:北京市朝阳区朝阳门外大街乙12号昆泰嘉华酒店2层', 'MODIFY', '2018-07-10 09:58:07', '2018-07-10 09:58:04', '小程序b端服务');
INSERT INTO `system_user_oper_log` VALUES ('2576', '132', '崔小崔', '企业管理', '更新企业地址，企业id为:1 地址:北京市朝阳区日坛北街33号', 'MODIFY', '2018-07-10 09:59:09', '2018-07-10 09:59:05', '小程序b端服务');
INSERT INTO `system_user_oper_log` VALUES ('2577', '132', '崔小崔', '企业管理', '更新企业地址，企业id为:1 地址:北京市朝阳区日坛北街33号123', 'MODIFY', '2018-07-10 09:59:18', '2018-07-10 09:59:15', '小程序b端服务');
INSERT INTO `system_user_oper_log` VALUES ('2578', '132', '崔小崔', '产品管理', '添加产品，产品名称：添加产品', 'ADD', '2018-07-10 10:01:11', '2018-07-10 10:01:07', '小程序b端服务');
INSERT INTO `system_user_oper_log` VALUES ('2579', '132', '崔小崔', '企业管理', '更新企业电话，企业id为:1 电话:400-222-2221', 'MODIFY', '2018-07-10 11:09:02', '2018-07-10 11:08:59', '小程序b端服务');
INSERT INTO `system_user_oper_log` VALUES ('2580', '132', '崔小崔', '企业管理', '更新企业电话，企业id为:1 电话:400-222-2221', 'MODIFY', '2018-07-10 11:09:04', '2018-07-10 11:09:01', '小程序b端服务');
INSERT INTO `system_user_oper_log` VALUES ('2581', '132', '崔小崔', '企业管理', '更新企业电话，企业id为:1 电话:400-222-2221', 'MODIFY', '2018-07-10 11:09:09', '2018-07-10 11:09:06', '小程序b端服务');
INSERT INTO `system_user_oper_log` VALUES ('2582', '132', '崔小崔', '企业管理', '更新企业地址，企业id为:1 地址:北京市朝阳区朝外大街乙12号3号楼', 'MODIFY', '2018-07-10 11:09:17', '2018-07-10 11:09:13', '小程序b端服务');
INSERT INTO `system_user_oper_log` VALUES ('2583', '132', '崔小崔', '产品管理', '产品置顶，产品id：2', 'MODIFY', '2018-07-10 14:40:30', '2018-07-10 14:40:27', '小程序b端服务');
INSERT INTO `system_user_oper_log` VALUES ('2584', '132', '崔小崔', '产品管理', '产品置顶，产品id：4', 'MODIFY', '2018-07-10 14:40:37', '2018-07-10 14:40:33', '小程序b端服务');
INSERT INTO `system_user_oper_log` VALUES ('2585', '132', '崔小崔', '企业管理', '更新企业描述，企业id为:1 描述:北京亿美软通科技有限公司( Beijing Emay Softcom Technology Ltd.)是具备国际水准的移动商务平台技术和应用方案提供商。自2001年成立以来，亿美软通始终致力于为国内外企业提供具备国际技术水准的移动商务平台及运营服务。目前，亿美软通已为超过50万', 'MODIFY', '2018-07-10 15:11:21', '2018-07-10 15:11:17', '小程序b端服务');
INSERT INTO `system_user_oper_log` VALUES ('2586', '132', '崔小崔', '企业管理', '更新企业描述，企业id为:1 描述:北京亿美软通科技有限公司( Beijing Emay Softcom Technology Ltd.)是具备国际水准的移动商务平台技术和应用方案提供商。自2001年成立以来，亿美软通始终致力于为国内外企业提供具备国际技术水准的移动商务平台及运营服务。目前，亿美软通已为超过50万家企业提供移动个性客服、移动数据采集、移动高效管理等方面的各类移动商务产品和通讯服务，业务服务覆盖超过7亿手机用户，是中国领先的移动商务服务商。', 'MODIFY', '2018-07-10 15:23:57', '2018-07-10 15:23:54', '小程序b端服务');
INSERT INTO `system_user_oper_log` VALUES ('2587', '132', '崔小崔', '企业管理', '更新企业地址，企业id为:1 地址:北京市朝阳区日坛北街33号', 'MODIFY', '2018-07-10 15:26:03', '2018-07-10 15:26:00', '小程序b端服务');
INSERT INTO `system_user_oper_log` VALUES ('2588', '132', '崔小崔', '企业管理', '上传企业图片，企业id为:1 图片名:1531207594081.png', 'ADD', '2018-07-10 15:26:34', '2018-07-10 15:26:30', '小程序b端服务');
INSERT INTO `system_user_oper_log` VALUES ('2589', '132', '崔小崔', '企业管理', '删除企业图片，企业id为:1', 'DELETE', '2018-07-10 15:26:38', '2018-07-10 15:26:35', '小程序b端服务');
INSERT INTO `system_user_oper_log` VALUES ('2590', '132', '崔小崔', '企业管理', '上传企业图片，企业id为:1 图片名:1531207607663.png', 'ADD', '2018-07-10 15:26:48', '2018-07-10 15:26:44', '小程序b端服务');
INSERT INTO `system_user_oper_log` VALUES ('2591', '132', '崔小崔', '企业管理', '上传企业图片，企业id为:1 图片名:1531207616292.png', 'ADD', '2018-07-10 15:26:56', '2018-07-10 15:26:53', '小程序b端服务');
INSERT INTO `system_user_oper_log` VALUES ('2592', '132', '崔小崔', '企业管理', '上传企业图片，企业id为:1 图片名:1531207632149.png', 'ADD', '2018-07-10 15:27:12', '2018-07-10 15:27:08', '小程序b端服务');
INSERT INTO `system_user_oper_log` VALUES ('2593', '132', '崔小崔', '产品管理', '添加产品图片，图片名称：1531207876159.png，产品id：4', 'ADD', '2018-07-10 15:31:16', '2018-07-10 15:31:12', '小程序b端服务');
INSERT INTO `system_user_oper_log` VALUES ('2594', '132', '崔小崔', '产品管理', '删除产品图片，图片名称：1529655200957.png，产品id：4', 'DELETE', '2018-07-10 15:31:22', '2018-07-10 15:31:19', '小程序b端服务');
INSERT INTO `system_user_oper_log` VALUES ('2595', '132', '崔小崔', '产品管理', '删除产品，产品id：46', 'DELETE', '2018-07-10 15:31:49', '2018-07-10 15:31:45', '小程序b端服务');
INSERT INTO `system_user_oper_log` VALUES ('2596', '132', '崔小崔', '产品管理', '删除产品，产品id：45', 'DELETE', '2018-07-10 15:31:51', '2018-07-10 15:31:47', '小程序b端服务');
INSERT INTO `system_user_oper_log` VALUES ('2597', '132', '崔小崔', '产品管理', '删除产品，产品id：44', 'DELETE', '2018-07-10 15:31:52', '2018-07-10 15:31:48', '小程序b端服务');
INSERT INTO `system_user_oper_log` VALUES ('2598', '132', '崔小崔', '产品管理', '删除产品，产品id：43', 'DELETE', '2018-07-10 15:31:54', '2018-07-10 15:31:50', '小程序b端服务');
INSERT INTO `system_user_oper_log` VALUES ('2599', '132', '崔小崔', '产品管理', '删除产品，产品id：40', 'DELETE', '2018-07-10 15:31:55', '2018-07-10 15:31:52', '小程序b端服务');
INSERT INTO `system_user_oper_log` VALUES ('2600', '132', '崔小崔', '产品管理', '删除产品，产品id：32', 'DELETE', '2018-07-10 15:31:58', '2018-07-10 15:31:54', '小程序b端服务');
INSERT INTO `system_user_oper_log` VALUES ('2601', '132', '崔小崔', '产品管理', '删除产品，产品id：31', 'DELETE', '2018-07-10 15:32:00', '2018-07-10 15:31:56', '小程序b端服务');
INSERT INTO `system_user_oper_log` VALUES ('2602', '132', '崔小崔', '产品管理', '删除产品，产品id：30', 'DELETE', '2018-07-10 15:32:02', '2018-07-10 15:31:58', '小程序b端服务');
INSERT INTO `system_user_oper_log` VALUES ('2603', '132', '崔小崔', '产品管理', '删除产品，产品id：27', 'DELETE', '2018-07-10 15:32:05', '2018-07-10 15:32:01', '小程序b端服务');
INSERT INTO `system_user_oper_log` VALUES ('2604', '132', '崔小崔', '产品管理', '删除产品，产品id：26', 'DELETE', '2018-07-10 15:32:07', '2018-07-10 15:32:04', '小程序b端服务');
INSERT INTO `system_user_oper_log` VALUES ('2605', '132', '崔小崔', '产品管理', '删除产品，产品id：25', 'DELETE', '2018-07-10 15:32:09', '2018-07-10 15:32:06', '小程序b端服务');
INSERT INTO `system_user_oper_log` VALUES ('2606', '132', '崔小崔', '产品管理', '删除产品，产品id：24', 'DELETE', '2018-07-10 15:32:11', '2018-07-10 15:32:07', '小程序b端服务');
INSERT INTO `system_user_oper_log` VALUES ('2607', '132', '崔小崔', '产品管理', '删除产品，产品id：23', 'DELETE', '2018-07-10 15:32:13', '2018-07-10 15:32:09', '小程序b端服务');
INSERT INTO `system_user_oper_log` VALUES ('2608', '132', '崔小崔', '产品管理', '删除产品，产品id：22', 'DELETE', '2018-07-10 15:32:15', '2018-07-10 15:32:11', '小程序b端服务');
INSERT INTO `system_user_oper_log` VALUES ('2609', '132', '崔小崔', '产品管理', '删除产品，产品id：20', 'DELETE', '2018-07-10 15:32:16', '2018-07-10 15:32:13', '小程序b端服务');
INSERT INTO `system_user_oper_log` VALUES ('2610', '132', '崔小崔', '产品管理', '删除产品，产品id：19', 'DELETE', '2018-07-10 15:32:18', '2018-07-10 15:32:15', '小程序b端服务');
INSERT INTO `system_user_oper_log` VALUES ('2611', '132', '崔小崔', '产品管理', '删除产品，产品id：18', 'DELETE', '2018-07-10 15:32:22', '2018-07-10 15:32:18', '小程序b端服务');
INSERT INTO `system_user_oper_log` VALUES ('2612', '132', '崔小崔', '产品管理', '添加产品，产品名称：现货 Huawei/华为 mate9全网通移动电信4G 指纹', 'ADD', '2018-07-10 15:47:36', '2018-07-10 15:47:32', '小程序b端服务');
INSERT INTO `system_user_oper_log` VALUES ('2613', '132', '崔小崔', '产品管理', '编辑产品名称美图手机，产品id：4', 'MODIFY', '2018-07-10 15:48:11', '2018-07-10 15:48:07', '小程序b端服务');
INSERT INTO `system_user_oper_log` VALUES ('2614', '132', '崔小崔', '产品管理', '编辑产品折后价1,500，产品id：4', 'MODIFY', '2018-07-10 15:48:18', '2018-07-10 15:48:14', '小程序b端服务');
INSERT INTO `system_user_oper_log` VALUES ('2615', '132', '崔小崔', '产品管理', '编辑产品原价2,200，产品id：4', 'MODIFY', '2018-07-10 15:48:30', '2018-07-10 15:48:26', '小程序b端服务');
INSERT INTO `system_user_oper_log` VALUES ('2616', '132', '崔小崔', '产品管理', '编辑产品描述:网络类型: 4G全网通\n网络模式: 双卡双待单通，产品id：4', 'MODIFY', '2018-07-10 15:48:56', '2018-07-10 15:48:53', '小程序b端服务');
INSERT INTO `system_user_oper_log` VALUES ('2617', '132', '崔小崔', '产品管理', '删除产品图片，图片名称：1530883431847.png，产品id：2', 'DELETE', '2018-07-10 15:49:48', '2018-07-10 15:49:44', '小程序b端服务');
INSERT INTO `system_user_oper_log` VALUES ('2618', '132', '崔小崔', '产品管理', '删除产品图片，图片名称：1530883426177.png，产品id：2', 'DELETE', '2018-07-10 15:49:55', '2018-07-10 15:49:52', '小程序b端服务');
INSERT INTO `system_user_oper_log` VALUES ('2619', '132', '崔小崔', '产品管理', '添加产品图片，图片名称：1531209013584.png，产品id：2', 'ADD', '2018-07-10 15:50:14', '2018-07-10 15:50:10', '小程序b端服务');
INSERT INTO `system_user_oper_log` VALUES ('2620', '132', '崔小崔', '产品管理', '删除产品图片，图片名称：1530883437410.png，产品id：2', 'DELETE', '2018-07-10 15:50:20', '2018-07-10 15:50:16', '小程序b端服务');
INSERT INTO `system_user_oper_log` VALUES ('2621', '132', '崔小崔', '产品管理', '编辑产品名称苹果6 现货，产品id：2', 'MODIFY', '2018-07-10 15:50:36', '2018-07-10 15:50:32', '小程序b端服务');
INSERT INTO `system_user_oper_log` VALUES ('2622', '132', '崔小崔', '产品管理', '编辑产品原价4,500，产品id：2', 'MODIFY', '2018-07-10 15:50:57', '2018-07-10 15:50:53', '小程序b端服务');
INSERT INTO `system_user_oper_log` VALUES ('2623', '132', '崔小崔', '产品管理', '编辑产品折后价3,200，产品id：2', 'MODIFY', '2018-07-10 15:51:04', '2018-07-10 15:51:00', '小程序b端服务');
INSERT INTO `system_user_oper_log` VALUES ('2624', '132', '崔小崔', '产品管理', '编辑产品描述:银色，超强待机，联通4G，产品id：2', 'MODIFY', '2018-07-10 15:52:05', '2018-07-10 15:52:01', '小程序b端服务');
INSERT INTO `system_user_oper_log` VALUES ('2625', '132', '崔小崔', '产品管理', '添加产品图片，图片名称：1531209411224.png，产品id：12', 'ADD', '2018-07-10 15:56:51', '2018-07-10 15:56:48', '小程序b端服务');
INSERT INTO `system_user_oper_log` VALUES ('2626', '132', '崔小崔', '产品管理', '删除产品图片，图片名称：1530884262457.png，产品id：12', 'DELETE', '2018-07-10 15:56:57', '2018-07-10 15:56:53', '小程序b端服务');
INSERT INTO `system_user_oper_log` VALUES ('2627', '132', '崔小崔', '产品管理', '编辑产品名称联通4G Apple iphone8 64G，产品id：12', 'MODIFY', '2018-07-10 15:59:03', '2018-07-10 15:58:59', '小程序b端服务');
INSERT INTO `system_user_oper_log` VALUES ('2628', '132', '崔小崔', '产品管理', '编辑产品原价8,999，产品id：12', 'MODIFY', '2018-07-10 15:59:25', '2018-07-10 15:59:21', '小程序b端服务');
INSERT INTO `system_user_oper_log` VALUES ('2629', '132', '崔小崔', '产品管理', '编辑产品折后价5,999，产品id：12', 'MODIFY', '2018-07-10 15:59:37', '2018-07-10 15:59:33', '小程序b端服务');
INSERT INTO `system_user_oper_log` VALUES ('2630', '132', '崔小崔', '产品管理', '编辑产品描述:黑色，产品id：12', 'MODIFY', '2018-07-10 15:59:54', '2018-07-10 15:59:51', '小程序b端服务');
INSERT INTO `system_user_oper_log` VALUES ('2631', '132', '崔小崔', '产品管理', '添加产品图片，图片名称：1531209652782.png，产品id：29', 'ADD', '2018-07-10 16:00:53', '2018-07-10 16:00:49', '小程序b端服务');
INSERT INTO `system_user_oper_log` VALUES ('2632', '132', '崔小崔', '产品管理', '删除产品图片，图片名称：1530095208014.png，产品id：29', 'DELETE', '2018-07-10 16:00:58', '2018-07-10 16:00:54', '小程序b端服务');
INSERT INTO `system_user_oper_log` VALUES ('2633', '132', '崔小崔', '产品管理', '编辑产品名称Apple iphone8 联通电信移动4g，产品id：29', 'MODIFY', '2018-07-10 16:03:08', '2018-07-10 16:03:04', '小程序b端服务');
INSERT INTO `system_user_oper_log` VALUES ('2634', '132', '崔小崔', '产品管理', '编辑产品原价8,999，产品id：29', 'MODIFY', '2018-07-10 16:03:15', '2018-07-10 16:03:11', '小程序b端服务');
INSERT INTO `system_user_oper_log` VALUES ('2635', '132', '崔小崔', '产品管理', '编辑产品折后价5,999，产品id：29', 'MODIFY', '2018-07-10 16:03:20', '2018-07-10 16:03:17', '小程序b端服务');
INSERT INTO `system_user_oper_log` VALUES ('2636', '132', '崔小崔', '产品管理', '编辑产品描述:后置摄像头：1200万像素\n前置摄像头：700万像素，产品id：29', 'MODIFY', '2018-07-10 16:04:56', '2018-07-10 16:04:52', '小程序b端服务');
INSERT INTO `system_user_oper_log` VALUES ('2637', '132', '崔小崔', '产品管理', '添加产品图片，图片名称：1531209993637.png，产品id：28', 'ADD', '2018-07-10 16:06:34', '2018-07-10 16:06:30', '小程序b端服务');
INSERT INTO `system_user_oper_log` VALUES ('2638', '132', '崔小崔', '产品管理', '删除产品图片，图片名称：1530080172967.png，产品id：28', 'DELETE', '2018-07-10 16:06:39', '2018-07-10 16:06:35', '小程序b端服务');
INSERT INTO `system_user_oper_log` VALUES ('2639', '132', '崔小崔', '产品管理', '编辑产品名称Apple iPhone X (A1903) 64GB 银色，产品id：28', 'MODIFY', '2018-07-10 16:07:30', '2018-07-10 16:07:26', '小程序b端服务');
INSERT INTO `system_user_oper_log` VALUES ('2640', '132', '崔小崔', '产品管理', '编辑产品原价8,099，产品id：28', 'MODIFY', '2018-07-10 16:07:54', '2018-07-10 16:07:51', '小程序b端服务');
INSERT INTO `system_user_oper_log` VALUES ('2641', '132', '崔小崔', '产品管理', '编辑产品折后价7,099，产品id：28', 'MODIFY', '2018-07-10 16:08:00', '2018-07-10 16:07:57', '小程序b端服务');
INSERT INTO `system_user_oper_log` VALUES ('2642', '132', '崔小崔', '产品管理', '编辑产品描述:满1999元另加30元，或满2999元另加50元，即可在购物车换购热销商品，产品id：28', 'MODIFY', '2018-07-10 16:08:18', '2018-07-10 16:08:15', '小程序b端服务');
INSERT INTO `system_user_oper_log` VALUES ('2643', '132', '崔小崔', '产品管理', '添加产品，产品名称：Apple iPhone X (A1903) 黑色', 'ADD', '2018-07-10 16:16:01', '2018-07-10 16:15:57', '小程序b端服务');
INSERT INTO `system_user_oper_log` VALUES ('2644', '132', '崔小崔', '产品管理', '添加产品，产品名称：Apple iPhone 7 (A1780) 32G 金色', 'ADD', '2018-07-10 16:17:13', '2018-07-10 16:17:09', '小程序b端服务');
INSERT INTO `system_user_oper_log` VALUES ('2645', '132', '崔小崔', '产品管理', '添加产品，产品名称：vivo X21 全面屏 双摄拍照游戏手机', 'ADD', '2018-07-10 16:18:52', '2018-07-10 16:18:49', '小程序b端服务');
INSERT INTO `system_user_oper_log` VALUES ('2646', '132', '崔小崔', '产品管理', '编辑产品描述:商品名称：vivoX21\n商品编号：6729013\n系统：安卓（Android）\n拍照特点：前置闪光灯，智能拍照，后置双摄像头电池容，产品id：50', 'MODIFY', '2018-07-10 16:20:54', '2018-07-10 16:20:50', '小程序b端服务');
INSERT INTO `system_user_oper_log` VALUES ('2647', '132', '崔小崔', '产品管理', '添加产品，产品名称：Apple iPad 平板电脑 2018年新款9.7英寸', 'ADD', '2018-07-10 16:23:54', '2018-07-10 16:23:50', '小程序b端服务');
INSERT INTO `system_user_oper_log` VALUES ('2648', '132', '崔小崔', '产品管理', '添加产品，产品名称：Apple iPhone 6 (A1903) 64GB 银色', 'ADD', '2018-07-10 16:25:22', '2018-07-10 16:25:18', '小程序b端服务');
INSERT INTO `system_user_oper_log` VALUES ('2649', '132', '崔小崔', '产品管理', '添加产品图片，图片名称：1531285835950.png，产品id：4', 'ADD', '2018-07-11 13:10:36', '2018-07-11 13:10:35', '小程序b端服务');
INSERT INTO `system_user_oper_log` VALUES ('2650', '1', 'admin', '广告位管理', '添加广告位，链接路径：www.baidu.com', 'ADD', '2018-08-16 10:48:38', '2018-08-16 10:48:36', '小程序pc服务');
INSERT INTO `system_user_oper_log` VALUES ('2651', '1', 'admin', '广告位管理', '添加广告位，链接路径：www.baidu.com', 'ADD', '2018-08-16 10:49:16', '2018-08-16 10:49:13', '小程序pc服务');
INSERT INTO `system_user_oper_log` VALUES ('2652', '1', 'admin', '广告位管理', '添加广告位，链接路径：1', 'ADD', '2018-08-16 11:06:18', '2018-08-16 11:06:16', '小程序pc服务');
INSERT INTO `system_user_oper_log` VALUES ('2653', '1', 'admin', '广告位管理', '添加广告位，链接路径：2', 'ADD', '2018-08-16 12:57:05', '2018-08-16 12:57:03', '小程序pc服务');
INSERT INTO `system_user_oper_log` VALUES ('2654', '1', 'admin', '广告位管理', '修改广告位，链接路径：23', 'MODIFY', '2018-08-16 13:13:24', '2018-08-16 13:13:22', '小程序pc服务');
INSERT INTO `system_user_oper_log` VALUES ('2655', '1', 'admin', '广告位管理', '修改广告位，链接路径：34', 'MODIFY', '2018-08-16 13:14:40', '2018-08-16 13:14:37', '小程序pc服务');
INSERT INTO `system_user_oper_log` VALUES ('2656', '1', 'admin', '广告位管理', '修改广告位，链接路径：1234', 'MODIFY', '2018-08-16 13:18:03', '2018-08-16 13:18:00', '小程序pc服务');
INSERT INTO `system_user_oper_log` VALUES ('2657', '1', 'admin', '广告位管理', '修改广告位，链接路径：111', 'MODIFY', '2018-08-16 13:20:09', '2018-08-16 13:20:07', '小程序pc服务');
INSERT INTO `system_user_oper_log` VALUES ('2658', '1', 'admin', '广告位管理', '添加广告位，链接路径：34', 'ADD', '2018-08-16 13:25:08', '2018-08-16 13:25:05', '小程序pc服务');
INSERT INTO `system_user_oper_log` VALUES ('2659', '1', 'admin', '广告位管理', '修改广告位，链接路径：34', 'MODIFY', '2018-08-16 13:25:50', '2018-08-16 13:25:47', '小程序pc服务');
INSERT INTO `system_user_oper_log` VALUES ('2660', '1', 'admin', '广告位管理', '添加广告位，链接路径：www', 'ADD', '2018-08-16 13:30:28', '2018-08-16 13:30:25', '小程序pc服务');
INSERT INTO `system_user_oper_log` VALUES ('2661', '1', 'admin', '广告位管理', '添加广告位，链接路径：123', 'ADD', '2018-08-16 13:34:05', '2018-08-16 13:34:03', '小程序pc服务');
INSERT INTO `system_user_oper_log` VALUES ('2662', '1', 'admin', '广告位管理', '添加广告位，链接路径：546', 'ADD', '2018-08-16 13:35:00', '2018-08-16 13:34:58', '小程序pc服务');
INSERT INTO `system_user_oper_log` VALUES ('2663', '1', 'admin', '广告位管理', '修改广告位，链接路径：34', 'MODIFY', '2018-08-16 13:40:49', '2018-08-16 13:40:46', '小程序pc服务');
INSERT INTO `system_user_oper_log` VALUES ('2664', '1', 'admin', '广告位管理', '修改广告位，链接路径：11q', 'MODIFY', '2018-08-16 13:41:56', '2018-08-16 13:41:54', '小程序pc服务');
INSERT INTO `system_user_oper_log` VALUES ('2665', '1', 'admin', '广告位管理', '修改广告位，链接路径：90', 'MODIFY', '2018-08-16 13:45:23', '2018-08-16 13:45:21', '小程序pc服务');
INSERT INTO `system_user_oper_log` VALUES ('2666', '1', 'admin', '广告位管理', '修改广告位，链接路径：23456', 'MODIFY', '2018-08-16 13:46:27', '2018-08-16 13:46:25', '小程序pc服务');
INSERT INTO `system_user_oper_log` VALUES ('2667', '1', 'admin', '广告位管理', '修改广告位，链接路径：345', 'MODIFY', '2018-08-16 13:52:42', '2018-08-16 13:52:40', '小程序pc服务');
INSERT INTO `system_user_oper_log` VALUES ('2668', '1', 'admin', '广告位管理', '修改广告位，链接路径：123', 'MODIFY', '2018-08-16 14:05:53', '2018-08-16 14:05:51', '小程序pc服务');
INSERT INTO `system_user_oper_log` VALUES ('2669', '1', 'admin', '广告位管理', '修改广告位，链接路径：34534', 'MODIFY', '2018-08-16 14:57:05', '2018-08-16 14:57:02', '小程序pc服务');
INSERT INTO `system_user_oper_log` VALUES ('2670', '1', 'admin', '广告位管理', '修改广告位，链接路径：34534', 'MODIFY', '2018-08-16 14:57:32', '2018-08-16 14:57:29', '小程序pc服务');
INSERT INTO `system_user_oper_log` VALUES ('2671', '1', 'admin', '广告位管理', '修改广告位，链接路径：34534677', 'MODIFY', '2018-08-16 14:57:56', '2018-08-16 14:57:54', '小程序pc服务');
INSERT INTO `system_user_oper_log` VALUES ('2672', '1', 'admin', '广告位管理', '修改广告位，链接路径：2345656', 'MODIFY', '2018-08-16 14:58:00', '2018-08-16 14:57:58', '小程序pc服务');
INSERT INTO `system_user_oper_log` VALUES ('2673', '1', 'admin', '广告位管理', '修改广告位，链接路径：1232', 'MODIFY', '2018-08-16 14:58:05', '2018-08-16 14:58:02', '小程序pc服务');
INSERT INTO `system_user_oper_log` VALUES ('2674', '1', 'admin', '广告位管理', '添加广告位，链接路径：13335', 'ADD', '2018-08-16 14:59:01', '2018-08-16 14:58:59', '小程序pc服务');
INSERT INTO `system_user_oper_log` VALUES ('2675', '1', 'admin', '广告位管理', '上传 图片，id：4', 'DOWNLOAD', '2018-08-16 15:33:45', '2018-08-16 15:33:43', '小程序pc服务');
INSERT INTO `system_user_oper_log` VALUES ('2676', '1', 'admin', '广告位管理', '上传 图片，id：5', 'DOWNLOAD', '2018-08-16 15:35:22', '2018-08-16 15:35:20', '小程序pc服务');
INSERT INTO `system_user_oper_log` VALUES ('2677', '1', 'admin', '广告位管理', '上传 图片，id：4', 'DOWNLOAD', '2018-08-16 16:55:59', '2018-08-16 16:55:57', '小程序pc服务');
INSERT INTO `system_user_oper_log` VALUES ('2678', '1', 'admin', '广告位管理', '添加广告位，链接路径：1111', 'ADD', '2018-08-16 17:18:28', '2018-08-16 17:18:25', '小程序pc服务');
INSERT INTO `system_user_oper_log` VALUES ('2679', '1', 'admin', '广告位管理', '添加广告位，链接路径：111', 'ADD', '2018-08-16 17:18:42', '2018-08-16 17:18:40', '小程序pc服务');
INSERT INTO `system_user_oper_log` VALUES ('2680', '1', 'admin', '广告位管理', '修改广告位，链接路径：11', 'MODIFY', '2018-08-16 17:19:40', '2018-08-16 17:19:38', '小程序pc服务');
INSERT INTO `system_user_oper_log` VALUES ('2681', '1', 'admin', '广告位管理', '上传 图片，id：8', 'DOWNLOAD', '2018-08-16 17:19:46', '2018-08-16 17:19:44', '小程序pc服务');
INSERT INTO `system_user_oper_log` VALUES ('2682', '1', 'admin', '广告位管理', '上传 图片，id：4', 'DOWNLOAD', '2018-08-16 17:20:13', '2018-08-16 17:20:10', '小程序pc服务');
INSERT INTO `system_user_oper_log` VALUES ('2683', '1', 'admin', '广告位管理', '修改广告位，链接路径：http://www.emay.cn', 'MODIFY', '2018-08-16 17:20:49', '2018-08-16 17:20:47', '小程序pc服务');
INSERT INTO `system_user_oper_log` VALUES ('2684', '1', 'admin', '广告位管理', '上传 图片，id：4', 'DOWNLOAD', '2018-08-16 17:32:20', '2018-08-16 17:32:17', '小程序pc服务');
INSERT INTO `system_user_oper_log` VALUES ('2685', '1', 'admin', '广告位管理', '添加广告位，链接路径：https://www.baidu.com/', 'ADD', '2018-08-16 17:38:36', '2018-08-16 17:38:33', '小程序pc服务');
INSERT INTO `system_user_oper_log` VALUES ('2686', '1', 'admin', '广告位管理', '添加广告位，链接路径：https://www.baidu.com/', 'ADD', '2018-08-16 17:48:06', '2018-08-16 17:48:03', '小程序pc服务');
INSERT INTO `system_user_oper_log` VALUES ('2687', '1', 'admin', '广告位管理', '上传 图片，id：11', 'DOWNLOAD', '2018-08-16 17:48:12', '2018-08-16 17:48:09', '小程序pc服务');
INSERT INTO `system_user_oper_log` VALUES ('2688', '1', 'admin', '广告位管理', '添加广告位，链接路径：https://www.baidu.com/', 'ADD', '2018-08-16 18:05:30', '2018-08-16 18:05:27', '小程序pc服务');
INSERT INTO `system_user_oper_log` VALUES ('2689', '1', 'admin', '广告位管理', '添加广告位，链接路径：https://www.baidu.com/', 'ADD', '2018-08-16 18:20:26', '2018-08-16 18:20:23', '小程序pc服务');
INSERT INTO `system_user_oper_log` VALUES ('2690', '134', '雨花', '产品管理', '添加产品，产品名称：测试', 'ADD', '2018-08-16 18:23:55', '2018-08-16 18:23:52', '小程序b端服务');
INSERT INTO `system_user_oper_log` VALUES ('2691', '1', 'admin', '广告位管理', '上传 图片，id：13', 'DOWNLOAD', '2018-08-16 18:26:21', '2018-08-16 18:26:18', '小程序pc服务');
INSERT INTO `system_user_oper_log` VALUES ('2692', '1', 'admin', '广告位管理', '修改广告位，链接路径：https://www.baidu.som/', 'MODIFY', '2018-08-16 18:26:45', '2018-08-16 18:26:42', '小程序pc服务');
INSERT INTO `system_user_oper_log` VALUES ('2693', '1', 'admin', '广告位管理', '修改广告位，链接路径：https://www.baidu.com/', 'MODIFY', '2018-08-16 18:27:02', '2018-08-16 18:26:59', '小程序pc服务');
INSERT INTO `system_user_oper_log` VALUES ('2694', '1', 'admin', '广告位管理', '修改广告位，链接路径：http://www.baidu.com/1/', 'MODIFY', '2018-08-16 18:40:52', '2018-08-16 18:40:49', '小程序pc服务');
INSERT INTO `system_user_oper_log` VALUES ('2695', '1', 'admin', '广告位管理', '修改广告位，链接路径：http://www.baidu.com/', 'MODIFY', '2018-08-16 18:40:59', '2018-08-16 18:40:56', '小程序pc服务');
INSERT INTO `system_user_oper_log` VALUES ('2696', '1', 'admin', '广告位管理', '上传 图片，id：13', 'DOWNLOAD', '2018-08-16 18:41:16', '2018-08-16 18:41:13', '小程序pc服务');
INSERT INTO `system_user_oper_log` VALUES ('2697', '1', 'admin', '广告位管理', '上传 图片，id：13', 'DOWNLOAD', '2018-08-16 18:41:23', '2018-08-16 18:41:20', '小程序pc服务');
INSERT INTO `system_user_oper_log` VALUES ('2698', '1', 'admin', '广告位管理', '上传 图片，id：13', 'DOWNLOAD', '2018-08-16 18:42:55', '2018-08-16 18:42:52', '小程序pc服务');
INSERT INTO `system_user_oper_log` VALUES ('2699', '1', 'admin', '广告位管理', '修改广告位，链接路径：http://www.baidu.com/', 'MODIFY', '2018-08-16 18:43:26', '2018-08-16 18:43:23', '小程序pc服务');
INSERT INTO `system_user_oper_log` VALUES ('2700', '1', 'admin', '广告位管理', '修改广告位，链接路径：https://www.baidu.com/', 'MODIFY', '2018-08-17 15:38:41', '2018-08-17 15:38:39', '小程序pc服务');
INSERT INTO `system_user_oper_log` VALUES ('2701', '1', 'admin', '广告位管理', '修改广告位，链接路径：https://www.baidu.com/?123', 'MODIFY', '2018-08-17 15:38:57', '2018-08-17 15:38:54', '小程序pc服务');
INSERT INTO `system_user_oper_log` VALUES ('2702', '1', 'admin', '广告位管理', '修改广告位，链接路径：null', 'MODIFY', '2018-08-17 15:41:03', '2018-08-17 15:41:00', '小程序pc服务');
INSERT INTO `system_user_oper_log` VALUES ('2703', '1', 'admin', '广告位管理', '修改广告位，链接路径：null', 'MODIFY', '2018-08-17 15:41:24', '2018-08-17 15:41:21', '小程序pc服务');
INSERT INTO `system_user_oper_log` VALUES ('2704', '1', 'admin', '广告位管理', '修改广告位，链接路径：null', 'MODIFY', '2018-08-17 15:48:39', '2018-08-17 15:48:36', '小程序pc服务');
INSERT INTO `system_user_oper_log` VALUES ('2705', '1', 'admin', '广告位管理', '修改广告位，链接路径：https://developers.weixin.qq.com', 'MODIFY', '2018-08-17 15:58:01', '2018-08-17 15:57:59', '小程序pc服务');
INSERT INTO `system_user_oper_log` VALUES ('2706', '1', 'admin', '广告位管理', '修改广告位，链接路径：null', 'MODIFY', '2018-08-17 16:02:18', '2018-08-17 16:02:16', '小程序pc服务');
INSERT INTO `system_user_oper_log` VALUES ('2707', '1', 'admin', '广告位管理', '修改广告位，链接路径：https://developers.weixin.qq.com', 'MODIFY', '2018-08-17 16:02:42', '2018-08-17 16:02:39', '小程序pc服务');
INSERT INTO `system_user_oper_log` VALUES ('2708', '1', 'admin', '广告位管理', '修改广告位，链接路径：null', 'MODIFY', '2018-08-17 16:06:24', '2018-08-17 16:06:21', '小程序pc服务');
INSERT INTO `system_user_oper_log` VALUES ('2709', '138', '雨花', '智能营销', '编辑短信内容：测试啊，服务id：26', 'MODIFY', '2018-09-03 16:01:23', '2018-09-03 16:01:20', '小程序b端服务');
INSERT INTO `system_user_oper_log` VALUES ('2710', '138', '雨花', '智能营销', '编辑短信内容：1，服务id：26', 'MODIFY', '2018-09-03 16:02:04', '2018-09-03 16:02:00', '小程序b端服务');
INSERT INTO `system_user_oper_log` VALUES ('2711', '138', '雨花', '智能营销', '编辑短信内容：111，服务id：26', 'MODIFY', '2018-09-03 16:14:33', '2018-09-03 16:14:29', '小程序b端服务');
INSERT INTO `system_user_oper_log` VALUES ('2712', '138', '雨花', '智能营销', '编辑短信内容：111，服务id：26', 'MODIFY', '2018-09-03 16:23:18', '2018-09-03 16:23:15', '小程序b端服务');
INSERT INTO `system_user_oper_log` VALUES ('2713', '138', '雨花', '智能营销', '编辑短信内容：111，服务id：26', 'MODIFY', '2018-09-03 16:44:26', '2018-09-03 16:44:22', '小程序b端服务');
INSERT INTO `system_user_oper_log` VALUES ('2714', '138', '雨花', '智能营销', '编辑短信内容：111，服务id：26', 'MODIFY', '2018-09-03 16:55:21', '2018-09-03 16:55:17', '小程序b端服务');
INSERT INTO `system_user_oper_log` VALUES ('2715', '138', '雨花', '智能营销', '编辑短信内容：111，服务id：26', 'MODIFY', '2018-09-03 17:21:26', '2018-09-03 17:21:22', '小程序b端服务');
INSERT INTO `system_user_oper_log` VALUES ('2716', '138', '雨花', '智能营销', '编辑短信内容：1111，服务id：26', 'MODIFY', '2018-09-03 17:25:02', '2018-09-03 17:24:58', '小程序b端服务');
INSERT INTO `system_user_oper_log` VALUES ('2717', '138', '雨花', '智能营销', '编辑短信内容：111，服务id：26', 'MODIFY', '2018-09-03 17:29:51', '2018-09-03 17:29:48', '小程序b端服务');
INSERT INTO `system_user_oper_log` VALUES ('2718', '138', '雨花', '智能营销', '编辑短信内容：111，服务id：26', 'MODIFY', '2018-09-03 17:33:47', '2018-09-03 17:33:43', '小程序b端服务');
INSERT INTO `system_user_oper_log` VALUES ('2719', '138', '雨花', '智能营销', '编辑短信内容：2111，服务id：26', 'MODIFY', '2018-09-03 17:44:27', '2018-09-03 17:44:24', '小程序b端服务');
INSERT INTO `system_user_oper_log` VALUES ('2720', '138', '雨花', '智能营销', '编辑短信内容：111，服务id：26', 'MODIFY', '2018-09-03 17:46:28', '2018-09-03 17:46:24', '小程序b端服务');
INSERT INTO `system_user_oper_log` VALUES ('2721', '138', '雨花', '智能营销', '编辑短信内容：123，服务id：26', 'MODIFY', '2018-09-03 17:47:51', '2018-09-03 17:47:48', '小程序b端服务');
INSERT INTO `system_user_oper_log` VALUES ('2722', '138', '雨花', '智能营销', '编辑短信内容：222，服务id：26', 'MODIFY', '2018-09-03 17:52:20', '2018-09-03 17:52:16', '小程序b端服务');
INSERT INTO `system_user_oper_log` VALUES ('2723', '138', '雨花', '智能营销', '编辑短信内容：111，服务id：26', 'MODIFY', '2018-09-03 17:54:13', '2018-09-03 17:54:09', '小程序b端服务');
INSERT INTO `system_user_oper_log` VALUES ('2724', '139', '崔小崔', '智能营销', '编辑短信内容：12w233，服务id：26', 'MODIFY', '2018-09-03 17:54:37', '2018-09-03 17:54:35', '小程序b端服务');
INSERT INTO `system_user_oper_log` VALUES ('2725', '139', '崔小崔', '智能营销', '编辑短信内容：122，服务id：26', 'MODIFY', '2018-09-03 17:56:09', '2018-09-03 17:56:06', '小程序b端服务');
INSERT INTO `system_user_oper_log` VALUES ('2726', '139', '崔小崔', '智能营销', '编辑短信内容：122，服务id：26', 'MODIFY', '2018-09-03 18:07:45', '2018-09-03 18:07:42', '小程序b端服务');
INSERT INTO `system_user_oper_log` VALUES ('2727', '138', '雨花', '智能营销', '编辑短信内容：12，服务id：26', 'MODIFY', '2018-09-03 18:10:47', '2018-09-03 18:10:43', '小程序b端服务');
INSERT INTO `system_user_oper_log` VALUES ('2728', '138', '雨花', '智能营销', '编辑短信内容：111，服务id：26', 'MODIFY', '2018-09-03 18:15:19', '2018-09-03 18:15:15', '小程序b端服务');
INSERT INTO `system_user_oper_log` VALUES ('2729', '138', '雨花', '智能营销', '编辑短信内容：123，服务id：26', 'MODIFY', '2018-09-03 18:15:43', '2018-09-03 18:15:39', '小程序b端服务');
INSERT INTO `system_user_oper_log` VALUES ('2730', '138', '雨花', '智能营销', '编辑短信内容：12，服务id：26', 'MODIFY', '2018-09-03 18:18:56', '2018-09-03 18:18:52', '小程序b端服务');
INSERT INTO `system_user_oper_log` VALUES ('2731', '138', '雨花', '智能营销', '编辑短信内容：1231，服务id：26', 'MODIFY', '2018-09-03 18:20:16', '2018-09-03 18:20:12', '小程序b端服务');
INSERT INTO `system_user_oper_log` VALUES ('2732', '138', '雨花', '智能营销', '编辑短信内容：12，服务id：26', 'MODIFY', '2018-09-03 18:21:15', '2018-09-03 18:21:11', '小程序b端服务');
INSERT INTO `system_user_oper_log` VALUES ('2733', '138', '雨花', '智能营销', '编辑短信内容：123，服务id：26', 'MODIFY', '2018-09-03 18:23:25', '2018-09-03 18:23:22', '小程序b端服务');
INSERT INTO `system_user_oper_log` VALUES ('2734', '138', '雨花', '智能营销', '编辑短信内容：2，服务id：26', 'MODIFY', '2018-09-03 18:24:37', '2018-09-03 18:24:34', '小程序b端服务');
INSERT INTO `system_user_oper_log` VALUES ('2735', '138', '雨花', '智能营销', '编辑短信内容：1，服务id：26', 'MODIFY', '2018-09-03 18:29:36', '2018-09-03 18:29:32', '小程序b端服务');
INSERT INTO `system_user_oper_log` VALUES ('2736', '138', '雨花', '智能营销', '编辑短信内容：111，服务id：26', 'MODIFY', '2018-09-03 18:41:56', '2018-09-03 18:41:52', '小程序b端服务');
INSERT INTO `system_user_oper_log` VALUES ('2737', '138', '雨花', '智能营销', '编辑短信内容：111，服务id：26', 'MODIFY', '2018-09-03 18:43:43', '2018-09-03 18:43:39', '小程序b端服务');
INSERT INTO `system_user_oper_log` VALUES ('2738', '138', '雨花', '智能营销', '编辑短信内容：111，服务id：26', 'MODIFY', '2018-09-03 18:46:20', '2018-09-03 18:46:16', '小程序b端服务');
INSERT INTO `system_user_oper_log` VALUES ('2739', '138', '雨花', '智能营销', '编辑短信内容：1111，服务id：26', 'MODIFY', '2018-09-03 18:48:35', '2018-09-03 18:48:31', '小程序b端服务');
INSERT INTO `system_user_oper_log` VALUES ('2740', '138', '雨花', '智能营销', '编辑短信内容：111，服务id：26', 'MODIFY', '2018-09-03 18:51:50', '2018-09-03 18:51:47', '小程序b端服务');
INSERT INTO `system_user_oper_log` VALUES ('2741', '138', '雨花', '智能营销', '编辑短信内容：111，服务id：26', 'MODIFY', '2018-09-03 18:53:38', '2018-09-03 18:53:35', '小程序b端服务');
INSERT INTO `system_user_oper_log` VALUES ('2742', '138', '雨花', '智能营销', '编辑短信内容：111，服务id：26', 'MODIFY', '2018-09-03 18:57:24', '2018-09-03 18:57:20', '小程序b端服务');
INSERT INTO `system_user_oper_log` VALUES ('2743', '140', '蒋春明', '企业管理', '上传企业图片，企业id为:30 图片名:1536031781684.png', 'ADD', '2018-09-04 11:29:42', '2018-09-04 11:29:44', '小程序b端服务');
INSERT INTO `system_user_oper_log` VALUES ('2744', '140', '蒋春明', '自主营销', '编辑短信内容：淡定，服务id：82', 'MODIFY', '2018-09-04 14:18:00', '2018-09-04 14:17:59', '小程序b端服务');
INSERT INTO `system_user_oper_log` VALUES ('2745', '140', '蒋春明', '自主营销', '编辑短信内容：试试，服务id：83', 'MODIFY', '2018-09-04 14:22:11', '2018-09-04 14:22:10', '小程序b端服务');
INSERT INTO `system_user_oper_log` VALUES ('2746', '140', '蒋春明', '精准营销', '编辑短信内容：的，服务id：1', 'MODIFY', '2018-09-04 14:24:33', '2018-09-04 14:24:33', '小程序b端服务');
INSERT INTO `system_user_oper_log` VALUES ('2747', '140', '蒋春明', '精准营销', '编辑短信内容：是，服务id：1', 'MODIFY', '2018-09-04 14:30:12', '2018-09-04 14:30:12', '小程序b端服务');
INSERT INTO `system_user_oper_log` VALUES ('2748', '140', '蒋春明', '精准营销', '编辑短信内容：淡定，服务id：34', 'MODIFY', '2018-09-04 14:47:43', '2018-09-04 14:47:42', '小程序b端服务');
INSERT INTO `system_user_oper_log` VALUES ('2749', '140', '蒋春明', '精准营销', '编辑短信内容：的，服务id：34', 'MODIFY', '2018-09-04 14:56:48', '2018-09-04 14:56:47', '小程序b端服务');
INSERT INTO `system_user_oper_log` VALUES ('2750', '140', '蒋春明', '精准营销', '编辑短信内容：的，服务id：1', 'MODIFY', '2018-09-04 14:58:40', '2018-09-04 14:58:40', '小程序b端服务');
INSERT INTO `system_user_oper_log` VALUES ('2751', '140', '蒋春明', '精准营销', '编辑短信内容：是，服务id：1', 'MODIFY', '2018-09-04 15:06:14', '2018-09-04 15:06:13', '小程序b端服务');
INSERT INTO `system_user_oper_log` VALUES ('2752', '140', '蒋春明', '自主营销', '编辑短信内容：的，服务id：84', 'MODIFY', '2018-09-04 15:27:57', '2018-09-04 15:27:56', '小程序b端服务');
INSERT INTO `system_user_oper_log` VALUES ('2753', '140', '蒋春明', '精准营销', '编辑短信内容：的，服务id：1', 'MODIFY', '2018-09-04 15:29:43', '2018-09-04 15:29:42', '小程序b端服务');
INSERT INTO `system_user_oper_log` VALUES ('2754', '140', '蒋春明', '精准营销', '编辑短信内容：是，服务id：34', 'MODIFY', '2018-09-04 15:34:06', '2018-09-04 15:34:05', '小程序b端服务');
INSERT INTO `system_user_oper_log` VALUES ('2755', '140', '蒋春明', '智能营销', '编辑短信内容：是，服务id：26', 'MODIFY', '2018-09-04 15:37:09', '2018-09-04 15:37:08', '小程序b端服务');
INSERT INTO `system_user_oper_log` VALUES ('2756', '138', '雨花', '智能营销', '编辑短信内容：1111，服务id：26', 'MODIFY', '2018-09-04 15:51:01', '2018-09-04 15:50:59', '小程序b端服务');
INSERT INTO `system_user_oper_log` VALUES ('2757', '140', '蒋春明', '自主营销', '编辑短信内容：是，服务id：85', 'MODIFY', '2018-09-04 15:53:23', '2018-09-04 15:53:23', '小程序b端服务');
INSERT INTO `system_user_oper_log` VALUES ('2758', '138', '雨花', '智能营销', '编辑短信内容：111，服务id：26', 'MODIFY', '2018-09-04 15:54:05', '2018-09-04 15:54:03', '小程序b端服务');
INSERT INTO `system_user_oper_log` VALUES ('2759', '140', '蒋春明', '自主营销', '编辑短信内容：的，服务id：86', 'MODIFY', '2018-09-04 15:54:37', '2018-09-04 15:54:36', '小程序b端服务');
INSERT INTO `system_user_oper_log` VALUES ('2760', '140', '蒋春明', '自主营销', '编辑短信内容：是，服务id：87', 'MODIFY', '2018-09-04 16:02:40', '2018-09-04 16:02:39', '小程序b端服务');
INSERT INTO `system_user_oper_log` VALUES ('2761', '138', '雨花', '智能营销', '编辑短信内容：111，服务id：26', 'MODIFY', '2018-09-04 16:02:59', '2018-09-04 16:02:58', '小程序b端服务');
INSERT INTO `system_user_oper_log` VALUES ('2762', '140', '蒋春明', '智能营销', '编辑短信内容：的，服务id：26', 'MODIFY', '2018-09-04 16:04:12', '2018-09-04 16:04:11', '小程序b端服务');
INSERT INTO `system_user_oper_log` VALUES ('2763', '140', '蒋春明', '智能营销', '编辑短信内容：的，服务id：27', 'MODIFY', '2018-09-04 16:04:46', '2018-09-04 16:04:45', '小程序b端服务');
INSERT INTO `system_user_oper_log` VALUES ('2764', '140', '蒋春明', '智能营销', '编辑短信内容：是，服务id：26', 'MODIFY', '2018-09-04 16:06:57', '2018-09-04 16:06:57', '小程序b端服务');
INSERT INTO `system_user_oper_log` VALUES ('2765', '140', '蒋春明', '智能营销', '编辑短信内容：是，服务id：26', 'MODIFY', '2018-09-04 16:09:18', '2018-09-04 16:09:18', '小程序b端服务');
INSERT INTO `system_user_oper_log` VALUES ('2766', '140', '蒋春明', '智能营销', '编辑短信内容：的，服务id：26', 'MODIFY', '2018-09-04 16:19:03', '2018-09-04 16:19:02', '小程序b端服务');
INSERT INTO `system_user_oper_log` VALUES ('2767', '140', '蒋春明', '智能营销', '编辑短信内容：的，服务id：26', 'MODIFY', '2018-09-04 16:20:22', '2018-09-04 16:20:21', '小程序b端服务');
INSERT INTO `system_user_oper_log` VALUES ('2768', '140', '蒋春明', '智能营销', '编辑短信内容：是，服务id：26', 'MODIFY', '2018-09-04 16:22:33', '2018-09-04 16:22:32', '小程序b端服务');
INSERT INTO `system_user_oper_log` VALUES ('2769', '140', '蒋春明', '智能营销', '编辑短信内容：的，服务id：26', 'MODIFY', '2018-09-04 16:23:53', '2018-09-04 16:23:52', '小程序b端服务');
INSERT INTO `system_user_oper_log` VALUES ('2770', '140', '蒋春明', '智能营销', '编辑短信内容：去，服务id：26', 'MODIFY', '2018-09-04 16:24:34', '2018-09-04 16:24:33', '小程序b端服务');
INSERT INTO `system_user_oper_log` VALUES ('2771', '140', '蒋春明', '智能营销', '编辑短信内容：试试，服务id：26', 'MODIFY', '2018-09-04 16:28:05', '2018-09-04 16:28:04', '小程序b端服务');
INSERT INTO `system_user_oper_log` VALUES ('2772', '140', '蒋春明', '智能营销', '编辑短信内容：的，服务id：26', 'MODIFY', '2018-09-04 17:13:40', '2018-09-04 17:13:40', '小程序b端服务');
INSERT INTO `system_user_oper_log` VALUES ('2773', '140', '蒋春明', '智能营销', '编辑短信内容：undefined，服务id：26', 'MODIFY', '2018-09-04 17:13:45', '2018-09-04 17:13:44', '小程序b端服务');
INSERT INTO `system_user_oper_log` VALUES ('2774', '140', '蒋春明', '精准营销', '编辑短信内容：的，服务id：1', 'MODIFY', '2018-09-04 17:17:14', '2018-09-04 17:17:13', '小程序b端服务');
INSERT INTO `system_user_oper_log` VALUES ('2775', '140', '蒋春明', '精准营销', '编辑短信内容：的，服务id：1', 'MODIFY', '2018-09-04 17:19:15', '2018-09-04 17:19:14', '小程序b端服务');
INSERT INTO `system_user_oper_log` VALUES ('2776', '140', '蒋春明', '精准营销', '编辑短信内容：淡定，服务id：1', 'MODIFY', '2018-09-04 17:22:59', '2018-09-04 17:22:59', '小程序b端服务');
INSERT INTO `system_user_oper_log` VALUES ('2777', '140', '蒋春明', '精准营销', '编辑短信内容：undefined，服务id：1', 'MODIFY', '2018-09-04 17:23:00', '2018-09-04 17:22:59', '小程序b端服务');
INSERT INTO `system_user_oper_log` VALUES ('2778', '140', '蒋春明', '精准营销', '编辑短信内容：undefined，服务id：1', 'MODIFY', '2018-09-04 17:23:00', '2018-09-04 17:23:00', '小程序b端服务');
INSERT INTO `system_user_oper_log` VALUES ('2779', '140', '蒋春明', '精准营销', '编辑短信内容：undefined，服务id：1', 'MODIFY', '2018-09-04 17:23:00', '2018-09-04 17:23:00', '小程序b端服务');
INSERT INTO `system_user_oper_log` VALUES ('2780', '140', '蒋春明', '精准营销', '编辑短信内容：undefined，服务id：1', 'MODIFY', '2018-09-04 17:23:01', '2018-09-04 17:23:00', '小程序b端服务');
INSERT INTO `system_user_oper_log` VALUES ('2781', '140', '蒋春明', '精准营销', '编辑短信内容：undefined，服务id：1', 'MODIFY', '2018-09-04 17:23:01', '2018-09-04 17:23:00', '小程序b端服务');
INSERT INTO `system_user_oper_log` VALUES ('2782', '140', '蒋春明', '精准营销', '编辑短信内容：undefined，服务id：1', 'MODIFY', '2018-09-04 17:23:01', '2018-09-04 17:23:01', '小程序b端服务');
INSERT INTO `system_user_oper_log` VALUES ('2783', '140', '蒋春明', '精准营销', '编辑短信内容：undefined，服务id：1', 'MODIFY', '2018-09-04 17:23:02', '2018-09-04 17:23:01', '小程序b端服务');
INSERT INTO `system_user_oper_log` VALUES ('2784', '140', '蒋春明', '精准营销', '编辑短信内容：undefined，服务id：1', 'MODIFY', '2018-09-04 17:23:02', '2018-09-04 17:23:02', '小程序b端服务');
INSERT INTO `system_user_oper_log` VALUES ('2785', '140', '蒋春明', '精准营销', '编辑短信内容：undefined，服务id：1', 'MODIFY', '2018-09-04 17:23:03', '2018-09-04 17:23:02', '小程序b端服务');
INSERT INTO `system_user_oper_log` VALUES ('2786', '140', '蒋春明', '精准营销', '编辑短信内容：undefined，服务id：1', 'MODIFY', '2018-09-04 17:23:03', '2018-09-04 17:23:02', '小程序b端服务');
INSERT INTO `system_user_oper_log` VALUES ('2787', '140', '蒋春明', '精准营销', '编辑短信内容：undefined，服务id：1', 'MODIFY', '2018-09-04 17:23:03', '2018-09-04 17:23:03', '小程序b端服务');
INSERT INTO `system_user_oper_log` VALUES ('2788', '140', '蒋春明', '精准营销', '编辑短信内容：undefined，服务id：1', 'MODIFY', '2018-09-04 17:23:03', '2018-09-04 17:23:03', '小程序b端服务');
INSERT INTO `system_user_oper_log` VALUES ('2789', '140', '蒋春明', '精准营销', '编辑短信内容：undefined，服务id：1', 'MODIFY', '2018-09-04 17:23:04', '2018-09-04 17:23:03', '小程序b端服务');
INSERT INTO `system_user_oper_log` VALUES ('2790', '140', '蒋春明', '精准营销', '编辑短信内容：undefined，服务id：1', 'MODIFY', '2018-09-04 17:23:04', '2018-09-04 17:23:04', '小程序b端服务');
INSERT INTO `system_user_oper_log` VALUES ('2791', '140', '蒋春明', '精准营销', '编辑短信内容：undefined，服务id：1', 'MODIFY', '2018-09-04 17:23:05', '2018-09-04 17:23:04', '小程序b端服务');
INSERT INTO `system_user_oper_log` VALUES ('2792', '140', '蒋春明', '精准营销', '编辑短信内容：undefined，服务id：1', 'MODIFY', '2018-09-04 17:23:05', '2018-09-04 17:23:05', '小程序b端服务');
INSERT INTO `system_user_oper_log` VALUES ('2793', '140', '蒋春明', '精准营销', '编辑短信内容：undefined，服务id：1', 'MODIFY', '2018-09-04 17:23:06', '2018-09-04 17:23:05', '小程序b端服务');
INSERT INTO `system_user_oper_log` VALUES ('2794', '140', '蒋春明', '精准营销', '编辑短信内容：undefined，服务id：1', 'MODIFY', '2018-09-04 17:23:07', '2018-09-04 17:23:06', '小程序b端服务');
INSERT INTO `system_user_oper_log` VALUES ('2795', '140', '蒋春明', '精准营销', '编辑短信内容：undefined，服务id：1', 'MODIFY', '2018-09-04 17:23:07', '2018-09-04 17:23:06', '小程序b端服务');
INSERT INTO `system_user_oper_log` VALUES ('2796', '140', '蒋春明', '精准营销', '编辑短信内容：undefined，服务id：1', 'MODIFY', '2018-09-04 17:23:07', '2018-09-04 17:23:07', '小程序b端服务');
INSERT INTO `system_user_oper_log` VALUES ('2797', '140', '蒋春明', '精准营销', '编辑短信内容：undefined，服务id：1', 'MODIFY', '2018-09-04 17:23:08', '2018-09-04 17:23:07', '小程序b端服务');
INSERT INTO `system_user_oper_log` VALUES ('2798', '140', '蒋春明', '精准营销', '编辑短信内容：undefined，服务id：1', 'MODIFY', '2018-09-04 17:23:08', '2018-09-04 17:23:07', '小程序b端服务');
INSERT INTO `system_user_oper_log` VALUES ('2799', '140', '蒋春明', '精准营销', '编辑短信内容：undefined，服务id：1', 'MODIFY', '2018-09-04 17:23:08', '2018-09-04 17:23:08', '小程序b端服务');
INSERT INTO `system_user_oper_log` VALUES ('2800', '140', '蒋春明', '精准营销', '编辑短信内容：undefined，服务id：1', 'MODIFY', '2018-09-04 17:23:09', '2018-09-04 17:23:08', '小程序b端服务');
INSERT INTO `system_user_oper_log` VALUES ('2801', '140', '蒋春明', '精准营销', '编辑短信内容：undefined，服务id：1', 'MODIFY', '2018-09-04 17:23:09', '2018-09-04 17:23:08', '小程序b端服务');
INSERT INTO `system_user_oper_log` VALUES ('2802', '140', '蒋春明', '精准营销', '编辑短信内容：undefined，服务id：1', 'MODIFY', '2018-09-04 17:23:09', '2018-09-04 17:23:09', '小程序b端服务');
INSERT INTO `system_user_oper_log` VALUES ('2803', '140', '蒋春明', '精准营销', '编辑短信内容：undefined，服务id：1', 'MODIFY', '2018-09-04 17:23:10', '2018-09-04 17:23:09', '小程序b端服务');
INSERT INTO `system_user_oper_log` VALUES ('2804', '140', '蒋春明', '精准营销', '编辑短信内容：undefined，服务id：1', 'MODIFY', '2018-09-04 17:23:10', '2018-09-04 17:23:09', '小程序b端服务');
INSERT INTO `system_user_oper_log` VALUES ('2805', '140', '蒋春明', '精准营销', '编辑短信内容：undefined，服务id：1', 'MODIFY', '2018-09-04 17:23:10', '2018-09-04 17:23:10', '小程序b端服务');
INSERT INTO `system_user_oper_log` VALUES ('2806', '140', '蒋春明', '精准营销', '编辑短信内容：undefined，服务id：1', 'MODIFY', '2018-09-04 17:23:11', '2018-09-04 17:23:10', '小程序b端服务');
INSERT INTO `system_user_oper_log` VALUES ('2807', '140', '蒋春明', '精准营销', '编辑短信内容：的，服务id：1', 'MODIFY', '2018-09-04 17:26:00', '2018-09-04 17:25:59', '小程序b端服务');
INSERT INTO `system_user_oper_log` VALUES ('2808', '140', '蒋春明', '精准营销', '编辑短信内容：undefined，服务id：1', 'MODIFY', '2018-09-04 17:26:00', '2018-09-04 17:25:59', '小程序b端服务');
INSERT INTO `system_user_oper_log` VALUES ('2809', '140', '蒋春明', '精准营销', '编辑短信内容：undefined，服务id：1', 'MODIFY', '2018-09-04 17:26:01', '2018-09-04 17:26:00', '小程序b端服务');
INSERT INTO `system_user_oper_log` VALUES ('2810', '140', '蒋春明', '精准营销', '编辑短信内容：undefined，服务id：1', 'MODIFY', '2018-09-04 17:26:01', '2018-09-04 17:26:00', '小程序b端服务');
INSERT INTO `system_user_oper_log` VALUES ('2811', '140', '蒋春明', '精准营销', '编辑短信内容：undefined，服务id：1', 'MODIFY', '2018-09-04 17:26:01', '2018-09-04 17:26:01', '小程序b端服务');
INSERT INTO `system_user_oper_log` VALUES ('2812', '140', '蒋春明', '精准营销', '编辑短信内容：undefined，服务id：1', 'MODIFY', '2018-09-04 17:26:02', '2018-09-04 17:26:01', '小程序b端服务');
INSERT INTO `system_user_oper_log` VALUES ('2813', '140', '蒋春明', '精准营销', '编辑短信内容：undefined，服务id：1', 'MODIFY', '2018-09-04 17:26:02', '2018-09-04 17:26:01', '小程序b端服务');
INSERT INTO `system_user_oper_log` VALUES ('2814', '140', '蒋春明', '精准营销', '编辑短信内容：undefined，服务id：1', 'MODIFY', '2018-09-04 17:26:02', '2018-09-04 17:26:02', '小程序b端服务');
INSERT INTO `system_user_oper_log` VALUES ('2815', '140', '蒋春明', '精准营销', '编辑短信内容：undefined，服务id：1', 'MODIFY', '2018-09-04 17:26:03', '2018-09-04 17:26:02', '小程序b端服务');
INSERT INTO `system_user_oper_log` VALUES ('2816', '140', '蒋春明', '精准营销', '编辑短信内容：undefined，服务id：1', 'MODIFY', '2018-09-04 17:26:03', '2018-09-04 17:26:03', '小程序b端服务');
INSERT INTO `system_user_oper_log` VALUES ('2817', '140', '蒋春明', '精准营销', '编辑短信内容：undefined，服务id：1', 'MODIFY', '2018-09-04 17:26:04', '2018-09-04 17:26:03', '小程序b端服务');
INSERT INTO `system_user_oper_log` VALUES ('2818', '140', '蒋春明', '精准营销', '编辑短信内容：undefined，服务id：1', 'MODIFY', '2018-09-04 17:26:05', '2018-09-04 17:26:04', '小程序b端服务');
INSERT INTO `system_user_oper_log` VALUES ('2819', '140', '蒋春明', '精准营销', '编辑短信内容：undefined，服务id：1', 'MODIFY', '2018-09-04 17:26:05', '2018-09-04 17:26:05', '小程序b端服务');
INSERT INTO `system_user_oper_log` VALUES ('2820', '140', '蒋春明', '精准营销', '编辑短信内容：undefined，服务id：1', 'MODIFY', '2018-09-04 17:26:06', '2018-09-04 17:26:05', '小程序b端服务');
INSERT INTO `system_user_oper_log` VALUES ('2821', '140', '蒋春明', '精准营销', '编辑短信内容：undefined，服务id：1', 'MODIFY', '2018-09-04 17:26:06', '2018-09-04 17:26:05', '小程序b端服务');
INSERT INTO `system_user_oper_log` VALUES ('2822', '140', '蒋春明', '精准营销', '编辑短信内容：undefined，服务id：1', 'MODIFY', '2018-09-04 17:26:06', '2018-09-04 17:26:06', '小程序b端服务');
INSERT INTO `system_user_oper_log` VALUES ('2823', '140', '蒋春明', '精准营销', '编辑短信内容：undefined，服务id：1', 'MODIFY', '2018-09-04 17:26:07', '2018-09-04 17:26:06', '小程序b端服务');
INSERT INTO `system_user_oper_log` VALUES ('2824', '140', '蒋春明', '精准营销', '编辑短信内容：undefined，服务id：1', 'MODIFY', '2018-09-04 17:26:07', '2018-09-04 17:26:06', '小程序b端服务');
INSERT INTO `system_user_oper_log` VALUES ('2825', '140', '蒋春明', '精准营销', '编辑短信内容：undefined，服务id：1', 'MODIFY', '2018-09-04 17:26:07', '2018-09-04 17:26:07', '小程序b端服务');
INSERT INTO `system_user_oper_log` VALUES ('2826', '140', '蒋春明', '精准营销', '编辑短信内容：undefined，服务id：1', 'MODIFY', '2018-09-04 17:26:08', '2018-09-04 17:26:07', '小程序b端服务');
INSERT INTO `system_user_oper_log` VALUES ('2827', '140', '蒋春明', '精准营销', '编辑短信内容：undefined，服务id：1', 'MODIFY', '2018-09-04 17:26:08', '2018-09-04 17:26:07', '小程序b端服务');
INSERT INTO `system_user_oper_log` VALUES ('2828', '140', '蒋春明', '精准营销', '编辑短信内容：undefined，服务id：1', 'MODIFY', '2018-09-04 17:26:08', '2018-09-04 17:26:08', '小程序b端服务');
INSERT INTO `system_user_oper_log` VALUES ('2829', '140', '蒋春明', '精准营销', '编辑短信内容：undefined，服务id：1', 'MODIFY', '2018-09-04 17:26:09', '2018-09-04 17:26:08', '小程序b端服务');
INSERT INTO `system_user_oper_log` VALUES ('2830', '140', '蒋春明', '精准营销', '编辑短信内容：undefined，服务id：1', 'MODIFY', '2018-09-04 17:26:09', '2018-09-04 17:26:09', '小程序b端服务');
INSERT INTO `system_user_oper_log` VALUES ('2831', '140', '蒋春明', '精准营销', '编辑短信内容：undefined，服务id：1', 'MODIFY', '2018-09-04 17:26:10', '2018-09-04 17:26:09', '小程序b端服务');
INSERT INTO `system_user_oper_log` VALUES ('2832', '140', '蒋春明', '精准营销', '编辑短信内容：undefined，服务id：1', 'MODIFY', '2018-09-04 17:26:10', '2018-09-04 17:26:10', '小程序b端服务');
INSERT INTO `system_user_oper_log` VALUES ('2833', '140', '蒋春明', '精准营销', '编辑短信内容：undefined，服务id：1', 'MODIFY', '2018-09-04 17:26:11', '2018-09-04 17:26:10', '小程序b端服务');
INSERT INTO `system_user_oper_log` VALUES ('2834', '140', '蒋春明', '精准营销', '编辑短信内容：undefined，服务id：1', 'MODIFY', '2018-09-04 17:26:12', '2018-09-04 17:26:11', '小程序b端服务');
INSERT INTO `system_user_oper_log` VALUES ('2835', '140', '蒋春明', '精准营销', '编辑短信内容：undefined，服务id：1', 'MODIFY', '2018-09-04 17:26:12', '2018-09-04 17:26:11', '小程序b端服务');
INSERT INTO `system_user_oper_log` VALUES ('2836', '140', '蒋春明', '精准营销', '编辑短信内容：undefined，服务id：1', 'MODIFY', '2018-09-04 17:26:12', '2018-09-04 17:26:12', '小程序b端服务');
INSERT INTO `system_user_oper_log` VALUES ('2837', '140', '蒋春明', '精准营销', '编辑短信内容：undefined，服务id：1', 'MODIFY', '2018-09-04 17:26:13', '2018-09-04 17:26:12', '小程序b端服务');
INSERT INTO `system_user_oper_log` VALUES ('2838', '140', '蒋春明', '精准营销', '编辑短信内容：undefined，服务id：1', 'MODIFY', '2018-09-04 17:26:13', '2018-09-04 17:26:13', '小程序b端服务');
INSERT INTO `system_user_oper_log` VALUES ('2839', '140', '蒋春明', '精准营销', '编辑短信内容：undefined，服务id：1', 'MODIFY', '2018-09-04 17:26:13', '2018-09-04 17:26:13', '小程序b端服务');
INSERT INTO `system_user_oper_log` VALUES ('2840', '140', '蒋春明', '精准营销', '编辑短信内容：undefined，服务id：1', 'MODIFY', '2018-09-04 17:26:14', '2018-09-04 17:26:13', '小程序b端服务');
INSERT INTO `system_user_oper_log` VALUES ('2841', '140', '蒋春明', '精准营销', '编辑短信内容：undefined，服务id：1', 'MODIFY', '2018-09-04 17:26:14', '2018-09-04 17:26:13', '小程序b端服务');
INSERT INTO `system_user_oper_log` VALUES ('2842', '140', '蒋春明', '精准营销', '编辑短信内容：undefined，服务id：1', 'MODIFY', '2018-09-04 17:26:15', '2018-09-04 17:26:14', '小程序b端服务');
INSERT INTO `system_user_oper_log` VALUES ('2843', '140', '蒋春明', '精准营销', '编辑短信内容：undefined，服务id：1', 'MODIFY', '2018-09-04 17:26:15', '2018-09-04 17:26:14', '小程序b端服务');
INSERT INTO `system_user_oper_log` VALUES ('2844', '140', '蒋春明', '精准营销', '编辑短信内容：undefined，服务id：1', 'MODIFY', '2018-09-04 17:26:15', '2018-09-04 17:26:14', '小程序b端服务');
INSERT INTO `system_user_oper_log` VALUES ('2845', '140', '蒋春明', '精准营销', '编辑短信内容：undefined，服务id：1', 'MODIFY', '2018-09-04 17:26:16', '2018-09-04 17:26:15', '小程序b端服务');
INSERT INTO `system_user_oper_log` VALUES ('2846', '140', '蒋春明', '精准营销', '编辑短信内容：undefined，服务id：1', 'MODIFY', '2018-09-04 17:26:16', '2018-09-04 17:26:15', '小程序b端服务');
INSERT INTO `system_user_oper_log` VALUES ('2847', '140', '蒋春明', '精准营销', '编辑短信内容：undefined，服务id：1', 'MODIFY', '2018-09-04 17:26:16', '2018-09-04 17:26:15', '小程序b端服务');
INSERT INTO `system_user_oper_log` VALUES ('2848', '140', '蒋春明', '精准营销', '编辑短信内容：undefined，服务id：1', 'MODIFY', '2018-09-04 17:26:16', '2018-09-04 17:26:16', '小程序b端服务');
INSERT INTO `system_user_oper_log` VALUES ('2849', '140', '蒋春明', '精准营销', '编辑短信内容：undefined，服务id：1', 'MODIFY', '2018-09-04 17:26:17', '2018-09-04 17:26:16', '小程序b端服务');
INSERT INTO `system_user_oper_log` VALUES ('2850', '140', '蒋春明', '精准营销', '编辑短信内容：undefined，服务id：1', 'MODIFY', '2018-09-04 17:26:17', '2018-09-04 17:26:17', '小程序b端服务');
INSERT INTO `system_user_oper_log` VALUES ('2851', '140', '蒋春明', '精准营销', '编辑短信内容：undefined，服务id：1', 'MODIFY', '2018-09-04 17:26:18', '2018-09-04 17:26:17', '小程序b端服务');
INSERT INTO `system_user_oper_log` VALUES ('2852', '140', '蒋春明', '精准营销', '编辑短信内容：undefined，服务id：1', 'MODIFY', '2018-09-04 17:26:18', '2018-09-04 17:26:17', '小程序b端服务');
INSERT INTO `system_user_oper_log` VALUES ('2853', '140', '蒋春明', '精准营销', '编辑短信内容：undefined，服务id：1', 'MODIFY', '2018-09-04 17:26:18', '2018-09-04 17:26:18', '小程序b端服务');
INSERT INTO `system_user_oper_log` VALUES ('2854', '140', '蒋春明', '精准营销', '编辑短信内容：undefined，服务id：1', 'MODIFY', '2018-09-04 17:26:19', '2018-09-04 17:26:18', '小程序b端服务');
INSERT INTO `system_user_oper_log` VALUES ('2855', '140', '蒋春明', '精准营销', '编辑短信内容：undefined，服务id：1', 'MODIFY', '2018-09-04 17:26:19', '2018-09-04 17:26:18', '小程序b端服务');
INSERT INTO `system_user_oper_log` VALUES ('2856', '140', '蒋春明', '精准营销', '编辑短信内容：undefined，服务id：1', 'MODIFY', '2018-09-04 17:26:20', '2018-09-04 17:26:19', '小程序b端服务');
INSERT INTO `system_user_oper_log` VALUES ('2857', '140', '蒋春明', '精准营销', '编辑短信内容：undefined，服务id：1', 'MODIFY', '2018-09-04 17:26:20', '2018-09-04 17:26:19', '小程序b端服务');
INSERT INTO `system_user_oper_log` VALUES ('2858', '140', '蒋春明', '精准营销', '编辑短信内容：undefined，服务id：1', 'MODIFY', '2018-09-04 17:26:20', '2018-09-04 17:26:19', '小程序b端服务');
INSERT INTO `system_user_oper_log` VALUES ('2859', '140', '蒋春明', '精准营销', '编辑短信内容：undefined，服务id：1', 'MODIFY', '2018-09-04 17:26:21', '2018-09-04 17:26:20', '小程序b端服务');
INSERT INTO `system_user_oper_log` VALUES ('2860', '140', '蒋春明', '精准营销', '编辑短信内容：undefined，服务id：1', 'MODIFY', '2018-09-04 17:26:21', '2018-09-04 17:26:20', '小程序b端服务');
INSERT INTO `system_user_oper_log` VALUES ('2861', '140', '蒋春明', '精准营销', '编辑短信内容：undefined，服务id：1', 'MODIFY', '2018-09-04 17:26:21', '2018-09-04 17:26:21', '小程序b端服务');
INSERT INTO `system_user_oper_log` VALUES ('2862', '140', '蒋春明', '精准营销', '编辑短信内容：undefined，服务id：1', 'MODIFY', '2018-09-04 17:26:22', '2018-09-04 17:26:21', '小程序b端服务');
INSERT INTO `system_user_oper_log` VALUES ('2863', '140', '蒋春明', '精准营销', '编辑短信内容：undefined，服务id：1', 'MODIFY', '2018-09-04 17:26:22', '2018-09-04 17:26:22', '小程序b端服务');
INSERT INTO `system_user_oper_log` VALUES ('2864', '140', '蒋春明', '精准营销', '编辑短信内容：undefined，服务id：1', 'MODIFY', '2018-09-04 17:26:23', '2018-09-04 17:26:22', '小程序b端服务');
INSERT INTO `system_user_oper_log` VALUES ('2865', '140', '蒋春明', '精准营销', '编辑短信内容：undefined，服务id：1', 'MODIFY', '2018-09-04 17:26:24', '2018-09-04 17:26:23', '小程序b端服务');
INSERT INTO `system_user_oper_log` VALUES ('2866', '140', '蒋春明', '精准营销', '编辑短信内容：undefined，服务id：1', 'MODIFY', '2018-09-04 17:26:24', '2018-09-04 17:26:23', '小程序b端服务');
INSERT INTO `system_user_oper_log` VALUES ('2867', '140', '蒋春明', '精准营销', '编辑短信内容：undefined，服务id：1', 'MODIFY', '2018-09-04 17:26:24', '2018-09-04 17:26:24', '小程序b端服务');
INSERT INTO `system_user_oper_log` VALUES ('2868', '140', '蒋春明', '精准营销', '编辑短信内容：undefined，服务id：1', 'MODIFY', '2018-09-04 17:26:25', '2018-09-04 17:26:24', '小程序b端服务');
INSERT INTO `system_user_oper_log` VALUES ('2869', '140', '蒋春明', '精准营销', '编辑短信内容：undefined，服务id：1', 'MODIFY', '2018-09-04 17:26:25', '2018-09-04 17:26:25', '小程序b端服务');
INSERT INTO `system_user_oper_log` VALUES ('2870', '140', '蒋春明', '精准营销', '编辑短信内容：undefined，服务id：1', 'MODIFY', '2018-09-04 17:26:26', '2018-09-04 17:26:25', '小程序b端服务');
INSERT INTO `system_user_oper_log` VALUES ('2871', '140', '蒋春明', '精准营销', '编辑短信内容：undefined，服务id：1', 'MODIFY', '2018-09-04 17:26:26', '2018-09-04 17:26:26', '小程序b端服务');
INSERT INTO `system_user_oper_log` VALUES ('2872', '140', '蒋春明', '精准营销', '编辑短信内容：undefined，服务id：1', 'MODIFY', '2018-09-04 17:26:27', '2018-09-04 17:26:26', '小程序b端服务');
INSERT INTO `system_user_oper_log` VALUES ('2873', '140', '蒋春明', '精准营销', '编辑短信内容：undefined，服务id：1', 'MODIFY', '2018-09-04 17:26:27', '2018-09-04 17:26:27', '小程序b端服务');
INSERT INTO `system_user_oper_log` VALUES ('2874', '140', '蒋春明', '精准营销', '编辑短信内容：undefined，服务id：1', 'MODIFY', '2018-09-04 17:26:28', '2018-09-04 17:26:27', '小程序b端服务');
INSERT INTO `system_user_oper_log` VALUES ('2875', '140', '蒋春明', '精准营销', '编辑短信内容：undefined，服务id：1', 'MODIFY', '2018-09-04 17:26:28', '2018-09-04 17:26:27', '小程序b端服务');
INSERT INTO `system_user_oper_log` VALUES ('2876', '140', '蒋春明', '精准营销', '编辑短信内容：undefined，服务id：1', 'MODIFY', '2018-09-04 17:26:28', '2018-09-04 17:26:28', '小程序b端服务');
INSERT INTO `system_user_oper_log` VALUES ('2877', '140', '蒋春明', '精准营销', '编辑短信内容：undefined，服务id：1', 'MODIFY', '2018-09-04 17:26:29', '2018-09-04 17:26:28', '小程序b端服务');
INSERT INTO `system_user_oper_log` VALUES ('2878', '140', '蒋春明', '精准营销', '编辑短信内容：undefined，服务id：1', 'MODIFY', '2018-09-04 17:26:29', '2018-09-04 17:26:28', '小程序b端服务');
INSERT INTO `system_user_oper_log` VALUES ('2879', '140', '蒋春明', '精准营销', '编辑短信内容：undefined，服务id：1', 'MODIFY', '2018-09-04 17:26:29', '2018-09-04 17:26:29', '小程序b端服务');
INSERT INTO `system_user_oper_log` VALUES ('2880', '140', '蒋春明', '精准营销', '编辑短信内容：undefined，服务id：1', 'MODIFY', '2018-09-04 17:26:30', '2018-09-04 17:26:29', '小程序b端服务');
INSERT INTO `system_user_oper_log` VALUES ('2881', '140', '蒋春明', '精准营销', '编辑短信内容：undefined，服务id：1', 'MODIFY', '2018-09-04 17:26:30', '2018-09-04 17:26:29', '小程序b端服务');
INSERT INTO `system_user_oper_log` VALUES ('2882', '140', '蒋春明', '精准营销', '编辑短信内容：的，服务id：1', 'MODIFY', '2018-09-04 17:28:58', '2018-09-04 17:28:57', '小程序b端服务');
INSERT INTO `system_user_oper_log` VALUES ('2883', '140', '蒋春明', '精准营销', '编辑短信内容：undefined，服务id：1', 'MODIFY', '2018-09-04 17:28:58', '2018-09-04 17:28:57', '小程序b端服务');
INSERT INTO `system_user_oper_log` VALUES ('2884', '140', '蒋春明', '精准营销', '编辑短信内容：undefined，服务id：1', 'MODIFY', '2018-09-04 17:28:58', '2018-09-04 17:28:58', '小程序b端服务');
INSERT INTO `system_user_oper_log` VALUES ('2885', '140', '蒋春明', '精准营销', '编辑短信内容：undefined，服务id：1', 'MODIFY', '2018-09-04 17:28:59', '2018-09-04 17:28:58', '小程序b端服务');
INSERT INTO `system_user_oper_log` VALUES ('2886', '140', '蒋春明', '精准营销', '编辑短信内容：undefined，服务id：1', 'MODIFY', '2018-09-04 17:28:59', '2018-09-04 17:28:59', '小程序b端服务');
INSERT INTO `system_user_oper_log` VALUES ('2887', '140', '蒋春明', '精准营销', '编辑短信内容：undefined，服务id：1', 'MODIFY', '2018-09-04 17:29:00', '2018-09-04 17:28:59', '小程序b端服务');
INSERT INTO `system_user_oper_log` VALUES ('2888', '140', '蒋春明', '精准营销', '编辑短信内容：undefined，服务id：1', 'MODIFY', '2018-09-04 17:29:00', '2018-09-04 17:29:00', '小程序b端服务');
INSERT INTO `system_user_oper_log` VALUES ('2889', '140', '蒋春明', '精准营销', '编辑短信内容：undefined，服务id：1', 'MODIFY', '2018-09-04 17:29:01', '2018-09-04 17:29:00', '小程序b端服务');
INSERT INTO `system_user_oper_log` VALUES ('2890', '140', '蒋春明', '精准营销', '编辑短信内容：undefined，服务id：1', 'MODIFY', '2018-09-04 17:29:02', '2018-09-04 17:29:01', '小程序b端服务');
INSERT INTO `system_user_oper_log` VALUES ('2891', '140', '蒋春明', '精准营销', '编辑短信内容：undefined，服务id：1', 'MODIFY', '2018-09-04 17:29:02', '2018-09-04 17:29:02', '小程序b端服务');
INSERT INTO `system_user_oper_log` VALUES ('2892', '140', '蒋春明', '精准营销', '编辑短信内容：undefined，服务id：1', 'MODIFY', '2018-09-04 17:29:03', '2018-09-04 17:29:03', '小程序b端服务');
INSERT INTO `system_user_oper_log` VALUES ('2893', '140', '蒋春明', '精准营销', '编辑短信内容：undefined，服务id：1', 'MODIFY', '2018-09-04 17:29:04', '2018-09-04 17:29:03', '小程序b端服务');
INSERT INTO `system_user_oper_log` VALUES ('2894', '140', '蒋春明', '精准营销', '编辑短信内容：undefined，服务id：1', 'MODIFY', '2018-09-04 17:29:04', '2018-09-04 17:29:04', '小程序b端服务');
INSERT INTO `system_user_oper_log` VALUES ('2895', '140', '蒋春明', '精准营销', '编辑短信内容：放到，服务id：1', 'MODIFY', '2018-09-04 17:29:21', '2018-09-04 17:29:21', '小程序b端服务');
INSERT INTO `system_user_oper_log` VALUES ('2896', '140', '蒋春明', '精准营销', '编辑短信内容：undefined，服务id：1', 'MODIFY', '2018-09-04 17:29:22', '2018-09-04 17:29:21', '小程序b端服务');
INSERT INTO `system_user_oper_log` VALUES ('2897', '140', '蒋春明', '精准营销', '编辑短信内容：undefined，服务id：1', 'MODIFY', '2018-09-04 17:29:22', '2018-09-04 17:29:21', '小程序b端服务');
INSERT INTO `system_user_oper_log` VALUES ('2898', '140', '蒋春明', '精准营销', '编辑短信内容：undefined，服务id：1', 'MODIFY', '2018-09-04 17:29:22', '2018-09-04 17:29:22', '小程序b端服务');
INSERT INTO `system_user_oper_log` VALUES ('2899', '140', '蒋春明', '精准营销', '编辑短信内容：undefined，服务id：1', 'MODIFY', '2018-09-04 17:29:23', '2018-09-04 17:29:22', '小程序b端服务');
INSERT INTO `system_user_oper_log` VALUES ('2900', '140', '蒋春明', '精准营销', '编辑短信内容：undefined，服务id：1', 'MODIFY', '2018-09-04 17:29:23', '2018-09-04 17:29:23', '小程序b端服务');
INSERT INTO `system_user_oper_log` VALUES ('2901', '140', '蒋春明', '精准营销', '编辑短信内容：undefined，服务id：1', 'MODIFY', '2018-09-04 17:29:24', '2018-09-04 17:29:23', '小程序b端服务');
INSERT INTO `system_user_oper_log` VALUES ('2902', '140', '蒋春明', '精准营销', '编辑短信内容：undefined，服务id：1', 'MODIFY', '2018-09-04 17:29:24', '2018-09-04 17:29:24', '小程序b端服务');
INSERT INTO `system_user_oper_log` VALUES ('2903', '140', '蒋春明', '精准营销', '编辑短信内容：undefined，服务id：1', 'MODIFY', '2018-09-04 17:29:25', '2018-09-04 17:29:24', '小程序b端服务');
INSERT INTO `system_user_oper_log` VALUES ('2904', '140', '蒋春明', '精准营销', '编辑短信内容：undefined，服务id：1', 'MODIFY', '2018-09-04 17:29:25', '2018-09-04 17:29:25', '小程序b端服务');
INSERT INTO `system_user_oper_log` VALUES ('2905', '140', '蒋春明', '精准营销', '编辑短信内容：undefined，服务id：1', 'MODIFY', '2018-09-04 17:29:26', '2018-09-04 17:29:25', '小程序b端服务');
INSERT INTO `system_user_oper_log` VALUES ('2906', '140', '蒋春明', '精准营销', '编辑短信内容：undefined，服务id：1', 'MODIFY', '2018-09-04 17:29:27', '2018-09-04 17:29:26', '小程序b端服务');
INSERT INTO `system_user_oper_log` VALUES ('2907', '140', '蒋春明', '精准营销', '编辑短信内容：undefined，服务id：1', 'MODIFY', '2018-09-04 17:29:27', '2018-09-04 17:29:27', '小程序b端服务');
INSERT INTO `system_user_oper_log` VALUES ('2908', '140', '蒋春明', '精准营销', '编辑短信内容：的，服务id：1', 'MODIFY', '2018-09-04 17:29:45', '2018-09-04 17:29:45', '小程序b端服务');
INSERT INTO `system_user_oper_log` VALUES ('2909', '140', '蒋春明', '精准营销', '编辑短信内容：undefined，服务id：1', 'MODIFY', '2018-09-04 17:29:46', '2018-09-04 17:29:45', '小程序b端服务');
INSERT INTO `system_user_oper_log` VALUES ('2910', '140', '蒋春明', '精准营销', '编辑短信内容：undefined，服务id：1', 'MODIFY', '2018-09-04 17:29:46', '2018-09-04 17:29:45', '小程序b端服务');
INSERT INTO `system_user_oper_log` VALUES ('2911', '140', '蒋春明', '精准营销', '编辑短信内容：undefined，服务id：1', 'MODIFY', '2018-09-04 17:29:46', '2018-09-04 17:29:46', '小程序b端服务');
INSERT INTO `system_user_oper_log` VALUES ('2912', '140', '蒋春明', '精准营销', '编辑短信内容：undefined，服务id：1', 'MODIFY', '2018-09-04 17:29:47', '2018-09-04 17:29:46', '小程序b端服务');
INSERT INTO `system_user_oper_log` VALUES ('2913', '140', '蒋春明', '精准营销', '编辑短信内容：undefined，服务id：1', 'MODIFY', '2018-09-04 17:29:47', '2018-09-04 17:29:46', '小程序b端服务');
INSERT INTO `system_user_oper_log` VALUES ('2914', '140', '蒋春明', '精准营销', '编辑短信内容：undefined，服务id：1', 'MODIFY', '2018-09-04 17:29:47', '2018-09-04 17:29:47', '小程序b端服务');
INSERT INTO `system_user_oper_log` VALUES ('2915', '140', '蒋春明', '精准营销', '编辑短信内容：undefined，服务id：1', 'MODIFY', '2018-09-04 17:29:48', '2018-09-04 17:29:47', '小程序b端服务');
INSERT INTO `system_user_oper_log` VALUES ('2916', '140', '蒋春明', '精准营销', '编辑短信内容：undefined，服务id：1', 'MODIFY', '2018-09-04 17:29:48', '2018-09-04 17:29:47', '小程序b端服务');
INSERT INTO `system_user_oper_log` VALUES ('2917', '140', '蒋春明', '精准营销', '编辑短信内容：undefined，服务id：1', 'MODIFY', '2018-09-04 17:29:48', '2018-09-04 17:29:48', '小程序b端服务');
INSERT INTO `system_user_oper_log` VALUES ('2918', '140', '蒋春明', '精准营销', '编辑短信内容：undefined，服务id：1', 'MODIFY', '2018-09-04 17:29:49', '2018-09-04 17:29:48', '小程序b端服务');
INSERT INTO `system_user_oper_log` VALUES ('2919', '140', '蒋春明', '精准营销', '编辑短信内容：undefined，服务id：1', 'MODIFY', '2018-09-04 17:29:49', '2018-09-04 17:29:48', '小程序b端服务');
INSERT INTO `system_user_oper_log` VALUES ('2920', '140', '蒋春明', '精准营销', '编辑短信内容：undefined，服务id：1', 'MODIFY', '2018-09-04 17:29:49', '2018-09-04 17:29:49', '小程序b端服务');
INSERT INTO `system_user_oper_log` VALUES ('2921', '140', '蒋春明', '精准营销', '编辑短信内容：undefined，服务id：1', 'MODIFY', '2018-09-04 17:29:50', '2018-09-04 17:29:49', '小程序b端服务');
INSERT INTO `system_user_oper_log` VALUES ('2922', '140', '蒋春明', '精准营销', '编辑短信内容：undefined，服务id：1', 'MODIFY', '2018-09-04 17:29:50', '2018-09-04 17:29:50', '小程序b端服务');
INSERT INTO `system_user_oper_log` VALUES ('2923', '140', '蒋春明', '精准营销', '编辑短信内容：undefined，服务id：1', 'MODIFY', '2018-09-04 17:29:51', '2018-09-04 17:29:50', '小程序b端服务');
INSERT INTO `system_user_oper_log` VALUES ('2924', '140', '蒋春明', '精准营销', '编辑短信内容：undefined，服务id：1', 'MODIFY', '2018-09-04 17:29:51', '2018-09-04 17:29:50', '小程序b端服务');
INSERT INTO `system_user_oper_log` VALUES ('2925', '140', '蒋春明', '精准营销', '编辑短信内容：undefined，服务id：1', 'MODIFY', '2018-09-04 17:29:51', '2018-09-04 17:29:51', '小程序b端服务');
INSERT INTO `system_user_oper_log` VALUES ('2926', '140', '蒋春明', '精准营销', '编辑短信内容：的，服务id：1', 'MODIFY', '2018-09-04 17:32:12', '2018-09-04 17:32:11', '小程序b端服务');
INSERT INTO `system_user_oper_log` VALUES ('2927', '140', '蒋春明', '精准营销', '编辑短信内容：undefined，服务id：1', 'MODIFY', '2018-09-04 17:32:12', '2018-09-04 17:32:12', '小程序b端服务');
INSERT INTO `system_user_oper_log` VALUES ('2928', '140', '蒋春明', '精准营销', '编辑短信内容：undefined，服务id：1', 'MODIFY', '2018-09-04 17:32:13', '2018-09-04 17:32:12', '小程序b端服务');
INSERT INTO `system_user_oper_log` VALUES ('2929', '140', '蒋春明', '精准营销', '编辑短信内容：undefined，服务id：1', 'MODIFY', '2018-09-04 17:32:13', '2018-09-04 17:32:13', '小程序b端服务');
INSERT INTO `system_user_oper_log` VALUES ('2930', '140', '蒋春明', '精准营销', '编辑短信内容：undefined，服务id：1', 'MODIFY', '2018-09-04 17:32:14', '2018-09-04 17:32:13', '小程序b端服务');
INSERT INTO `system_user_oper_log` VALUES ('2931', '140', '蒋春明', '精准营销', '编辑短信内容：undefined，服务id：1', 'MODIFY', '2018-09-04 17:32:14', '2018-09-04 17:32:14', '小程序b端服务');
INSERT INTO `system_user_oper_log` VALUES ('2932', '140', '蒋春明', '精准营销', '编辑短信内容：undefined，服务id：1', 'MODIFY', '2018-09-04 17:32:15', '2018-09-04 17:32:14', '小程序b端服务');
INSERT INTO `system_user_oper_log` VALUES ('2933', '140', '蒋春明', '精准营销', '编辑短信内容：undefined，服务id：1', 'MODIFY', '2018-09-04 17:32:15', '2018-09-04 17:32:15', '小程序b端服务');
INSERT INTO `system_user_oper_log` VALUES ('2934', '140', '蒋春明', '精准营销', '编辑短信内容：undefined，服务id：1', 'MODIFY', '2018-09-04 17:32:16', '2018-09-04 17:32:15', '小程序b端服务');
INSERT INTO `system_user_oper_log` VALUES ('2935', '140', '蒋春明', '精准营销', '编辑短信内容：undefined，服务id：1', 'MODIFY', '2018-09-04 17:32:16', '2018-09-04 17:32:16', '小程序b端服务');
INSERT INTO `system_user_oper_log` VALUES ('2936', '140', '蒋春明', '精准营销', '编辑短信内容：undefined，服务id：1', 'MODIFY', '2018-09-04 17:32:17', '2018-09-04 17:32:16', '小程序b端服务');
INSERT INTO `system_user_oper_log` VALUES ('2937', '140', '蒋春明', '精准营销', '编辑短信内容：undefined，服务id：1', 'MODIFY', '2018-09-04 17:32:17', '2018-09-04 17:32:16', '小程序b端服务');
INSERT INTO `system_user_oper_log` VALUES ('2938', '140', '蒋春明', '精准营销', '编辑短信内容：undefined，服务id：1', 'MODIFY', '2018-09-04 17:32:17', '2018-09-04 17:32:17', '小程序b端服务');
INSERT INTO `system_user_oper_log` VALUES ('2939', '140', '蒋春明', '精准营销', '编辑短信内容：undefined，服务id：1', 'MODIFY', '2018-09-04 17:32:18', '2018-09-04 17:32:17', '小程序b端服务');
INSERT INTO `system_user_oper_log` VALUES ('2940', '140', '蒋春明', '精准营销', '编辑短信内容：undefined，服务id：1', 'MODIFY', '2018-09-04 17:32:18', '2018-09-04 17:32:17', '小程序b端服务');
INSERT INTO `system_user_oper_log` VALUES ('2941', '140', '蒋春明', '精准营销', '编辑短信内容：undefined，服务id：1', 'MODIFY', '2018-09-04 17:32:18', '2018-09-04 17:32:18', '小程序b端服务');
INSERT INTO `system_user_oper_log` VALUES ('2942', '140', '蒋春明', '精准营销', '编辑短信内容：undefined，服务id：1', 'MODIFY', '2018-09-04 17:32:19', '2018-09-04 17:32:18', '小程序b端服务');
INSERT INTO `system_user_oper_log` VALUES ('2943', '140', '蒋春明', '精准营销', '编辑短信内容：undefined，服务id：1', 'MODIFY', '2018-09-04 17:32:19', '2018-09-04 17:32:18', '小程序b端服务');
INSERT INTO `system_user_oper_log` VALUES ('2944', '140', '蒋春明', '精准营销', '编辑短信内容：undefined，服务id：1', 'MODIFY', '2018-09-04 17:32:19', '2018-09-04 17:32:19', '小程序b端服务');
INSERT INTO `system_user_oper_log` VALUES ('2945', '140', '蒋春明', '精准营销', '编辑短信内容：undefined，服务id：1', 'MODIFY', '2018-09-04 17:32:20', '2018-09-04 17:32:19', '小程序b端服务');
INSERT INTO `system_user_oper_log` VALUES ('2946', '140', '蒋春明', '精准营销', '编辑短信内容：undefined，服务id：1', 'MODIFY', '2018-09-04 17:32:20', '2018-09-04 17:32:19', '小程序b端服务');
INSERT INTO `system_user_oper_log` VALUES ('2947', '140', '蒋春明', '精准营销', '编辑短信内容：undefined，服务id：1', 'MODIFY', '2018-09-04 17:32:20', '2018-09-04 17:32:20', '小程序b端服务');
INSERT INTO `system_user_oper_log` VALUES ('2948', '140', '蒋春明', '精准营销', '编辑短信内容：undefined，服务id：1', 'MODIFY', '2018-09-04 17:32:21', '2018-09-04 17:32:20', '小程序b端服务');
INSERT INTO `system_user_oper_log` VALUES ('2949', '140', '蒋春明', '精准营销', '编辑短信内容：undefined，服务id：1', 'MODIFY', '2018-09-04 17:32:21', '2018-09-04 17:32:20', '小程序b端服务');
INSERT INTO `system_user_oper_log` VALUES ('2950', '140', '蒋春明', '精准营销', '编辑短信内容：undefined，服务id：1', 'MODIFY', '2018-09-04 17:32:21', '2018-09-04 17:32:21', '小程序b端服务');
INSERT INTO `system_user_oper_log` VALUES ('2951', '140', '蒋春明', '精准营销', '编辑短信内容：undefined，服务id：1', 'MODIFY', '2018-09-04 17:32:22', '2018-09-04 17:32:21', '小程序b端服务');
INSERT INTO `system_user_oper_log` VALUES ('2952', '140', '蒋春明', '智能营销', '编辑短信内容：的，服务id：26', 'MODIFY', '2018-09-05 09:18:03', '2018-09-05 09:18:05', '小程序b端服务');
INSERT INTO `system_user_oper_log` VALUES ('2953', '140', '蒋春明', '精准营销', '编辑短信内容：的，服务id：1', 'MODIFY', '2018-09-05 09:22:36', '2018-09-05 09:22:38', '小程序b端服务');
INSERT INTO `system_user_oper_log` VALUES ('2954', '140', '蒋春明', '精准营销', '编辑短信内容：undefined，服务id：1', 'MODIFY', '2018-09-05 09:22:36', '2018-09-05 09:22:38', '小程序b端服务');
INSERT INTO `system_user_oper_log` VALUES ('2955', '140', '蒋春明', '精准营销', '编辑短信内容：undefined，服务id：1', 'MODIFY', '2018-09-05 09:22:36', '2018-09-05 09:22:39', '小程序b端服务');
INSERT INTO `system_user_oper_log` VALUES ('2956', '140', '蒋春明', '精准营销', '编辑短信内容：undefined，服务id：1', 'MODIFY', '2018-09-05 09:22:37', '2018-09-05 09:22:39', '小程序b端服务');
INSERT INTO `system_user_oper_log` VALUES ('2957', '140', '蒋春明', '精准营销', '编辑短信内容：undefined，服务id：1', 'MODIFY', '2018-09-05 09:22:37', '2018-09-05 09:22:39', '小程序b端服务');
INSERT INTO `system_user_oper_log` VALUES ('2958', '140', '蒋春明', '精准营销', '编辑短信内容：undefined，服务id：1', 'MODIFY', '2018-09-05 09:22:37', '2018-09-05 09:22:40', '小程序b端服务');
INSERT INTO `system_user_oper_log` VALUES ('2959', '140', '蒋春明', '精准营销', '编辑短信内容：undefined，服务id：1', 'MODIFY', '2018-09-05 09:22:38', '2018-09-05 09:22:40', '小程序b端服务');
INSERT INTO `system_user_oper_log` VALUES ('2960', '140', '蒋春明', '精准营销', '编辑短信内容：undefined，服务id：1', 'MODIFY', '2018-09-05 09:22:38', '2018-09-05 09:22:40', '小程序b端服务');
INSERT INTO `system_user_oper_log` VALUES ('2961', '140', '蒋春明', '精准营销', '编辑短信内容：undefined，服务id：1', 'MODIFY', '2018-09-05 09:22:38', '2018-09-05 09:22:41', '小程序b端服务');
INSERT INTO `system_user_oper_log` VALUES ('2962', '140', '蒋春明', '精准营销', '编辑短信内容：undefined，服务id：1', 'MODIFY', '2018-09-05 09:22:39', '2018-09-05 09:22:41', '小程序b端服务');
INSERT INTO `system_user_oper_log` VALUES ('2963', '140', '蒋春明', '精准营销', '编辑短信内容：undefined，服务id：1', 'MODIFY', '2018-09-05 09:22:39', '2018-09-05 09:22:41', '小程序b端服务');
INSERT INTO `system_user_oper_log` VALUES ('2964', '140', '蒋春明', '精准营销', '编辑短信内容：undefined，服务id：1', 'MODIFY', '2018-09-05 09:22:39', '2018-09-05 09:22:42', '小程序b端服务');
INSERT INTO `system_user_oper_log` VALUES ('2965', '140', '蒋春明', '精准营销', '编辑短信内容：undefined，服务id：1', 'MODIFY', '2018-09-05 09:22:40', '2018-09-05 09:22:42', '小程序b端服务');
INSERT INTO `system_user_oper_log` VALUES ('2966', '140', '蒋春明', '精准营销', '编辑短信内容：undefined，服务id：1', 'MODIFY', '2018-09-05 09:22:40', '2018-09-05 09:22:42', '小程序b端服务');
INSERT INTO `system_user_oper_log` VALUES ('2967', '140', '蒋春明', '精准营销', '编辑短信内容：undefined，服务id：1', 'MODIFY', '2018-09-05 09:22:40', '2018-09-05 09:22:43', '小程序b端服务');
INSERT INTO `system_user_oper_log` VALUES ('2968', '140', '蒋春明', '精准营销', '编辑短信内容：undefined，服务id：1', 'MODIFY', '2018-09-05 09:22:40', '2018-09-05 09:22:43', '小程序b端服务');
INSERT INTO `system_user_oper_log` VALUES ('2969', '140', '蒋春明', '精准营销', '编辑短信内容：undefined，服务id：1', 'MODIFY', '2018-09-05 09:22:41', '2018-09-05 09:22:43', '小程序b端服务');
INSERT INTO `system_user_oper_log` VALUES ('2970', '140', '蒋春明', '精准营销', '编辑短信内容：undefined，服务id：1', 'MODIFY', '2018-09-05 09:22:41', '2018-09-05 09:22:44', '小程序b端服务');
INSERT INTO `system_user_oper_log` VALUES ('2971', '140', '蒋春明', '精准营销', '编辑短信内容：undefined，服务id：1', 'MODIFY', '2018-09-05 09:22:42', '2018-09-05 09:22:44', '小程序b端服务');
INSERT INTO `system_user_oper_log` VALUES ('2972', '140', '蒋春明', '精准营销', '编辑短信内容：undefined，服务id：1', 'MODIFY', '2018-09-05 09:22:42', '2018-09-05 09:22:44', '小程序b端服务');
INSERT INTO `system_user_oper_log` VALUES ('2973', '140', '蒋春明', '精准营销', '编辑短信内容：undefined，服务id：1', 'MODIFY', '2018-09-05 09:22:42', '2018-09-05 09:22:45', '小程序b端服务');
INSERT INTO `system_user_oper_log` VALUES ('2974', '140', '蒋春明', '精准营销', '编辑短信内容：undefined，服务id：1', 'MODIFY', '2018-09-05 09:22:43', '2018-09-05 09:22:45', '小程序b端服务');
INSERT INTO `system_user_oper_log` VALUES ('2975', '140', '蒋春明', '精准营销', '编辑短信内容：undefined，服务id：1', 'MODIFY', '2018-09-05 09:22:43', '2018-09-05 09:22:45', '小程序b端服务');
INSERT INTO `system_user_oper_log` VALUES ('2976', '140', '蒋春明', '精准营销', '编辑短信内容：undefined，服务id：1', 'MODIFY', '2018-09-05 09:22:43', '2018-09-05 09:22:46', '小程序b端服务');
INSERT INTO `system_user_oper_log` VALUES ('2977', '140', '蒋春明', '精准营销', '编辑短信内容：undefined，服务id：1', 'MODIFY', '2018-09-05 09:22:44', '2018-09-05 09:22:46', '小程序b端服务');
INSERT INTO `system_user_oper_log` VALUES ('2978', '140', '蒋春明', '精准营销', '编辑短信内容：的，服务id：1', 'MODIFY', '2018-09-05 09:23:51', '2018-09-05 09:23:53', '小程序b端服务');
INSERT INTO `system_user_oper_log` VALUES ('2979', '140', '蒋春明', '精准营销', '编辑短信内容：的，服务id：1', 'MODIFY', '2018-09-05 09:32:31', '2018-09-05 09:32:33', '小程序b端服务');
INSERT INTO `system_user_oper_log` VALUES ('2980', '140', '蒋春明', '精准营销', '编辑短信内容：的，服务id：1', 'MODIFY', '2018-09-05 09:33:02', '2018-09-05 09:33:05', '小程序b端服务');
INSERT INTO `system_user_oper_log` VALUES ('2981', '140', '蒋春明', '精准营销', '编辑短信内容：的，服务id：1', 'MODIFY', '2018-09-05 09:34:03', '2018-09-05 09:34:06', '小程序b端服务');
INSERT INTO `system_user_oper_log` VALUES ('2982', '140', '蒋春明', '精准营销', '编辑短信内容：的，服务id：1', 'MODIFY', '2018-09-05 09:35:36', '2018-09-05 09:35:39', '小程序b端服务');
INSERT INTO `system_user_oper_log` VALUES ('2983', '140', '蒋春明', '精准营销', '编辑短信内容：的，服务id：1', 'MODIFY', '2018-09-05 09:38:23', '2018-09-05 09:38:25', '小程序b端服务');
INSERT INTO `system_user_oper_log` VALUES ('2984', '140', '蒋春明', '精准营销', '编辑短信内容：的，服务id：1', 'MODIFY', '2018-09-05 09:39:29', '2018-09-05 09:39:32', '小程序b端服务');
INSERT INTO `system_user_oper_log` VALUES ('2985', '140', '蒋春明', '精准营销', '编辑短信内容：是，服务id：1', 'MODIFY', '2018-09-05 09:40:15', '2018-09-05 09:40:18', '小程序b端服务');
INSERT INTO `system_user_oper_log` VALUES ('2986', '140', '蒋春明', '精准营销', '编辑短信内容：的，服务id：1', 'MODIFY', '2018-09-05 09:43:05', '2018-09-05 09:43:07', '小程序b端服务');
INSERT INTO `system_user_oper_log` VALUES ('2987', '140', '蒋春明', '自主营销', '编辑短信内容：淡定，服务id：88', 'MODIFY', '2018-09-05 09:45:44', '2018-09-05 09:45:46', '小程序b端服务');
INSERT INTO `system_user_oper_log` VALUES ('2988', '140', '蒋春明', '精准营销', '编辑短信内容：是，服务id：1', 'MODIFY', '2018-09-05 09:48:55', '2018-09-05 09:48:57', '小程序b端服务');
INSERT INTO `system_user_oper_log` VALUES ('2989', '140', '蒋春明', '精准营销', '编辑短信内容：的，服务id：1', 'MODIFY', '2018-09-05 09:50:29', '2018-09-05 09:50:31', '小程序b端服务');
INSERT INTO `system_user_oper_log` VALUES ('2990', '140', '蒋春明', '精准营销', '编辑短信内容：的，服务id：1', 'MODIFY', '2018-09-05 09:52:59', '2018-09-05 09:53:01', '小程序b端服务');
INSERT INTO `system_user_oper_log` VALUES ('2991', '140', '蒋春明', '智能营销', '编辑短信内容：的，服务id：26', 'MODIFY', '2018-09-05 09:53:13', '2018-09-05 09:53:15', '小程序b端服务');
INSERT INTO `system_user_oper_log` VALUES ('2992', '140', '蒋春明', '智能营销', '编辑短信内容：的，服务id：26', 'MODIFY', '2018-09-05 09:56:18', '2018-09-05 09:56:21', '小程序b端服务');
INSERT INTO `system_user_oper_log` VALUES ('2993', '140', '蒋春明', '智能营销', '编辑短信内容：的，服务id：26', 'MODIFY', '2018-09-05 10:00:50', '2018-09-05 10:00:52', '小程序b端服务');
INSERT INTO `system_user_oper_log` VALUES ('2994', '140', '蒋春明', '精准营销', '编辑短信内容：禅道，服务id：1', 'MODIFY', '2018-09-05 15:55:26', '2018-09-05 15:55:25', '小程序b端服务');
INSERT INTO `system_user_oper_log` VALUES ('2995', '140', '蒋春明', '自主营销', '编辑短信内容：的，服务id：92', 'MODIFY', '2018-09-05 15:58:01', '2018-09-05 15:58:00', '小程序b端服务');
INSERT INTO `system_user_oper_log` VALUES ('2996', '139', '崔小崔', '产品管理', '删除产品，产品id：47', 'DELETE', '2018-09-17 16:46:03', '2018-09-17 16:46:01', '小程序b端服务');
INSERT INTO `system_user_oper_log` VALUES ('2997', '139', '崔小崔', '产品管理', '删除产品，产品id：4', 'DELETE', '2018-09-17 16:46:45', '2018-09-17 16:46:43', '小程序b端服务');
INSERT INTO `system_user_oper_log` VALUES ('2998', '139', '崔小崔', '产品管理', '删除产品，产品id：2', 'DELETE', '2018-09-17 16:46:47', '2018-09-17 16:46:45', '小程序b端服务');
INSERT INTO `system_user_oper_log` VALUES ('2999', '139', '崔小崔', '产品管理', '删除产品，产品id：12', 'DELETE', '2018-09-17 16:46:49', '2018-09-17 16:46:47', '小程序b端服务');
INSERT INTO `system_user_oper_log` VALUES ('3000', '139', '崔小崔', '产品管理', '删除产品，产品id：53', 'DELETE', '2018-09-17 16:46:51', '2018-09-17 16:46:48', '小程序b端服务');
INSERT INTO `system_user_oper_log` VALUES ('3001', '139', '崔小崔', '产品管理', '删除产品，产品id：52', 'DELETE', '2018-09-17 16:46:53', '2018-09-17 16:46:50', '小程序b端服务');
INSERT INTO `system_user_oper_log` VALUES ('3002', '139', '崔小崔', '产品管理', '删除产品，产品id：51', 'DELETE', '2018-09-17 16:46:55', '2018-09-17 16:46:52', '小程序b端服务');
INSERT INTO `system_user_oper_log` VALUES ('3003', '139', '崔小崔', '产品管理', '删除产品，产品id：50', 'DELETE', '2018-09-17 16:46:57', '2018-09-17 16:46:54', '小程序b端服务');
INSERT INTO `system_user_oper_log` VALUES ('3004', '139', '崔小崔', '产品管理', '删除产品，产品id：49', 'DELETE', '2018-09-17 16:46:59', '2018-09-17 16:46:56', '小程序b端服务');
INSERT INTO `system_user_oper_log` VALUES ('3005', '139', '崔小崔', '产品管理', '删除产品，产品id：48', 'DELETE', '2018-09-17 16:47:00', '2018-09-17 16:46:58', '小程序b端服务');
INSERT INTO `system_user_oper_log` VALUES ('3006', '139', '崔小崔', '产品管理', '删除产品，产品id：29', 'DELETE', '2018-09-17 16:47:02', '2018-09-17 16:47:00', '小程序b端服务');
INSERT INTO `system_user_oper_log` VALUES ('3007', '139', '崔小崔', '产品管理', '添加产品，产品名称：12', 'ADD', '2018-09-17 17:01:52', '2018-09-17 17:01:50', '小程序b端服务');
INSERT INTO `system_user_oper_log` VALUES ('3008', '139', '崔小崔', '产品管理', '删除产品，产品id：54', 'DELETE', '2018-09-17 17:02:31', '2018-09-17 17:02:29', '小程序b端服务');
